# https://github.com/mikedh/trimesh
v -247.18872070 -207.13499451 0.00000000
v -246.83435059 -196.49351501 0.00000000
v -234.06852722 -207.56239319 0.00000000
v -233.71386719 -196.93202209 0.00000000
v -247.18872070 -207.13499451 4.09999990
v -246.83435059 -196.49351501 4.09999990
v -234.06852722 -207.56239319 4.09999990
v -233.71386719 -196.93202209 4.09999990
v -223.07814026 -280.97302246 0.00000000
v -222.88275146 -274.34216309 0.00000000
v -188.09661865 -285.48333740 0.00000000
v -191.08602905 -283.58230591 0.00000000
v -191.03561401 -281.89404297 0.00000000
v -188.04028320 -283.66174316 0.00000000
v -192.99723816 -275.20602417 0.00000000
v -192.89753723 -271.78509521 0.00000000
v -183.26396179 -285.61807251 0.00000000
v -183.20874023 -283.75210571 0.00000000
v -171.55062866 -286.02514648 0.00000000
v -171.49707031 -284.09262085 0.00000000
v -180.08479309 -273.98495483 0.00000000
v -180.02845764 -272.16336060 0.00000000
v -174.09474182 -274.15740967 0.00000000
v -174.04627991 -272.39151001 0.00000000
v -167.08836365 -286.14694214 0.00000000
v -167.05268860 -284.98068237 0.00000000
v -162.99751282 -285.10150146 0.00000000
v -162.94821167 -283.36886597 0.00000000
v -161.60865784 -276.24334717 0.00000000
v -161.50163269 -272.74456787 0.00000000
v -223.07814026 -280.97302246 4.09999990
v -222.88275146 -274.34216309 4.09999990
v -188.09661865 -285.48333740 4.09999990
v -191.08602905 -283.58230591 4.09999990
v -191.03561401 -281.89404297 4.09999990
v -188.04028320 -283.66174316 4.09999990
v -192.99723816 -275.20602417 4.09999990
v -192.89753723 -271.78509521 4.09999990
v -183.26396179 -285.61807251 4.09999990
v -183.20874023 -283.75210571 4.09999990
v -171.55062866 -286.02514648 4.09999990
v -171.49707031 -284.09262085 4.09999990
v -180.08479309 -273.98495483 4.09999990
v -180.02845764 -272.16336060 4.09999990
v -174.09474182 -274.15740967 4.09999990
v -174.04627991 -272.39151001 4.09999990
v -167.08836365 -286.14694214 4.09999990
v -167.05268860 -284.98068237 4.09999990
v -162.99751282 -285.10150146 4.09999990
v -162.94821167 -283.36886597 4.09999990
v -161.60865784 -276.24334717 4.09999990
v -161.50163269 -272.74456787 4.09999990
v -273.04965210 -82.80792999 0.00000000
v -266.36740112 -82.90758514 0.00000000
v -273.04965210 -82.80792999 4.09999990
v -266.36740112 -82.90758514 4.09999990
v -282.93197632 -72.36637115 0.00000000
v -282.85116577 -67.44759369 0.00000000
v -290.69216919 -51.68318939 0.00000000
v -276.76702881 -75.46450043 0.00000000
v -276.71231079 -72.46646118 0.00000000
v -272.92605591 -75.52404785 0.00000000
v -266.11724854 -67.71821594 0.00000000
v -267.89352417 -52.14654922 0.00000000
v -265.37960815 -49.07606125 0.00000000
v -290.52899170 -5.94104385 0.00000000
v -291.72506714 -3.24058795 0.00000000
v -263.78048706 -6.37246084 0.00000000
v -264.05691528 -4.19289780 0.00000000
v -282.93197632 -72.36637115 4.09999990
v -282.85116577 -67.44759369 4.09999990
v -276.76702881 -75.46450043 4.09999990
v -276.71231079 -72.46646118 4.09999990
v -272.92605591 -75.52404785 4.09999990
v -266.11724854 -67.71821594 4.09999990
v -291.72506714 -3.24058795 6.90000010
v -264.05691528 -4.19289780 6.90000010
v -181.42454529 -123.45240021 2.79999995
v -184.47666931 -121.26437378 2.79999995
v -185.13844299 -117.72927094 2.79999995
v -183.49516296 -114.99128723 2.79999995
v -177.60285950 -122.36930084 2.79999995
v -179.09330750 -114.17118073 2.79999995
v -176.08622742 -120.48907471 2.79999995
v -176.18193054 -116.65129089 2.79999995
v -181.42454529 -123.45240021 4.09999990
v -184.47666931 -121.26437378 4.09999990
v -185.13844299 -117.72927094 4.09999990
v -183.49516296 -114.99128723 4.09999990
v -177.60285950 -122.36930084 4.09999990
v -179.09330750 -114.17118073 4.09999990
v -176.08622742 -120.48907471 4.09999990
v -176.18193054 -116.65129089 4.09999990
v -290.69216919 -51.68318939 12.50000000
v -267.89352417 -52.14654922 12.50000000
v -265.37960815 -49.07606125 12.50000000
v -290.52899170 -5.94104385 12.50000000
v -263.78048706 -6.37246084 12.50000000
v -131.18418884 -284.25265503 0.00000000
v -130.98323059 -277.10003662 0.00000000
v -131.18418884 -284.25265503 4.09999990
v -130.98323059 -277.10003662 4.09999990
v -111.86904144 -166.17956543 0.00000000
v -81.68788910 -155.88215637 0.00000000
v -22.25712395 -262.71353149 0.00000000
v -18.36796379 -265.82412720 0.00000000
v -20.31618309 -263.00921631 0.00000000
v -17.17946625 -260.80004883 0.00000000
v -16.02131081 -276.08749390 0.00000000
v -13.48544979 -276.86779785 0.00000000
v -19.95323563 -260.12557983 0.00000000
v -16.98131752 -243.88061523 0.00000000
v -26.84766960 -241.48501587 0.00000000
v -25.73833466 -234.39855957 0.00000000
v -22.25712395 -262.71353149 6.90000010
v -18.36796379 -265.82412720 6.90000010
v -20.31618309 -263.00921631 6.90000010
v -17.17946625 -260.80004883 6.90000010
v -16.02131081 -276.08749390 6.90000010
v -13.48544979 -276.86779785 6.90000010
v -25.73833466 -234.39855957 4.09999990
v -19.95323563 -260.12557983 6.90000010
v -16.98131752 -243.88061523 6.90000010
v -26.84766960 -241.48501587 6.90000010
v -71.26422882 -157.62008667 0.00000000
v -48.41670227 -181.21253967 0.00000000
v -44.29351425 -164.01766968 0.00000000
v -28.02247238 -214.76629639 0.00000000
v -23.60063934 -194.33425903 0.00000000
v -25.52233505 -189.24342346 0.00000000
v -17.76178360 -150.94796753 0.00000000
v -28.02247238 -214.76629639 4.09999990
v -25.52233505 -189.24342346 4.09999990
v -17.76178360 -150.94796753 4.09999990
v -28.02247238 -214.76629639 9.69999981
v -23.60063934 -194.33425903 9.69999981
v -117.69564056 -125.07073212 0.00000000
v -116.40361786 -93.77330017 0.00000000
v -107.91400909 -149.66587830 0.00000000
v -100.89802551 -129.75735474 0.00000000
v -95.91658020 -114.70532227 0.00000000
v -76.78589630 -135.41592407 0.00000000
v -110.87535095 -99.54000092 0.00000000
v -93.29637146 -103.65222168 0.00000000
v -86.01303864 -100.77364349 0.00000000
v -79.24009705 -105.25517273 0.00000000
v -116.40361786 -93.77330017 4.09999990
v -86.01303864 -100.77364349 4.09999990
v -79.24009705 -105.25517273 6.90000010
v -114.99610901 -36.67945099 0.00000000
v -114.41433716 -19.19549370 0.00000000
v -114.01093292 -5.68933773 0.00000000
v -107.26170349 -54.48881149 0.00000000
v -94.75544739 -57.37345505 0.00000000
v -91.27882385 -42.44773865 0.00000000
v -90.85444641 -40.17300797 0.00000000
v -104.04824066 -37.17231369 0.00000000
v -101.92836761 -26.83090973 0.00000000
v -96.68515015 -38.97542191 0.00000000
v -100.49793243 -22.23365402 0.00000000
v -100.91925812 -22.03328323 0.00000000
v -94.19514465 -28.63589096 0.00000000
v -97.68719482 -9.54428768 0.00000000
v -90.26818085 -38.08292770 0.00000000
v -107.26170349 -54.48881149 4.09999990
v -94.75544739 -57.37345505 4.09999990
v -91.27882385 -42.44773865 4.09999990
v -90.85444641 -40.17300797 4.09999990
v -90.26818085 -38.08292770 4.09999990
v -66.70590210 -138.58305359 0.00000000
v -45.14239883 -143.69480896 0.00000000
v -41.29582214 -127.65000916 0.00000000
v -55.48936844 -88.24804688 0.00000000
v -20.83698082 -150.05902100 0.00000000
v -27.42015457 -117.92571259 0.00000000
v -16.25517273 -128.99037170 0.00000000
v 0.02433198 -130.33825684 0.00000000
v -22.38365746 -96.16870117 0.00000000
v -6.11507702 -91.87868500 0.00000000
v -55.48936844 -88.24804688 6.90000010
v -20.83698082 -150.05902100 4.09999990
v -16.25517273 -128.99037170 4.09999990
v 0.02433198 -130.33825684 4.09999990
v -27.42015457 -117.92571259 6.90000010
v -22.38365746 -96.16870117 6.90000010
v -6.11507702 -91.87868500 6.90000010
v -72.38343048 -42.20976257 0.00000000
v -63.25120926 -40.38389587 0.00000000
v -49.18858337 -62.65263367 0.00000000
v -18.41947556 -72.21867371 0.00000000
v -21.23980331 -71.53424835 0.00000000
v -20.76116180 -69.58003998 0.00000000
v -15.84113789 -70.98904419 0.00000000
v -13.61155605 -51.31088257 0.00000000
v -11.64437962 -54.51379013 0.00000000
v -9.31208515 -42.66878891 0.00000000
v -2.58927393 -13.21163559 0.00000000
v -72.38343048 -42.20976257 4.09999990
v -63.25120926 -40.38389587 6.90000010
v -49.18858337 -62.65263367 6.90000010
v -18.41947556 -72.21867371 6.90000010
v -21.23980331 -71.53424835 6.90000010
v -20.76116180 -69.58003998 6.90000010
v -15.84113789 -70.98904419 6.90000010
v -13.61155605 -51.31088257 6.90000010
v -11.64437962 -54.51379013 6.90000010
v -114.99610901 -36.67945099 9.69999981
v -114.41433716 -19.19549370 9.69999981
v -114.01093292 -5.68933773 9.69999981
v -91.27882385 -42.44773865 9.69999981
v -90.85444641 -40.17300797 9.69999981
v -104.04824066 -37.17231369 9.69999981
v -101.92836761 -26.83090973 9.69999981
v -96.68515015 -38.97542191 9.69999981
v -100.91925812 -22.03328323 9.69999981
v -97.68719482 -9.54428768 9.69999981
v -104.04824066 -37.17231369 12.50000000
v -101.92836761 -26.83090973 12.50000000
v -96.68515015 -38.97542191 12.50000000
v -94.19514465 -28.63589096 12.50000000
v -111.86904144 -166.17956543 20.89999962
v -81.68788910 -155.88215637 20.89999962
v -71.26422882 -157.62008667 20.89999962
v -48.41670227 -181.21253967 20.89999962
v -44.29351425 -164.01766968 20.89999962
v -117.69564056 -125.07073212 20.89999962
v -107.91400909 -149.66587830 20.89999962
v -100.89802551 -129.75735474 20.89999962
v -95.91658020 -114.70532227 20.89999962
v -76.78589630 -135.41592407 20.89999962
v -110.87535095 -99.54000092 20.89999962
v -93.29637146 -103.65222168 20.89999962
v -66.70590210 -138.58305359 20.89999962
v -45.14239883 -143.69480896 20.89999962
v -41.29582214 -127.65000916 20.89999962
v -100.49793243 -22.23365402 23.70000076
v -9.31208515 -42.66878891 23.70000076
v -2.58927393 -13.21163559 23.70000076
v -290.69467163 26.28567886 0.00000000
v -263.02642822 25.33336067 0.00000000
v -299.58825684 53.45556259 0.00000000
v -299.70773315 69.36823273 0.00000000
v -279.80252075 53.61626053 0.00000000
v -279.92196655 69.52893066 0.00000000
v -244.71142578 13.98116398 0.00000000
v -243.93161011 21.29251289 0.00000000
v -238.73785400 13.36436272 0.00000000
v -237.96702576 20.66438866 0.00000000
v -236.90133667 51.37908173 0.00000000
v -235.59304810 66.80571747 0.00000000
v -290.69467163 26.28567886 6.90000010
v -263.02642822 25.33336067 6.90000010
v -299.58825684 53.45556259 6.90000010
v -299.70773315 69.36823273 6.90000010
v -279.80252075 53.61626053 6.90000010
v -279.92196655 69.52893066 6.90000010
v -244.71142578 13.98116398 4.09999990
v -243.93161011 21.29251289 4.09999990
v -238.73785400 13.36436272 4.09999990
v -237.96702576 20.66438866 4.09999990
v -216.68174744 49.35291672 0.00000000
v -216.27478027 51.58282089 0.00000000
v -197.77462769 62.85444641 0.00000000
v -158.32055664 38.94383621 0.00000000
v -161.63749695 45.44269180 0.00000000
v -158.96063232 67.95114899 0.00000000
v -160.46743774 69.75597382 0.00000000
v -156.06143188 53.71713638 0.00000000
v -158.32055664 38.94383621 6.90000010
v -156.06143188 53.71713638 6.90000010
v -196.74009705 73.67935181 0.00000000
v -194.35006714 157.76774597 0.00000000
v -190.38537598 195.41374207 0.00000000
v -178.20069885 156.09501648 0.00000000
v -174.24519348 193.74078369 0.00000000
v -194.35006714 157.76774597 6.90000010
v -190.38537598 195.41374207 6.90000010
v -178.20069885 156.09501648 6.90000010
v -174.24519348 193.74078369 6.90000010
v -115.18332672 32.42787933 0.00000000
v -147.44685364 62.57788467 0.00000000
v -144.95783997 62.19599915 0.00000000
v -144.10813904 67.07844543 0.00000000
v -112.22447968 61.81348419 0.00000000
v -93.36124420 7.31159115 0.00000000
v -102.41013336 34.05598831 0.00000000
v -97.51369476 54.37780762 0.00000000
v -99.98344421 58.81123352 0.00000000
v -98.75138092 70.99509430 0.00000000
v -77.99713135 52.34491730 0.00000000
v -79.53527069 60.97470474 0.00000000
v -77.69565582 56.58105850 0.00000000
v -77.27230835 60.75364685 0.00000000
v -78.72652435 68.98596954 0.00000000
v -115.18332672 32.42787933 6.90000010
v -147.44685364 62.57788467 6.90000010
v -144.95783997 62.19599915 6.90000010
v -144.10813904 67.07844543 6.90000010
v -112.22447968 61.81348419 6.90000010
v -99.98344421 58.81123352 6.90000010
v -98.75138092 70.99509430 6.90000010
v -79.53527069 60.97470474 6.90000010
v -77.69565582 56.58105850 6.90000010
v -77.27230835 60.75364685 6.90000010
v -78.72652435 68.98596954 6.90000010
v -121.51993561 91.39300537 0.00000000
v -130.38673401 125.30062866 0.00000000
v -119.70478058 113.95764923 0.00000000
v -98.66028595 85.52564240 0.00000000
v -108.86605072 90.38773346 0.00000000
v -97.39424896 100.42954254 0.00000000
v -91.63263702 84.93502045 0.00000000
v -90.36659241 99.83892059 0.00000000
v -107.06038666 112.96323395 0.00000000
v -105.83346558 123.12699127 0.00000000
v -93.43458557 125.30068207 0.00000000
v -121.51993561 91.39300537 6.90000010
v -119.70478058 113.95764923 6.90000010
v -98.66028595 85.52564240 6.90000010
v -108.86605072 90.38773346 6.90000010
v -97.39424896 100.42954254 6.90000010
v -91.63263702 84.93502045 6.90000010
v -90.36659241 99.83892059 6.90000010
v -107.06038666 112.96323395 6.90000010
v -18.37390709 11.33388901 0.00000000
v -18.06036377 14.71572495 0.00000000
v -17.70426750 20.47375488 0.00000000
v -17.56151581 22.54167938 0.00000000
v -17.30332184 26.28839493 0.00000000
v -16.98894691 29.63695526 0.00000000
v -16.82431984 33.42573166 0.00000000
v -3.60478091 7.86178732 0.00000000
v -15.29571533 19.97884178 0.00000000
v -14.77221584 21.98966408 0.00000000
v -13.01820660 28.82581329 0.00000000
v -12.50435448 30.48123550 0.00000000
v -12.13637829 32.42158890 0.00000000
v -3.50109911 17.80885315 0.00000000
v -2.65587902 22.50249290 0.00000000
v -1.28699303 17.32019043 0.00000000
v -1.39762497 27.32850838 0.00000000
v 0.12059897 32.86022568 0.00000000
v -16.47821045 36.98596191 0.00000000
v -16.08795738 41.00233459 0.00000000
v -10.67854309 40.00507355 0.00000000
v -10.16800594 41.79359436 0.00000000
v -12.79447937 49.91902161 0.00000000
v -11.46013832 46.12320328 0.00000000
v -10.62149620 49.59581757 0.00000000
v -7.06826019 42.89192963 0.00000000
v 1.60814393 39.62313843 0.00000000
v -6.57387781 44.95751953 0.00000000
v -4.82649088 52.05987167 0.00000000
v -11.85400581 53.76042938 0.00000000
v -11.37374973 57.13532257 0.00000000
v -10.57596016 60.76229858 0.00000000
v -9.75774288 64.31208801 0.00000000
v -8.97485065 67.79441071 0.00000000
v -6.46780300 53.69488144 0.00000000
v -6.10286617 55.75724411 0.00000000
v -4.51617289 53.34395981 0.00000000
v -4.36100388 63.08143234 0.00000000
v -4.01840019 64.55500793 0.00000000
v -3.49682999 66.64347076 0.00000000
v -18.37390709 11.33388901 6.90000010
v -18.06036377 14.71572495 6.90000010
v -17.70426750 20.47375488 6.90000010
v -17.56151581 22.54167938 6.90000010
v -17.30332184 26.28839493 6.90000010
v -16.98894691 29.63695526 6.90000010
v -16.82431984 33.42573166 6.90000010
v -3.60478091 7.86178732 6.90000010
v -15.29571533 19.97884178 6.90000010
v -14.77221584 21.98966408 6.90000010
v -13.01820660 28.82581329 6.90000010
v -12.50435448 30.48123550 6.90000010
v -12.13637829 32.42158890 6.90000010
v -3.50109911 17.80885315 6.90000010
v -2.65587902 22.50249290 6.90000010
v -1.28699303 17.32019043 6.90000010
v -1.39762497 27.32850838 6.90000010
v 0.12059897 32.86022568 6.90000010
v -16.47821045 36.98596191 6.90000010
v -16.08795738 41.00233459 6.90000010
v -10.67854309 40.00507355 6.90000010
v -10.16800594 41.79359436 6.90000010
v -12.79447937 49.91902161 6.90000010
v -11.46013832 46.12320328 6.90000010
v -10.62149620 49.59581757 6.90000010
v -7.06826019 42.89192963 6.90000010
v 1.60814393 39.62313843 6.90000010
v -6.57387781 44.95751953 6.90000010
v -4.82649088 52.05987167 6.90000010
v -11.85400581 53.76042938 6.90000010
v -11.37374973 57.13532257 6.90000010
v -10.57596016 60.76229858 6.90000010
v -9.75774288 64.31208801 6.90000010
v -8.97485065 67.79441071 6.90000010
v -6.46780300 53.69488144 6.90000010
v -6.10286617 55.75724411 6.90000010
v -4.51617289 53.34395981 6.90000010
v -4.36100388 63.08143234 6.90000010
v -4.01840019 64.55500793 6.90000010
v -3.49682999 66.64347076 6.90000010
v -72.81365967 109.03340149 0.00000000
v -72.23947144 122.74358368 0.00000000
v -69.42657471 123.10226440 0.00000000
v -58.61098862 121.98451233 0.00000000
v -56.53361511 121.41475677 0.00000000
v -69.65807343 143.89556885 0.00000000
v -33.74250412 104.19149780 0.00000000
v -33.57364273 105.58305359 0.00000000
v -13.01295567 72.42184448 0.00000000
v -8.17195988 71.58799744 0.00000000
v -32.38927841 118.94217682 0.00000000
v -29.69766426 118.59860229 0.00000000
v -23.44323730 118.22173309 0.00000000
v -17.89827919 117.72729492 0.00000000
v -18.25258064 126.37549591 0.00000000
v -17.18761253 126.33544159 0.00000000
v -29.02992249 127.07249451 0.00000000
v -26.74790192 126.82969666 0.00000000
v -19.11952591 130.34944153 0.00000000
v -17.91420555 130.24629211 0.00000000
v -25.88689995 137.57255554 0.00000000
v -21.83759880 136.95205688 0.00000000
v -18.57410049 136.67822266 0.00000000
v -10.21303749 117.10860443 0.00000000
v -9.51133442 125.70542908 0.00000000
v -4.17954111 116.31556702 0.00000000
v 1.70752299 115.82964325 0.00000000
v -14.70109940 134.22203064 0.00000000
v -4.91708803 133.28938293 0.00000000
v 0.91300899 128.40692139 0.00000000
v -2.73115611 138.01641846 0.00000000
v -2.78995013 138.14814758 0.00000000
v 1.38492596 137.68614197 0.00000000
v -56.53361511 121.41475677 4.09999990
v -69.42657471 123.10226440 6.90000010
v -58.61098862 121.98451233 6.90000010
v -8.17195988 71.58799744 6.90000010
v -32.38927841 118.94217682 4.09999990
v -29.69766426 118.59860229 4.09999990
v -23.44323730 118.22173309 4.09999990
v -17.89827919 117.72729492 4.09999990
v -18.25258064 126.37549591 4.09999990
v -17.18761253 126.33544159 4.09999990
v -29.02992249 127.07249451 4.09999990
v -26.74790192 126.82969666 4.09999990
v -19.11952591 130.34944153 4.09999990
v -17.91420555 130.24629211 4.09999990
v -25.88689995 137.57255554 4.09999990
v -21.83759880 136.95205688 4.09999990
v -18.57410049 136.67822266 4.09999990
v -10.21303749 117.10860443 4.09999990
v -9.51133442 125.70542908 4.09999990
v -4.17954111 116.31556702 4.09999990
v 1.70752299 115.82964325 4.09999990
v 0.91300899 128.40692139 4.09999990
v -2.73115611 138.01641846 4.09999990
v -2.78995013 138.14814758 4.09999990
v 1.38492596 137.68614197 4.09999990
v -14.70109940 134.22203064 6.90000010
v -4.91708803 133.28938293 6.90000010
v -130.38673401 125.30062866 9.69999981
v -105.83346558 123.12699127 9.69999981
v -93.43458557 125.30068207 9.69999981
v -72.23947144 122.74358368 9.69999981
v -69.65807343 143.89556885 9.69999981
v -127.33922577 159.29443359 0.00000000
v -102.78587341 157.12077332 0.00000000
v -92.86692047 151.51901245 0.00000000
v -90.85322571 146.45268250 0.00000000
v -89.66234589 194.80635071 0.00000000
v -88.29983521 194.70713806 0.00000000
v -87.94910431 199.56604004 0.00000000
v -92.86692047 151.51901245 6.90000010
v -89.66234589 194.80635071 6.90000010
v -88.29983521 194.70713806 6.90000010
v -87.94910431 199.56604004 6.90000010
v -70.10269928 149.85560608 0.00000000
v -65.84466553 157.56439209 0.00000000
v -64.78402710 162.15242004 0.00000000
v -55.02931213 156.45773315 0.00000000
v -53.29947662 157.21116638 0.00000000
v -53.67294693 158.08975220 0.00000000
v -53.78663635 160.79501343 0.00000000
v -69.28262329 190.81936646 0.00000000
v -67.07649231 190.65237427 0.00000000
v -68.73464966 198.15820312 0.00000000
v -61.76860428 194.10321045 0.00000000
v -58.36500549 193.77738953 0.00000000
v -57.75515366 200.11888123 0.00000000
v -50.33205032 199.62687683 0.00000000
v -50.12863159 199.63194275 0.00000000
v -36.43189240 195.76687622 0.00000000
v -38.99076462 195.98057556 0.00000000
v -38.66545105 198.51919556 0.00000000
v -35.89440155 200.18647766 0.00000000
v -28.68543053 154.82795715 0.00000000
v -26.92576599 155.12709045 0.00000000
v -22.53511047 156.40187073 0.00000000
v -12.74923611 154.28172302 0.00000000
v -2.97417402 153.33773804 0.00000000
v -2.20320010 154.69990540 0.00000000
v -0.72970504 165.36921692 0.00000000
v 1.95983493 165.48063660 0.00000000
v -27.86063957 185.21470642 0.00000000
v -25.05311775 182.07713318 0.00000000
v -22.38491249 184.52986145 0.00000000
v -20.27855682 184.28268433 0.00000000
v -34.68056107 201.22671509 0.00000000
v -26.73693466 201.38029480 0.00000000
v -20.57313538 201.30082703 0.00000000
v 1.86555195 201.93768311 0.00000000
v -53.29947662 157.21116638 4.09999990
v -53.67294693 158.08975220 4.09999990
v -70.10269928 149.85560608 6.90000010
v -65.84466553 157.56439209 6.90000010
v -64.78402710 162.15242004 6.90000010
v -55.02931213 156.45773315 6.90000010
v -53.78663635 160.79501343 6.90000010
v -50.12863159 199.63194275 4.09999990
v -36.43189240 195.76687622 4.09999990
v -38.99076462 195.98057556 4.09999990
v -38.66545105 198.51919556 4.09999990
v -35.89440155 200.18647766 4.09999990
v -69.28262329 190.81936646 6.90000010
v -67.07649231 190.65237427 6.90000010
v -68.73464966 198.15820312 6.90000010
v -61.76860428 194.10321045 6.90000010
v -58.36500549 193.77738953 6.90000010
v -57.75515366 200.11888123 6.90000010
v -50.33205032 199.62687683 6.90000010
v -28.68543053 154.82795715 4.09999990
v -26.92576599 155.12709045 4.09999990
v -22.53511047 156.40187073 4.09999990
v -2.20320010 154.69990540 4.09999990
v -0.72970504 165.36921692 4.09999990
v 1.95983493 165.48063660 4.09999990
v -12.74923611 154.28172302 6.90000010
v -2.97417402 153.33773804 6.90000010
v -27.86063957 185.21470642 4.09999990
v -25.05311775 182.07713318 4.09999990
v -22.38491249 184.52986145 4.09999990
v -20.27855682 184.28268433 4.09999990
v -34.68056107 201.22671509 4.09999990
v -26.73693466 201.38029480 4.09999990
v -20.57313538 201.30082703 4.09999990
v 1.86555195 201.93768311 4.09999990
v -29.88545418 225.99655151 0.00000000
v -34.67049026 230.15031433 0.00000000
v -35.43017960 251.35220337 0.00000000
v -127.33922577 159.29443359 9.69999981
v -102.78587341 157.12077332 9.69999981
v -90.85322571 146.45268250 9.69999981
v -236.90133667 51.37908173 20.89999962
v -235.59304810 66.80571747 20.89999962
v -216.68174744 49.35291672 20.89999962
v -216.27478027 51.58282089 20.89999962
v -197.77462769 62.85444641 20.89999962
v -161.63749695 45.44269180 20.89999962
v -158.96063232 67.95114899 20.89999962
v -160.46743774 69.75597382 20.89999962
v -196.74009705 73.67935181 20.89999962
v -93.36124420 7.31159115 23.70000076
v -102.41013336 34.05598831 29.29999924
v -97.51369476 54.37780762 29.29999924
v -77.99713135 52.34491730 29.29999924
v -77.69565582 56.58105850 29.29999924
v -77.27230835 60.75364685 29.29999924
v -18.06036377 14.71572495 29.29999924
v -17.70426750 20.47375488 29.29999924
v -17.56151581 22.54167938 29.29999924
v -17.30332184 26.28839493 29.29999924
v -16.98894691 29.63695526 29.29999924
v -16.82431984 33.42573166 29.29999924
v -16.47821045 36.98596191 29.29999924
v -16.08795738 41.00233459 29.29999924
v -72.81365967 109.03340149 29.29999924
v -33.74250412 104.19149780 29.29999924
v -33.57364273 105.58305359 29.29999924
v -13.01295567 72.42184448 29.29999924
v -8.17195988 71.58799744 29.29999924
v -29.88545418 225.99655151 20.89999962
v -34.67049026 230.15031433 20.89999962
v -35.43017960 251.35220337 20.89999962
v 20.22154999 -252.88682556 0.00000000
v 16.92930794 -244.40061951 0.00000000
v 28.02133942 -246.97659302 0.00000000
v 21.12623405 -226.44923401 0.00000000
v 37.61648178 -241.08822632 0.00000000
v 45.74295425 -271.30740356 0.00000000
v 64.62573242 -295.83129883 0.00000000
v 63.87112427 -290.42282104 0.00000000
v 63.44584274 -287.09268188 0.00000000
v 71.24050903 -297.68646240 0.00000000
v 70.81249237 -294.98904419 0.00000000
v 69.90998840 -286.24349976 0.00000000
v 69.50907898 -281.29235840 0.00000000
v 63.26028061 -275.93197632 0.00000000
v 69.23882294 -275.27246094 0.00000000
v 70.89821625 -270.58074951 0.00000000
v 74.13456726 -271.99844360 0.00000000
v 58.05333328 -225.12953186 0.00000000
v 16.92930794 -244.40061951 4.09999990
v 21.12623405 -226.44923401 4.09999990
v 20.22154999 -252.88682556 6.90000010
v 64.62573242 -295.83129883 4.09999990
v 63.87112427 -290.42282104 4.09999990
v 63.44584274 -287.09268188 4.09999990
v 71.24050903 -297.68646240 4.09999990
v 70.81249237 -294.98904419 4.09999990
v 69.90998840 -286.24349976 4.09999990
v 69.50907898 -281.29235840 4.09999990
v 69.23882294 -275.27246094 4.09999990
v 74.13456726 -271.99844360 4.09999990
v 7.34005499 -198.92382812 0.00000000
v 7.39710283 -196.75814819 0.00000000
v 11.93593502 -202.54957581 0.00000000
v 12.49597740 -200.14938354 0.00000000
v 15.86061478 -158.82255554 0.00000000
v 25.24667740 -150.10922241 0.00000000
v 44.67024612 -210.43528748 0.00000000
v 40.94869614 -209.59571838 0.00000000
v 56.35808182 -222.44148254 0.00000000
v 42.45181656 -203.08769226 0.00000000
v 45.13147736 -203.69795227 0.00000000
v 59.31162643 -209.53773499 0.00000000
v 65.42321777 -195.27894592 0.00000000
v 70.95391083 -187.03906250 0.00000000
v 55.88879013 -157.19252014 0.00000000
v 54.32523346 -156.07720947 0.00000000
v 67.52035522 -186.24780273 0.00000000
v 72.47191620 -165.90252686 0.00000000
v 75.64231873 -166.90011597 0.00000000
v 74.72982025 -156.26805115 0.00000000
v 7.39710283 -196.75814819 4.09999990
v 15.86061478 -158.82255554 4.09999990
v 25.24667740 -150.10922241 4.09999990
v 56.35808182 -222.44148254 4.09999990
v 59.31162643 -209.53773499 4.09999990
v 65.42321777 -195.27894592 6.90000010
v 70.95391083 -187.03906250 6.90000010
v 54.32523346 -156.07720947 4.09999990
v 67.52035522 -186.24780273 6.90000010
v 72.47191620 -165.90252686 6.90000010
v 75.64231873 -166.90011597 6.90000010
v 74.72982025 -156.26805115 6.90000010
v 81.10060120 -296.86367798 0.00000000
v 80.09614563 -288.85321045 0.00000000
v 79.48041534 -280.47787476 0.00000000
v 95.10250854 -295.92660522 0.00000000
v 92.55229950 -285.65719604 0.00000000
v 94.34822845 -287.18847656 0.00000000
v 79.16646576 -276.04620361 0.00000000
v 80.74583435 -275.94027710 0.00000000
v 80.42967987 -271.41986084 0.00000000
v 91.26804352 -270.12875366 0.00000000
v 105.74035645 -286.21655273 0.00000000
v 106.48538208 -294.95489502 0.00000000
v 108.09976959 -284.37088013 0.00000000
v 109.12687683 -284.37860107 0.00000000
v 106.80657196 -268.85375977 0.00000000
v 107.63318634 -269.35479736 0.00000000
v 81.38211823 -231.29634094 0.00000000
v 82.10237122 -228.27062988 0.00000000
v 124.10511780 -282.89559937 0.00000000
v 134.14228821 -282.86755371 0.00000000
v 122.61172485 -267.88290405 0.00000000
v 132.49293518 -266.04965210 0.00000000
v 146.11883545 -281.95883179 0.00000000
v 146.11883545 -281.95883179 0.00000000
v 152.23124695 -281.47360229 0.00000000
v 151.86613464 -276.84344482 0.00000000
v 144.72175598 -264.86825562 0.00000000
v 144.73664856 -264.72360229 0.00000000
v 140.18124390 -253.80491638 0.00000000
v 144.80079651 -235.35472107 0.00000000
v 81.10060120 -296.86367798 4.09999990
v 80.09614563 -288.85321045 4.09999990
v 79.48041534 -280.47787476 4.09999990
v 95.10250854 -295.92660522 4.09999990
v 92.55229950 -285.65719604 4.09999990
v 94.34822845 -287.18847656 4.09999990
v 79.16646576 -276.04620361 4.09999990
v 80.74583435 -275.94027710 4.09999990
v 80.42967987 -271.41986084 4.09999990
v 91.26804352 -270.12875366 4.09999990
v 105.74035645 -286.21655273 4.09999990
v 106.48538208 -294.95489502 4.09999990
v 108.09976959 -284.37088013 4.09999990
v 109.12687683 -284.37860107 4.09999990
v 106.80657196 -268.85375977 4.09999990
v 107.63318634 -269.35479736 4.09999990
v 82.10237122 -228.27062988 4.09999990
v 124.10511780 -282.89559937 4.09999990
v 134.14228821 -282.86755371 4.09999990
v 122.61172485 -267.88290405 4.09999990
v 132.49293518 -266.04965210 4.09999990
v 146.11883545 -281.95883179 4.09999990
v 146.11883545 -281.95883179 4.09999990
v 152.23124695 -281.47360229 4.09999990
v 151.86613464 -276.84344482 4.09999990
v 144.72175598 -264.86825562 4.09999990
v 144.73664856 -264.72360229 4.09999990
v 140.18124390 -253.80491638 4.09999990
v 144.80079651 -235.35472107 4.09999990
v 78.11518097 -213.79731750 0.00000000
v 80.55947876 -203.10382080 0.00000000
v 87.50949860 -204.67317200 0.00000000
v 88.44362640 -200.57666016 0.00000000
v 97.42713165 -161.96229553 0.00000000
v 100.20442200 -154.97859192 0.00000000
v 78.11518097 -213.79731750 4.09999990
v 80.55947876 -203.10382080 4.09999990
v 87.50949860 -204.67317200 4.09999990
v 88.44362640 -200.57666016 6.90000010
v 100.20442200 -154.97859192 4.09999990
v 97.42713165 -161.96229553 6.90000010
v 16.92930794 -244.40061951 9.69999981
v 28.02133942 -246.97659302 9.69999981
v 21.12623405 -226.44923401 9.69999981
v 37.61648178 -241.08822632 9.69999981
v 45.74295425 -271.30740356 9.69999981
v 63.26028061 -275.93197632 9.69999981
v 70.89821625 -270.58074951 9.69999981
v 58.05333328 -225.12953186 9.69999981
v 7.34005499 -198.92382812 9.69999981
v 11.93593502 -202.54957581 9.69999981
v 12.49597740 -200.14938354 9.69999981
v 44.67024612 -210.43528748 9.69999981
v 40.94869614 -209.59571838 9.69999981
v 42.45181656 -203.08769226 9.69999981
v 45.13147736 -203.69795227 9.69999981
v 55.88879013 -157.19252014 9.69999981
v 81.38211823 -231.29634094 9.69999981
v 18.41571617 -149.23616028 0.00000000
v 18.41571617 -149.23616028 0.00000000
v 19.61697769 -148.80667114 0.00000000
v 19.88796425 -136.29161072 0.00000000
v 25.43460846 -149.48300171 0.00000000
v 21.19722939 -142.05253601 0.00000000
v 22.50919342 -142.35281372 0.00000000
v 23.56196022 -137.82048035 0.00000000
v 6.70057487 -100.87116241 0.00000000
v 10.35584641 -95.70793915 0.00000000
v 6.26378679 -89.28384399 0.00000000
v 11.21402073 -90.79199982 0.00000000
v 15.04126072 -78.42140961 0.00000000
v 46.57044601 -140.77656555 0.00000000
v 56.79077911 -145.49415588 0.00000000
v 75.29966736 -149.06185913 0.00000000
v 41.27268600 -108.61120605 0.00000000
v 42.55561066 -102.91887665 0.00000000
v 54.53871918 -105.60586548 0.00000000
v 52.25934219 -87.27202606 0.00000000
v 18.41571617 -149.23616028 4.09999990
v 19.61697769 -148.80667114 4.09999990
v 19.88796425 -136.29161072 4.09999990
v 25.43460846 -149.48300171 4.09999990
v 21.19722939 -142.05253601 4.09999990
v 22.50919342 -142.35281372 4.09999990
v 23.56196022 -137.82048035 4.09999990
v 6.70057487 -100.87116241 4.09999990
v 10.35584641 -95.70793915 6.90000010
v 6.26378679 -89.28384399 6.90000010
v 11.21402073 -90.79199982 6.90000010
v 15.04126072 -78.42140961 6.90000010
v 46.57044601 -140.77656555 4.09999990
v 56.79077911 -145.49415588 4.09999990
v 75.29966736 -149.06185913 4.09999990
v 41.27268600 -108.61120605 4.09999990
v 42.55561066 -102.91887665 4.09999990
v 54.53871918 -105.60586548 4.09999990
v 52.25934219 -87.27202606 6.90000010
v 19.23658562 -63.00058746 0.00000000
v 15.97818470 -52.90422440 0.00000000
v 20.62344360 -54.05373001 0.00000000
v 17.61197281 -45.32746124 0.00000000
v 22.36376381 -46.29673004 0.00000000
v 10.81434822 -22.03408813 0.00000000
v 15.99065781 -19.61875725 0.00000000
v 22.89306450 -20.75641441 0.00000000
v 23.37197113 -18.06968117 0.00000000
v 56.76325607 -70.86685181 0.00000000
v 40.59108353 -50.43743515 0.00000000
v 41.56467819 -50.52416611 0.00000000
v 73.97048187 -58.57358932 0.00000000
v 63.87792206 -56.01704788 0.00000000
v 74.43424225 -56.76403809 0.00000000
v 47.29199600 -26.40816498 0.00000000
v 46.81304169 -23.52332497 0.00000000
v 51.03511429 -4.71674061 0.00000000
v 70.03199005 -31.94592667 0.00000000
v 68.99629974 -8.94182873 0.00000000
v 70.76751709 -8.36496162 0.00000000
v 17.61197281 -45.32746124 4.09999990
v 22.36376381 -46.29673004 4.09999990
v 19.23658562 -63.00058746 6.90000010
v 15.97818470 -52.90422440 6.90000010
v 20.62344360 -54.05373001 6.90000010
v 17.61197281 -45.32746124 6.90000010
v 22.36376381 -46.29673004 6.90000010
v 22.89306450 -20.75641441 4.09999990
v 23.37197113 -18.06968117 4.09999990
v 10.81434822 -22.03408813 6.90000010
v 15.99065781 -19.61875725 6.90000010
v 22.89306450 -20.75641441 6.90000010
v 40.59108353 -50.43743515 4.09999990
v 41.56467819 -50.52416611 4.09999990
v 63.87792206 -56.01704788 4.09999990
v 56.76325607 -70.86685181 6.90000010
v 47.29199600 -26.40816498 4.09999990
v 46.81304169 -23.52332497 4.09999990
v 51.03511429 -4.71674061 4.09999990
v 70.03199005 -31.94592667 4.09999990
v 68.99629974 -8.94182873 4.09999990
v 70.76751709 -8.36496162 4.09999990
v 78.04616547 -137.12887573 0.00000000
v 78.09735107 -136.58375549 0.00000000
v 80.91244507 -124.80445099 0.00000000
v 80.77611542 -125.27399445 0.00000000
v 98.84917450 -141.42749023 0.00000000
v 102.62609100 -142.63195801 0.00000000
v 101.51898956 -130.12904358 0.00000000
v 105.19984436 -130.44801331 0.00000000
v 86.24689484 -100.14332581 0.00000000
v 86.60763550 -100.51169586 0.00000000
v 90.65831757 -80.76600647 0.00000000
v 90.97474670 -80.46955872 0.00000000
v 110.89481354 -106.14418030 0.00000000
v 110.94848633 -105.69889069 0.00000000
v 115.35070038 -86.32181549 0.00000000
v 115.62409210 -118.46807098 0.00000000
v 121.35994720 -121.43284607 0.00000000
v 121.71912384 -119.88117218 0.00000000
v 131.83743286 -123.84667206 0.00000000
v 131.42077637 -116.77604675 0.00000000
v 133.38438416 -117.23768616 0.00000000
v 152.35223389 -119.17369080 0.00000000
v 117.85597229 -108.90084839 0.00000000
v 122.51774597 -109.97229767 0.00000000
v 120.44331360 -98.00402832 0.00000000
v 125.05886078 -99.07662964 0.00000000
v 128.18943787 -96.24617004 0.00000000
v 115.60433960 -86.10462189 0.00000000
v 121.22899628 -94.63263702 0.00000000
v 128.54888916 -94.70558929 0.00000000
v 134.84017944 -102.14042664 0.00000000
v 136.18940735 -102.45088959 0.00000000
v 137.50991821 -96.77983856 0.00000000
v 78.04616547 -137.12887573 4.09999990
v 78.09735107 -136.58375549 4.09999990
v 80.91244507 -124.80445099 4.09999990
v 80.77611542 -125.27399445 4.09999990
v 98.84917450 -141.42749023 4.09999990
v 102.62609100 -142.63195801 4.09999990
v 101.51898956 -130.12904358 4.09999990
v 105.19984436 -130.44801331 4.09999990
v 86.24689484 -100.14332581 4.09999990
v 86.60763550 -100.51169586 4.09999990
v 90.65831757 -80.76600647 4.09999990
v 110.89481354 -106.14418030 4.09999990
v 110.94848633 -105.69889069 4.09999990
v 115.35070038 -86.32181549 4.09999990
v 90.97474670 -80.46955872 6.90000010
v 115.62409210 -118.46807098 4.09999990
v 121.35994720 -121.43284607 4.09999990
v 121.71912384 -119.88117218 4.09999990
v 131.83743286 -123.84667206 4.09999990
v 131.42077637 -116.77604675 4.09999990
v 133.38438416 -117.23768616 4.09999990
v 152.35223389 -119.17369080 6.90000010
v 117.85597229 -108.90084839 4.09999990
v 122.51774597 -109.97229767 4.09999990
v 120.44331360 -98.00402832 4.09999990
v 125.05886078 -99.07662964 4.09999990
v 128.18943787 -96.24617004 4.09999990
v 121.22899628 -94.63263702 4.09999990
v 128.54888916 -94.70558929 4.09999990
v 134.84017944 -102.14042664 4.09999990
v 136.18940735 -102.45088959 4.09999990
v 137.50991821 -96.77983856 4.09999990
v 115.60433960 -86.10462189 6.90000010
v 95.00811768 -62.99954224 0.00000000
v 78.60517883 -57.81439972 0.00000000
v 93.73917389 -56.62717819 0.00000000
v 103.30373383 -64.35781860 0.00000000
v 104.28559875 -59.20574188 0.00000000
v 84.28599548 -35.54197693 0.00000000
v 89.87368011 -12.87232876 0.00000000
v 98.87329102 -35.43386459 0.00000000
v 96.87584686 -13.92986202 0.00000000
v 114.08004761 -17.85202408 0.00000000
v 119.63775635 -68.63462067 0.00000000
v 119.89069366 -68.01789093 0.00000000
v 121.09009552 -64.17005157 0.00000000
v 122.63359833 -57.79422379 0.00000000
v 123.41914368 -54.04547882 0.00000000
v 126.13784790 -41.73585129 0.00000000
v 126.41508484 -41.35158920 0.00000000
v 146.42005920 -70.06522369 0.00000000
v 147.89610291 -63.58009338 0.00000000
v 148.90963745 -60.06984711 0.00000000
v 151.50305176 -47.18621445 0.00000000
v 119.88302612 -20.53766251 0.00000000
v 116.59317780 -6.94595575 0.00000000
v 122.68965912 -8.41452312 0.00000000
v 122.68965912 -8.41452312 0.00000000
v 129.23455811 -11.91409302 0.00000000
v 131.65344238 -12.45317841 0.00000000
v 129.65127563 -10.07242203 0.00000000
v 131.94610596 -11.20283127 0.00000000
v 134.04425049 -4.43583488 0.00000000
v 143.71958923 -16.61435318 0.00000000
v 147.21792603 -17.40402794 0.00000000
v 144.32011414 -13.98009586 0.00000000
v 148.31794739 -12.53758144 0.00000000
v 146.82719421 -9.14519882 0.00000000
v 93.73917389 -56.62717819 4.09999990
v 103.30373383 -64.35781860 4.09999990
v 104.28559875 -59.20574188 4.09999990
v 95.00811768 -62.99954224 6.90000010
v 89.87368011 -12.87232876 4.09999990
v 98.87329102 -35.43386459 4.09999990
v 96.87584686 -13.92986202 6.90000010
v 114.08004761 -17.85202408 6.90000010
v 119.89069366 -68.01789093 4.09999990
v 121.09009552 -64.17005157 4.09999990
v 122.63359833 -57.79422379 4.09999990
v 123.41914368 -54.04547882 4.09999990
v 126.13784790 -41.73585129 4.09999990
v 126.41508484 -41.35158920 4.09999990
v 146.42005920 -70.06522369 4.09999990
v 147.89610291 -63.58009338 4.09999990
v 148.90963745 -60.06984711 4.09999990
v 151.50305176 -47.18621445 4.09999990
v 119.63775635 -68.63462067 6.90000010
v 119.88302612 -20.53766251 6.90000010
v 116.59317780 -6.94595575 6.90000010
v 122.68965912 -8.41452312 6.90000010
v 122.68965912 -8.41452312 6.90000010
v 129.23455811 -11.91409302 6.90000010
v 131.65344238 -12.45317841 6.90000010
v 129.65127563 -10.07242203 6.90000010
v 131.94610596 -11.20283127 6.90000010
v 134.04425049 -4.43583488 6.90000010
v 143.71958923 -16.61435318 6.90000010
v 147.21792603 -17.40402794 6.90000010
v 144.32011414 -13.98009586 6.90000010
v 148.31794739 -12.53758144 6.90000010
v 18.41571617 -149.23616028 9.69999981
v 73.97048187 -58.57358932 9.69999981
v 63.87792206 -56.01704788 9.69999981
v 74.43424225 -56.76403809 9.69999981
v 70.03199005 -31.94592667 9.69999981
v 78.60517883 -57.81439972 9.69999981
v 84.28599548 -35.54197693 9.69999981
v 146.82719421 -9.14519882 9.69999981
v 157.49832153 -276.39239502 0.00000000
v 158.91316223 -274.88101196 0.00000000
v 156.49050903 -263.78713989 0.00000000
v 157.94940186 -263.67309570 0.00000000
v 169.13275146 -274.00497437 0.00000000
v 170.54132080 -269.64138794 0.00000000
v 168.16900635 -262.79705811 0.00000000
v 169.65629578 -260.85101318 0.00000000
v 177.16465759 -271.84045410 0.00000000
v 174.20533752 -265.94305420 0.00000000
v 174.53727722 -269.24218750 0.00000000
v 176.00494385 -265.76504517 0.00000000
v 176.75909424 -265.95712280 0.00000000
v 178.45838928 -265.83712769 0.00000000
v 190.57460022 -270.90719604 0.00000000
v 188.39883423 -265.26770020 0.00000000
v 190.17208862 -265.14587402 0.00000000
v 175.45187378 -260.27383423 0.00000000
v 178.04357910 -259.95401001 0.00000000
v 181.27346802 -250.33976746 0.00000000
v 181.18775940 -249.49839783 0.00000000
v 187.98098755 -259.26260376 0.00000000
v 185.74029541 -250.27291870 0.00000000
v 185.70770264 -248.96408081 0.00000000
v 180.39134216 -241.29406738 0.00000000
v 179.51033020 -232.29272461 0.00000000
v 181.20753479 -231.71772766 0.00000000
v 180.85552979 -225.75537109 0.00000000
v 181.96009827 -241.13291931 0.00000000
v 185.54727173 -231.37657166 0.00000000
v 185.41087341 -228.87165833 0.00000000
v 188.42852783 -225.22271729 0.00000000
v 188.77537537 -228.37722778 0.00000000
v 217.75282288 -291.60659790 0.00000000
v 210.10694885 -280.66494751 0.00000000
v 217.28237915 -282.37304688 0.00000000
v 222.59536743 -282.10757446 0.00000000
v 222.52496338 -280.76638794 0.00000000
v 223.53771973 -280.19732666 0.00000000
v 223.51603699 -279.69842529 0.00000000
v 209.91917419 -275.35330200 0.00000000
v 216.59295654 -275.12054443 0.00000000
v 216.44743347 -270.76235962 0.00000000
v 217.44454956 -268.45120239 0.00000000
v 195.38560486 -244.53886414 0.00000000
v 197.22824097 -249.43191528 0.00000000
v 196.82629395 -244.43638611 0.00000000
v 194.91426086 -240.10000610 0.00000000
v 196.67773438 -239.95620728 0.00000000
v 195.91593933 -230.54124451 0.00000000
v 199.23326111 -230.38095093 0.00000000
v 212.88851929 -256.38931274 0.00000000
v 216.78851318 -259.56634521 0.00000000
v 212.58467102 -249.01623535 0.00000000
v 213.55802917 -245.00755310 0.00000000
v 215.76383972 -248.88157654 0.00000000
v 215.63890076 -245.72154236 0.00000000
v 223.40971375 -259.07962036 0.00000000
v 223.31407166 -257.83892822 0.00000000
v 224.29991150 -248.75782776 0.00000000
v 224.16020203 -245.37619019 0.00000000
v 225.12657166 -244.43093872 0.00000000
v 213.04118347 -234.65419006 0.00000000
v 218.20513916 -232.86080933 0.00000000
v 224.99861145 -241.89250183 0.00000000
v 157.49832153 -276.39239502 4.09999990
v 158.91316223 -274.88101196 4.09999990
v 156.49050903 -263.78713989 4.09999990
v 157.94940186 -263.67309570 4.09999990
v 169.13275146 -274.00497437 4.09999990
v 168.16900635 -262.79705811 4.09999990
v 177.16465759 -271.84045410 4.09999990
v 176.75909424 -265.95712280 4.09999990
v 178.45838928 -265.83712769 4.09999990
v 190.57460022 -270.90719604 4.09999990
v 188.39883423 -265.26770020 4.09999990
v 190.17208862 -265.14587402 4.09999990
v 170.54132080 -269.64138794 6.90000010
v 169.65629578 -260.85101318 6.90000010
v 174.20533752 -265.94305420 6.90000010
v 174.53727722 -269.24218750 6.90000010
v 176.00494385 -265.76504517 6.90000010
v 178.04357910 -259.95401001 4.09999990
v 181.27346802 -250.33976746 4.09999990
v 181.18775940 -249.49839783 4.09999990
v 187.98098755 -259.26260376 4.09999990
v 185.74029541 -250.27291870 4.09999990
v 185.70770264 -248.96408081 4.09999990
v 180.39134216 -241.29406738 4.09999990
v 179.51033020 -232.29272461 4.09999990
v 181.20753479 -231.71772766 4.09999990
v 180.85552979 -225.75537109 4.09999990
v 181.96009827 -241.13291931 4.09999990
v 185.54727173 -231.37657166 4.09999990
v 185.41087341 -228.87165833 4.09999990
v 188.42852783 -225.22271729 4.09999990
v 188.77537537 -228.37722778 4.09999990
v 175.45187378 -260.27383423 6.90000010
v 217.75282288 -291.60659790 4.09999990
v 210.10694885 -280.66494751 4.09999990
v 217.28237915 -282.37304688 4.09999990
v 222.59536743 -282.10757446 4.09999990
v 222.52496338 -280.76638794 4.09999990
v 223.53771973 -280.19732666 4.09999990
v 223.51603699 -279.69842529 4.09999990
v 209.91917419 -275.35330200 4.09999990
v 216.59295654 -275.12054443 4.09999990
v 216.44743347 -270.76235962 4.09999990
v 217.44454956 -268.45120239 4.09999990
v 195.38560486 -244.53886414 4.09999990
v 197.22824097 -249.43191528 4.09999990
v 196.82629395 -244.43638611 4.09999990
v 194.91426086 -240.10000610 4.09999990
v 196.67773438 -239.95620728 4.09999990
v 195.91593933 -230.54124451 4.09999990
v 199.23326111 -230.38095093 4.09999990
v 212.88851929 -256.38931274 4.09999990
v 216.78851318 -259.56634521 4.09999990
v 212.58467102 -249.01623535 4.09999990
v 213.55802917 -245.00755310 4.09999990
v 215.76383972 -248.88157654 4.09999990
v 215.63890076 -245.72154236 4.09999990
v 223.40971375 -259.07962036 4.09999990
v 223.31407166 -257.83892822 4.09999990
v 224.29991150 -248.75782776 4.09999990
v 224.16020203 -245.37619019 4.09999990
v 225.12657166 -244.43093872 4.09999990
v 213.04118347 -234.65419006 4.09999990
v 218.20513916 -232.86080933 4.09999990
v 224.99861145 -241.89250183 4.09999990
v 160.38163757 -204.94456482 0.00000000
v 159.78659058 -198.51101685 0.00000000
v 162.32279968 -190.39016724 0.00000000
v 163.96020508 -205.24389648 0.00000000
v 163.90747070 -204.61257935 0.00000000
v 163.06306458 -198.19635010 0.00000000
v 170.92529297 -189.58769226 0.00000000
v 180.69357300 -221.85264587 0.00000000
v 182.73164368 -221.59101868 0.00000000
v 182.54652405 -218.24380493 0.00000000
v 189.30949402 -217.87561035 0.00000000
v 188.99102783 -212.14549255 0.00000000
v 172.32255554 -204.45851135 0.00000000
v 174.80221558 -189.97949219 0.00000000
v 176.55726624 -189.86918640 0.00000000
v 176.90002441 -195.08816528 0.00000000
v 186.21409607 -197.59761047 0.00000000
v 186.69277954 -203.44581604 0.00000000
v 186.69094849 -194.45588684 0.00000000
v 186.45545959 -190.94345093 0.00000000
v 174.23155212 -181.18130493 0.00000000
v 181.43614197 -180.71331787 0.00000000
v 181.21513367 -177.41140747 0.00000000
v 198.30821228 -220.72587585 0.00000000
v 199.88815308 -220.64213562 0.00000000
v 199.62283325 -215.93177795 0.00000000
v 200.96264648 -215.86512756 0.00000000
v 200.71513367 -211.49838257 0.00000000
v 194.69914246 -196.90907288 0.00000000
v 194.46282959 -194.10696411 0.00000000
v 196.84466553 -193.90338135 0.00000000
v 196.60641479 -190.28002930 0.00000000
v 204.64640808 -196.23962402 0.00000000
v 206.26605225 -201.83744812 0.00000000
v 204.40625000 -193.28224182 0.00000000
v 205.79124451 -196.14451599 0.00000000
v 217.82826233 -223.66934204 0.00000000
v 219.00433350 -210.71002197 0.00000000
v 219.33776855 -220.75717163 0.00000000
v 222.60641479 -223.47267151 0.00000000
v 222.63562012 -220.93032837 0.00000000
v 225.05986023 -196.41946411 0.00000000
v 194.58068848 -179.52029419 0.00000000
v 194.38647461 -176.55067444 0.00000000
v 203.55854797 -178.93048096 0.00000000
v 226.92373657 -184.33093262 0.00000000
v 228.07373047 -178.49765015 0.00000000
v 180.69357300 -221.85264587 4.09999990
v 182.73164368 -221.59101868 4.09999990
v 182.54652405 -218.24380493 4.09999990
v 189.30949402 -217.87561035 4.09999990
v 188.99102783 -212.14549255 4.09999990
v 186.21409607 -197.59761047 4.09999990
v 186.69277954 -203.44581604 4.09999990
v 160.38163757 -204.94456482 6.90000010
v 159.78659058 -198.51101685 6.90000010
v 162.32279968 -190.39016724 6.90000010
v 163.96020508 -205.24389648 6.90000010
v 163.90747070 -204.61257935 6.90000010
v 163.06306458 -198.19635010 6.90000010
v 170.92529297 -189.58769226 6.90000010
v 172.32255554 -204.45851135 6.90000010
v 174.80221558 -189.97949219 6.90000010
v 176.55726624 -189.86918640 6.90000010
v 176.90002441 -195.08816528 6.90000010
v 186.69094849 -194.45588684 6.90000010
v 186.45545959 -190.94345093 6.90000010
v 174.23155212 -181.18130493 6.90000010
v 181.43614197 -180.71331787 6.90000010
v 181.21513367 -177.41140747 6.90000010
v 198.30821228 -220.72587585 4.09999990
v 199.88815308 -220.64213562 4.09999990
v 199.62283325 -215.93177795 4.09999990
v 200.96264648 -215.86512756 4.09999990
v 200.71513367 -211.49838257 4.09999990
v 194.69914246 -196.90907288 4.09999990
v 194.46282959 -194.10696411 4.09999990
v 196.84466553 -193.90338135 4.09999990
v 204.64640808 -196.23962402 4.09999990
v 206.26605225 -201.83744812 4.09999990
v 204.40625000 -193.28224182 4.09999990
v 205.79124451 -196.14451599 4.09999990
v 217.82826233 -223.66934204 4.09999990
v 219.00433350 -210.71002197 4.09999990
v 219.33776855 -220.75717163 4.09999990
v 222.60641479 -223.47267151 4.09999990
v 222.63562012 -220.93032837 4.09999990
v 225.05986023 -196.41946411 4.09999990
v 196.84466553 -193.90338135 6.90000010
v 196.60641479 -190.28002930 6.90000010
v 204.40625000 -193.28224182 6.90000010
v 226.92373657 -184.33093262 4.09999990
v 228.07373047 -178.49765015 4.09999990
v 194.58068848 -179.52029419 6.90000010
v 194.38647461 -176.55067444 6.90000010
v 203.55854797 -178.93048096 6.90000010
v 232.67503357 -290.84658813 0.00000000
v 231.58134460 -285.93487549 0.00000000
v 232.43139648 -285.89151001 0.00000000
v 231.29367065 -280.32608032 0.00000000
v 233.26782227 -279.35574341 0.00000000
v 232.03060913 -273.88156128 0.00000000
v 233.07510376 -273.84445190 0.00000000
v 231.90248108 -270.22216797 0.00000000
v 232.48580933 -262.43853760 0.00000000
v 233.27087402 -262.38568115 0.00000000
v 233.63305664 -267.27120972 0.00000000
v 261.48266602 -287.44348145 0.00000000
v 260.43603516 -270.29977417 0.00000000
v 264.33471680 -270.08065796 0.00000000
v 260.26364136 -268.20642090 0.00000000
v 264.30102539 -268.72744751 0.00000000
v 232.09631348 -257.19851685 0.00000000
v 235.13427734 -255.48027039 0.00000000
v 234.83596802 -248.32901001 0.00000000
v 235.64314270 -241.36111450 0.00000000
v 235.25428772 -233.54618835 0.00000000
v 232.04086304 -232.30543518 0.00000000
v 232.01228333 -231.52923584 0.00000000
v 233.14320374 -224.18701172 0.00000000
v 233.60202026 -231.46746826 0.00000000
v 233.51062012 -229.28327942 0.00000000
v 234.88769531 -229.22680664 0.00000000
v 234.67718506 -224.11552429 0.00000000
v 257.48782349 -256.29998779 0.00000000
v 259.85604858 -259.63723755 0.00000000
v 258.86367798 -246.53215027 0.00000000
v 254.72471619 -234.87052917 0.00000000
v 254.96266174 -226.96231079 0.00000000
v 260.04095459 -236.59167480 0.00000000
v 259.94723511 -235.42863464 0.00000000
v 260.40200806 -231.39958191 0.00000000
v 281.92337036 -286.12442017 0.00000000
v 277.54244995 -267.34341431 0.00000000
v 280.66448975 -267.88723755 0.00000000
v 281.79220581 -268.59167480 0.00000000
v 290.31280518 -281.59817505 0.00000000
v 295.13922119 -281.11178589 0.00000000
v 289.49407959 -268.77731323 0.00000000
v 293.65365601 -261.57058716 0.00000000
v 297.65072632 -262.70306396 0.00000000
v 267.54080200 -259.13516235 0.00000000
v 270.96081543 -251.58058167 0.00000000
v 269.49386597 -247.65486145 0.00000000
v 269.91497803 -244.50343323 0.00000000
v 271.35998535 -247.91917419 0.00000000
v 276.86965942 -260.01281738 0.00000000
v 276.72323608 -258.96206665 0.00000000
v 277.18612671 -252.65757751 0.00000000
v 281.90695190 -260.56445312 0.00000000
v 282.63446045 -260.05798340 0.00000000
v 283.35144043 -253.92474365 0.00000000
v 276.70126343 -245.44436646 0.00000000
v 284.50775146 -245.37213135 0.00000000
v 268.37951660 -232.62161255 0.00000000
v 269.08944702 -228.80818176 0.00000000
v 270.08261108 -228.93884277 0.00000000
v 277.41217041 -239.06710815 0.00000000
v 283.60977173 -241.63201904 0.00000000
v 294.17950439 -257.79504395 0.00000000
v 295.73889160 -258.00039673 0.00000000
v 295.86083984 -255.46684265 0.00000000
v 295.11853027 -250.54638672 0.00000000
v 296.67788696 -250.75173950 0.00000000
v 295.64410400 -246.75973511 0.00000000
v 296.17898560 -245.94731140 0.00000000
v 295.18511963 -243.18627930 0.00000000
v 299.66616821 -246.29336548 0.00000000
v 285.95956421 -224.15962219 0.00000000
v 289.63607788 -224.67852783 0.00000000
v 296.98526001 -240.79963684 0.00000000
v 295.59243774 -239.48025513 0.00000000
v 299.25668335 -239.87739563 0.00000000
v 300.34768677 -241.33746338 0.00000000
v 299.52987671 -235.98603821 0.00000000
v 300.15377808 -236.14808655 0.00000000
v 232.67503357 -290.84658813 4.09999990
v 231.58134460 -285.93487549 4.09999990
v 232.43139648 -285.89151001 4.09999990
v 231.29367065 -280.32608032 4.09999990
v 233.26782227 -279.35574341 4.09999990
v 232.03060913 -273.88156128 4.09999990
v 233.07510376 -273.84445190 4.09999990
v 231.90248108 -270.22216797 4.09999990
v 232.48580933 -262.43853760 4.09999990
v 233.27087402 -262.38568115 4.09999990
v 233.63305664 -267.27120972 4.09999990
v 260.26364136 -268.20642090 4.09999990
v 261.48266602 -287.44348145 6.90000010
v 260.43603516 -270.29977417 6.90000010
v 264.33471680 -270.08065796 6.90000010
v 264.30102539 -268.72744751 6.90000010
v 232.09631348 -257.19851685 4.09999990
v 235.13427734 -255.48027039 4.09999990
v 234.83596802 -248.32901001 4.09999990
v 235.64314270 -241.36111450 4.09999990
v 235.25428772 -233.54618835 4.09999990
v 232.04086304 -232.30543518 4.09999990
v 232.01228333 -231.52923584 4.09999990
v 233.14320374 -224.18701172 4.09999990
v 233.60202026 -231.46746826 4.09999990
v 233.51062012 -229.28327942 4.09999990
v 234.88769531 -229.22680664 4.09999990
v 234.67718506 -224.11552429 4.09999990
v 257.48782349 -256.29998779 4.09999990
v 259.85604858 -259.63723755 4.09999990
v 258.86367798 -246.53215027 4.09999990
v 254.72471619 -234.87052917 4.09999990
v 254.96266174 -226.96231079 4.09999990
v 260.04095459 -236.59167480 4.09999990
v 259.94723511 -235.42863464 4.09999990
v 260.40200806 -231.39958191 4.09999990
v 277.54244995 -267.34341431 4.09999990
v 293.65365601 -261.57058716 4.09999990
v 281.92337036 -286.12442017 6.90000010
v 280.66448975 -267.88723755 6.90000010
v 281.79220581 -268.59167480 6.90000010
v 290.31280518 -281.59817505 6.90000010
v 295.13922119 -281.11178589 6.90000010
v 289.49407959 -268.77731323 6.90000010
v 297.65072632 -262.70306396 6.90000010
v 267.54080200 -259.13516235 4.09999990
v 270.96081543 -251.58058167 4.09999990
v 269.49386597 -247.65486145 4.09999990
v 269.91497803 -244.50343323 4.09999990
v 271.35998535 -247.91917419 4.09999990
v 276.86965942 -260.01281738 4.09999990
v 276.72323608 -258.96206665 4.09999990
v 277.18612671 -252.65757751 4.09999990
v 282.63446045 -260.05798340 4.09999990
v 283.35144043 -253.92474365 4.09999990
v 276.70126343 -245.44436646 4.09999990
v 284.50775146 -245.37213135 4.09999990
v 268.37951660 -232.62161255 4.09999990
v 269.08944702 -228.80818176 4.09999990
v 270.08261108 -228.93884277 4.09999990
v 277.41217041 -239.06710815 4.09999990
v 283.60977173 -241.63201904 4.09999990
v 294.17950439 -257.79504395 4.09999990
v 295.73889160 -258.00039673 4.09999990
v 295.86083984 -255.46684265 4.09999990
v 295.11853027 -250.54638672 4.09999990
v 296.67788696 -250.75173950 4.09999990
v 295.64410400 -246.75973511 4.09999990
v 296.17898560 -245.94731140 4.09999990
v 295.18511963 -243.18627930 4.09999990
v 299.66616821 -246.29336548 4.09999990
v 285.95956421 -224.15962219 4.09999990
v 289.63607788 -224.67852783 4.09999990
v 296.98526001 -240.79963684 4.09999990
v 295.59243774 -239.48025513 4.09999990
v 299.25668335 -239.87739563 4.09999990
v 300.34768677 -241.33746338 4.09999990
v 299.52987671 -235.98603821 4.09999990
v 300.15377808 -236.14808655 4.09999990
v 281.90695190 -260.56445312 6.90000010
v 232.92622375 -220.67411804 0.00000000
v 235.14506531 -220.24151611 0.00000000
v 234.81166077 -210.19436646 0.00000000
v 236.54376221 -197.64295959 0.00000000
v 257.14575195 -212.45741272 0.00000000
v 258.80789185 -199.69688416 0.00000000
v 238.19625854 -185.98144531 0.00000000
v 240.43878174 -180.55383301 0.00000000
v 242.09681702 -169.11415100 0.00000000
v 229.73698425 -167.26872253 0.00000000
v 230.55804443 -165.31709290 0.00000000
v 231.48614502 -159.48934937 0.00000000
v 234.96011353 -160.04658508 0.00000000
v 235.70234680 -155.30004883 0.00000000
v 234.21980286 -154.09390259 0.00000000
v 242.49932861 -167.81668091 0.00000000
v 244.16261292 -156.58775330 0.00000000
v 244.99322510 -156.13421631 0.00000000
v 257.45449829 -182.49424744 0.00000000
v 258.59768677 -183.81982422 0.00000000
v 258.46203613 -183.20167542 0.00000000
v 261.16983032 -184.94335938 0.00000000
v 257.69497681 -179.89115906 0.00000000
v 259.17584229 -179.54353333 0.00000000
v 260.31823730 -172.28981018 0.00000000
v 265.25784302 -169.65853882 0.00000000
v 265.36422729 -169.10095215 0.00000000
v 254.35087585 -167.45503235 0.00000000
v 256.32385254 -157.51695251 0.00000000
v 273.77581787 -215.26205444 0.00000000
v 277.99288940 -202.56001282 0.00000000
v 279.24096680 -202.89520264 0.00000000
v 278.84085083 -196.85635376 0.00000000
v 280.08282471 -196.94752502 0.00000000
v 283.43753052 -197.17478943 0.00000000
v 279.65179443 -189.66639709 0.00000000
v 280.09887695 -187.55760193 0.00000000
v 282.42199707 -196.14569092 0.00000000
v 283.59786987 -196.18301392 0.00000000
v 283.03097534 -193.47793579 0.00000000
v 283.16217041 -190.94415283 0.00000000
v 283.26388550 -190.19801331 0.00000000
v 290.12179565 -221.89175415 0.00000000
v 290.22268677 -208.10462952 0.00000000
v 297.15609741 -222.75994873 0.00000000
v 298.18719482 -221.81307983 0.00000000
v 300.36907959 -222.12503052 0.00000000
v 301.01779175 -223.28535461 0.00000000
v 301.70501709 -223.39033508 0.00000000
v 295.88113403 -208.70739746 0.00000000
v 295.98132324 -207.52844238 0.00000000
v 302.39309692 -208.29003906 0.00000000
v 286.33843994 -204.07258606 0.00000000
v 287.11270142 -197.63824463 0.00000000
v 285.65045166 -193.90107727 0.00000000
v 285.92959595 -191.36361694 0.00000000
v 292.41671753 -191.43521118 0.00000000
v 297.07498169 -191.99629211 0.00000000
v 297.23406982 -190.58279419 0.00000000
v 304.18652344 -191.50851440 0.00000000
v 272.59411621 -186.00192261 0.00000000
v 272.66574097 -185.53398132 0.00000000
v 269.21383667 -169.88191223 0.00000000
v 278.54486084 -186.45312500 0.00000000
v 276.58398438 -179.40983582 0.00000000
v 279.57440186 -179.86814880 0.00000000
v 277.28662109 -174.93066406 0.00000000
v 270.41738892 -163.96963501 0.00000000
v 272.57458496 -164.40426636 0.00000000
v 273.29199219 -160.89031982 0.00000000
v 232.92622375 -220.67411804 4.09999990
v 235.14506531 -220.24151611 4.09999990
v 234.81166077 -210.19436646 4.09999990
v 236.54376221 -197.64295959 4.09999990
v 257.14575195 -212.45741272 4.09999990
v 258.80789185 -199.69688416 4.09999990
v 238.19625854 -185.98144531 4.09999990
v 240.43878174 -180.55383301 4.09999990
v 242.09681702 -169.11415100 4.09999990
v 229.73698425 -167.26872253 4.09999990
v 230.55804443 -165.31709290 4.09999990
v 231.48614502 -159.48934937 4.09999990
v 234.96011353 -160.04658508 4.09999990
v 235.70234680 -155.30004883 4.09999990
v 234.21980286 -154.09390259 4.09999990
v 242.49932861 -167.81668091 4.09999990
v 244.16261292 -156.58775330 4.09999990
v 244.99322510 -156.13421631 4.09999990
v 257.45449829 -182.49424744 4.09999990
v 258.59768677 -183.81982422 4.09999990
v 258.46203613 -183.20167542 4.09999990
v 261.16983032 -184.94335938 4.09999990
v 257.69497681 -179.89115906 4.09999990
v 259.17584229 -179.54353333 4.09999990
v 260.31823730 -172.28981018 4.09999990
v 265.25784302 -169.65853882 4.09999990
v 265.36422729 -169.10095215 4.09999990
v 254.35087585 -167.45503235 4.09999990
v 256.32385254 -157.51695251 4.09999990
v 273.77581787 -215.26205444 4.09999990
v 277.99288940 -202.56001282 4.09999990
v 279.24096680 -202.89520264 4.09999990
v 278.84085083 -196.85635376 4.09999990
v 280.08282471 -196.94752502 4.09999990
v 283.43753052 -197.17478943 4.09999990
v 279.65179443 -189.66639709 4.09999990
v 280.09887695 -187.55760193 4.09999990
v 282.42199707 -196.14569092 4.09999990
v 283.59786987 -196.18301392 4.09999990
v 283.03097534 -193.47793579 4.09999990
v 283.16217041 -190.94415283 4.09999990
v 283.26388550 -190.19801331 4.09999990
v 290.12179565 -221.89175415 4.09999990
v 290.22268677 -208.10462952 4.09999990
v 297.15609741 -222.75994873 4.09999990
v 298.18719482 -221.81307983 4.09999990
v 300.36907959 -222.12503052 4.09999990
v 301.01779175 -223.28535461 4.09999990
v 301.70501709 -223.39033508 4.09999990
v 295.88113403 -208.70739746 4.09999990
v 295.98132324 -207.52844238 4.09999990
v 302.39309692 -208.29003906 4.09999990
v 286.33843994 -204.07258606 4.09999990
v 287.11270142 -197.63824463 4.09999990
v 285.65045166 -193.90107727 4.09999990
v 285.92959595 -191.36361694 4.09999990
v 292.41671753 -191.43521118 4.09999990
v 297.07498169 -191.99629211 4.09999990
v 297.23406982 -190.58279419 4.09999990
v 304.18652344 -191.50851440 4.09999990
v 272.59411621 -186.00192261 4.09999990
v 272.66574097 -185.53398132 4.09999990
v 269.21383667 -169.88191223 4.09999990
v 278.54486084 -186.45312500 4.09999990
v 276.58398438 -179.40983582 4.09999990
v 279.57440186 -179.86814880 4.09999990
v 277.28662109 -174.93066406 4.09999990
v 270.41738892 -163.96963501 4.09999990
v 272.57458496 -164.40426636 4.09999990
v 273.29199219 -160.89031982 4.09999990
v 167.07125854 -122.50300598 0.00000000
v 170.49139404 -127.95610046 0.00000000
v 171.84942627 -120.81909180 0.00000000
v 171.76466370 -119.64472961 0.00000000
v 178.69715881 -132.76838684 0.00000000
v 178.81954956 -132.11050415 0.00000000
v 188.47549438 -134.60034180 0.00000000
v 175.20384216 -131.43473816 0.00000000
v 175.67794800 -128.92572021 0.00000000
v 187.62437439 -129.77139282 0.00000000
v 189.33473206 -130.09506226 0.00000000
v 188.71997070 -123.98386383 0.00000000
v 158.85980225 -91.83081055 0.00000000
v 173.76158142 -109.18438721 0.00000000
v 180.57777405 -109.83595276 0.00000000
v 172.71623230 -95.07062531 0.00000000
v 180.97264099 -97.82838440 0.00000000
v 182.78556824 -99.67002106 0.00000000
v 182.75057983 -88.60545349 0.00000000
v 182.10113525 -87.04560852 0.00000000
v 184.04576111 -77.08600616 0.00000000
v 192.83757019 -123.63716125 0.00000000
v 203.62409973 -122.85803223 0.00000000
v 204.90267944 -116.24464417 0.00000000
v 206.11772156 -114.13892365 0.00000000
v 218.53793335 -116.54886627 0.00000000
v 220.09649658 -126.01057434 0.00000000
v 221.38406372 -119.38587189 0.00000000
v 193.27386475 -112.54975891 0.00000000
v 194.84375000 -113.17658997 0.00000000
v 195.48194885 -102.39492035 0.00000000
v 196.12498474 -100.72519684 0.00000000
v 207.39941406 -102.81959534 0.00000000
v 208.11260986 -103.96720886 0.00000000
v 197.90295410 -91.50227356 0.00000000
v 198.25813293 -90.16158295 0.00000000
v 200.20278931 -80.20198822 0.00000000
v 209.39277649 -92.21506500 0.00000000
v 220.53282166 -106.37715149 0.00000000
v 225.49623108 -106.18698120 0.00000000
v 221.86039734 -98.38630676 0.00000000
v 226.78669739 -99.30693054 0.00000000
v 227.62898254 -95.23492432 0.00000000
v 212.86207581 -92.58373260 0.00000000
v 211.14270020 -80.75090027 0.00000000
v 214.87020874 -81.45719910 0.00000000
v 222.62002563 -94.33855438 0.00000000
v 170.49139404 -127.95610046 4.09999990
v 171.84942627 -120.81909180 4.09999990
v 171.76466370 -119.64472961 4.09999990
v 178.69715881 -132.76838684 4.09999990
v 178.81954956 -132.11050415 4.09999990
v 188.47549438 -134.60034180 4.09999990
v 175.20384216 -131.43473816 4.09999990
v 175.67794800 -128.92572021 4.09999990
v 187.62437439 -129.77139282 4.09999990
v 189.33473206 -130.09506226 4.09999990
v 188.71997070 -123.98386383 4.09999990
v 167.07125854 -122.50300598 6.90000010
v 173.76158142 -109.18438721 4.09999990
v 182.10113525 -87.04560852 4.09999990
v 184.04576111 -77.08600616 4.09999990
v 158.85980225 -91.83081055 6.90000010
v 180.57777405 -109.83595276 6.90000010
v 172.71623230 -95.07062531 6.90000010
v 180.97264099 -97.82838440 6.90000010
v 182.78556824 -99.67002106 6.90000010
v 182.75057983 -88.60545349 6.90000010
v 192.83757019 -123.63716125 4.09999990
v 206.11772156 -114.13892365 4.09999990
v 218.53793335 -116.54886627 4.09999990
v 203.62409973 -122.85803223 6.90000010
v 204.90267944 -116.24464417 6.90000010
v 220.09649658 -126.01057434 6.90000010
v 221.38406372 -119.38587189 6.90000010
v 194.84375000 -113.17658997 4.09999990
v 207.39941406 -102.81959534 4.09999990
v 208.11260986 -103.96720886 4.09999990
v 198.25813293 -90.16158295 4.09999990
v 200.20278931 -80.20198822 4.09999990
v 209.39277649 -92.21506500 4.09999990
v 220.53282166 -106.37715149 4.09999990
v 225.49623108 -106.18698120 4.09999990
v 221.86039734 -98.38630676 4.09999990
v 226.78669739 -99.30693054 4.09999990
v 227.62898254 -95.23492432 4.09999990
v 212.86207581 -92.58373260 4.09999990
v 214.87020874 -81.45719910 4.09999990
v 222.62002563 -94.33855438 4.09999990
v 193.27386475 -112.54975891 6.90000010
v 195.48194885 -102.39492035 6.90000010
v 196.12498474 -100.72519684 6.90000010
v 197.90295410 -91.50227356 6.90000010
v 211.14270020 -80.75090027 6.90000010
v 214.87020874 -81.45719910 6.90000010
v 183.66865540 -71.60152435 0.00000000
v 186.80619812 -55.67440033 0.00000000
v 167.08288574 -22.29220200 0.00000000
v 169.78080750 -22.89094162 0.00000000
v 155.48323059 -19.77309227 0.00000000
v 156.70054626 -14.41538143 0.00000000
v 159.11181641 -20.59282303 0.00000000
v 160.27078247 -15.49183750 0.00000000
v 161.51866150 -12.47520065 0.00000000
v 162.54405212 -7.95467663 0.00000000
v 163.75985718 -16.28174973 0.00000000
v 164.41006470 -13.41318130 0.00000000
v 168.87605286 -14.42293739 0.00000000
v 171.61605835 -14.85414791 0.00000000
v 169.95953369 -9.63459778 0.00000000
v 170.73339844 -7.27349281 0.00000000
v 178.07026672 -33.66116714 0.00000000
v 178.19859314 -32.86996078 0.00000000
v 178.91920471 -24.28379250 0.00000000
v 180.02638245 -24.53368950 0.00000000
v 187.04455566 -34.78064346 0.00000000
v 188.57330322 -33.75478745 0.00000000
v 180.60350037 -16.87228966 0.00000000
v 175.57409668 -10.32718849 0.00000000
v 175.99813843 -8.40764713 0.00000000
v 182.79237366 -11.88994503 0.00000000
v 202.11372375 -75.20436859 0.00000000
v 204.88244629 -61.18431854 0.00000000
v 203.09436035 -58.85371399 0.00000000
v 214.67533875 -62.48321533 0.00000000
v 225.76997375 -43.60550690 0.00000000
v 226.50822449 -40.55717468 0.00000000
v 206.06263733 -36.12728500 0.00000000
v 201.93647766 -29.81495667 0.00000000
v 193.25514221 -11.85138988 0.00000000
v 192.54829407 -11.70250988 0.00000000
v 183.66865540 -71.60152435 6.90000010
v 186.80619812 -55.67440033 6.90000010
v 167.08288574 -22.29220200 6.90000010
v 169.78080750 -22.89094162 6.90000010
v 155.48323059 -19.77309227 6.90000010
v 156.70054626 -14.41538143 6.90000010
v 159.11181641 -20.59282303 6.90000010
v 160.27078247 -15.49183750 6.90000010
v 163.75985718 -16.28174973 6.90000010
v 164.41006470 -13.41318130 6.90000010
v 168.87605286 -14.42293739 6.90000010
v 171.61605835 -14.85414791 6.90000010
v 170.73339844 -7.27349281 6.90000010
v 178.07026672 -33.66116714 6.90000010
v 178.19859314 -32.86996078 6.90000010
v 178.91920471 -24.28379250 6.90000010
v 180.02638245 -24.53368950 6.90000010
v 187.04455566 -34.78064346 6.90000010
v 188.57330322 -33.75478745 6.90000010
v 180.60350037 -16.87228966 6.90000010
v 175.57409668 -10.32718849 6.90000010
v 175.99813843 -8.40764713 6.90000010
v 182.79237366 -11.88994503 6.90000010
v 202.11372375 -75.20436859 6.90000010
v 204.88244629 -61.18431854 6.90000010
v 203.09436035 -58.85371399 6.90000010
v 214.67533875 -62.48321533 6.90000010
v 193.25514221 -11.85138988 6.90000010
v 192.54829407 -11.70250988 6.90000010
v 236.48764038 -142.25057983 0.00000000
v 237.52151489 -141.41464233 0.00000000
v 247.27030945 -144.29067993 0.00000000
v 237.84577942 -128.79840088 0.00000000
v 236.24510193 -115.78614044 0.00000000
v 239.76425171 -129.30557251 0.00000000
v 239.76425171 -129.30557251 0.00000000
v 239.83363342 -116.48480988 0.00000000
v 248.39553833 -143.40806580 0.00000000
v 258.39050293 -145.76744080 0.00000000
v 259.93737793 -136.55027771 0.00000000
v 249.14996338 -130.60353088 0.00000000
v 250.63800049 -131.28790283 0.00000000
v 251.13781738 -118.28994751 0.00000000
v 252.65029907 -118.84053040 0.00000000
v 261.96762085 -126.31110382 0.00000000
v 261.84231567 -124.99347687 0.00000000
v 264.05941772 -114.82733917 0.00000000
v 263.86621094 -113.75556946 0.00000000
v 238.33534241 -103.86956024 0.00000000
v 239.06806946 -99.85577393 0.00000000
v 242.20129395 -96.75891113 0.00000000
v 243.94731140 -100.74428558 0.00000000
v 244.59918213 -97.19866180 0.00000000
v 229.43704224 -84.24655914 0.00000000
v 239.57095337 -90.69789886 0.00000000
v 242.89360046 -92.97920990 0.00000000
v 245.80645752 -91.80791473 0.00000000
v 246.82414246 -86.23321533 0.00000000
v 247.51631165 -83.56338501 0.00000000
v 254.01385498 -106.72006989 0.00000000
v 256.10000610 -95.38072205 0.00000000
v 264.86441040 -103.30901337 0.00000000
v 266.03146362 -103.73500824 0.00000000
v 249.47248840 -86.70002747 0.00000000
v 250.46748352 -88.76181793 0.00000000
v 247.73530579 -82.32597351 0.00000000
v 249.81716919 -82.70700073 0.00000000
v 249.96041870 -84.00198364 0.00000000
v 250.28121948 -80.16493225 0.00000000
v 251.87980652 -80.45809937 0.00000000
v 258.09539795 -90.05915833 0.00000000
v 269.16888428 -148.00743103 0.00000000
v 270.37603760 -142.23934937 0.00000000
v 271.47015381 -134.53178406 0.00000000
v 275.74700928 -135.37982178 0.00000000
v 277.03475952 -143.62741089 0.00000000
v 277.97381592 -140.09683228 0.00000000
v 276.26489258 -132.76982117 0.00000000
v 279.31439209 -133.37094116 0.00000000
v 272.68725586 -128.41938782 0.00000000
v 280.35238647 -128.98329163 0.00000000
v 277.33721924 -124.92962646 0.00000000
v 277.71917725 -123.17761230 0.00000000
v 281.05795288 -125.73600769 0.00000000
v 281.82119751 -124.06329346 0.00000000
v 278.82299805 -118.08911896 0.00000000
v 279.05508423 -117.00676727 0.00000000
v 282.99923706 -118.98405457 0.00000000
v 280.92660522 -114.88471985 0.00000000
v 283.75421143 -115.49135590 0.00000000
v 284.37145996 -113.89997101 0.00000000
v 295.29214478 -116.28074646 0.00000000
v 282.56927490 -107.28559113 0.00000000
v 267.77603149 -90.19552612 0.00000000
v 267.83883667 -90.11627197 0.00000000
v 278.74243164 -92.55294800 0.00000000
v 278.66378784 -92.36622620 0.00000000
v 279.55578613 -88.80352783 0.00000000
v 279.44122314 -88.66209412 0.00000000
v 283.54605103 -94.12038422 0.00000000
v 283.81210327 -92.91510010 0.00000000
v 285.64694214 -107.53085327 0.00000000
v 288.30950928 -95.18938446 0.00000000
v 288.64056396 -93.99357605 0.00000000
v 289.26843262 -90.97019958 0.00000000
v 289.26293945 -90.74835968 0.00000000
v 291.25183105 -82.56348419 0.00000000
v 291.81484985 -79.16436005 0.00000000
v 302.37734985 -84.99466705 0.00000000
v 236.48764038 -142.25057983 4.09999990
v 247.27030945 -144.29067993 4.09999990
v 237.84577942 -128.79840088 4.09999990
v 236.24510193 -115.78614044 4.09999990
v 239.76425171 -129.30557251 4.09999990
v 239.83363342 -116.48480988 4.09999990
v 258.39050293 -145.76744080 4.09999990
v 259.93737793 -136.55027771 4.09999990
v 249.14996338 -130.60353088 4.09999990
v 251.13781738 -118.28994751 4.09999990
v 252.65029907 -118.84053040 4.09999990
v 261.96762085 -126.31110382 4.09999990
v 261.84231567 -124.99347687 4.09999990
v 264.05941772 -114.82733917 4.09999990
v 263.86621094 -113.75556946 4.09999990
v 237.52151489 -141.41464233 6.90000010
v 239.76425171 -129.30557251 6.90000010
v 248.39553833 -143.40806580 6.90000010
v 250.63800049 -131.28790283 6.90000010
v 238.33534241 -103.86956024 4.09999990
v 239.06806946 -99.85577393 4.09999990
v 242.20129395 -96.75891113 4.09999990
v 243.94731140 -100.74428558 4.09999990
v 244.59918213 -97.19866180 4.09999990
v 229.43704224 -84.24655914 4.09999990
v 242.89360046 -92.97920990 4.09999990
v 254.01385498 -106.72006989 4.09999990
v 256.10000610 -95.38072205 4.09999990
v 264.86441040 -103.30901337 4.09999990
v 266.03146362 -103.73500824 4.09999990
v 229.43704224 -84.24655914 6.90000010
v 250.46748352 -88.76181793 6.90000010
v 251.87980652 -80.45809937 6.90000010
v 258.09539795 -90.05915833 6.90000010
v 269.16888428 -148.00743103 4.09999990
v 270.37603760 -142.23934937 4.09999990
v 271.47015381 -134.53178406 4.09999990
v 275.74700928 -135.37982178 4.09999990
v 277.03475952 -143.62741089 4.09999990
v 277.97381592 -140.09683228 4.09999990
v 276.26489258 -132.76982117 4.09999990
v 279.31439209 -133.37094116 4.09999990
v 272.68725586 -128.41938782 4.09999990
v 280.35238647 -128.98329163 4.09999990
v 277.33721924 -124.92962646 4.09999990
v 277.71917725 -123.17761230 4.09999990
v 281.05795288 -125.73600769 4.09999990
v 281.82119751 -124.06329346 4.09999990
v 278.82299805 -118.08911896 4.09999990
v 279.05508423 -117.00676727 4.09999990
v 282.99923706 -118.98405457 4.09999990
v 280.92660522 -114.88471985 4.09999990
v 283.75421143 -115.49135590 4.09999990
v 284.37145996 -113.89997101 4.09999990
v 295.29214478 -116.28074646 4.09999990
v 282.56927490 -107.28559113 4.09999990
v 267.77603149 -90.19552612 4.09999990
v 278.74243164 -92.55294800 4.09999990
v 279.55578613 -88.80352783 4.09999990
v 283.54605103 -94.12038422 4.09999990
v 283.81210327 -92.91510010 4.09999990
v 285.64694214 -107.53085327 4.09999990
v 288.30950928 -95.18938446 4.09999990
v 288.64056396 -93.99357605 4.09999990
v 289.26843262 -90.97019958 4.09999990
v 291.25183105 -82.56348419 4.09999990
v 302.37734985 -84.99466705 4.09999990
v 267.83883667 -90.11627197 6.90000010
v 278.66378784 -92.36622620 6.90000010
v 279.44122314 -88.66209412 6.90000010
v 289.26293945 -90.74835968 6.90000010
v 291.81484985 -79.16436005 6.90000010
v 232.96998596 -65.98997498 0.00000000
v 243.40335083 -69.60368347 0.00000000
v 243.08470154 -69.06777954 0.00000000
v 245.93479919 -68.71936035 0.00000000
v 245.35519409 -67.73490143 0.00000000
v 235.80561829 -46.10814285 0.00000000
v 237.58444214 -46.20814133 0.00000000
v 253.81251526 -70.38783264 0.00000000
v 261.61157227 -71.86959839 0.00000000
v 264.78591919 -52.21241760 0.00000000
v 242.68560791 -23.30654907 0.00000000
v 243.09959412 -21.35396576 0.00000000
v 232.13262939 -14.89006329 0.00000000
v 233.09567261 -10.09363174 0.00000000
v 242.23510742 -17.10247612 0.00000000
v 245.04914856 -12.70391560 0.00000000
v 250.33818054 -27.07828903 0.00000000
v 250.77906799 -25.09173965 0.00000000
v 250.48703003 -23.02354813 0.00000000
v 256.25451660 -28.37384415 0.00000000
v 258.25500488 -18.42397881 0.00000000
v 260.86004639 -3.39804482 0.00000000
v 270.80444336 -75.82498169 0.00000000
v 272.45477295 -74.85160828 0.00000000
v 275.32247925 -53.28198624 0.00000000
v 273.99322510 -49.68578720 0.00000000
v 276.04003906 -50.14538193 0.00000000
v 282.27282715 -54.86257935 0.00000000
v 285.20330811 -41.01612091 0.00000000
v 288.11550903 -41.67614746 0.00000000
v 271.62918091 -21.24310112 0.00000000
v 277.83956909 -32.86426544 0.00000000
v 269.22811890 -5.06542873 0.00000000
v 269.72213745 -2.61141181 0.00000000
v 275.55776978 -4.00887680 0.00000000
v 289.52542114 -35.50345993 0.00000000
v 232.96998596 -65.98997498 6.90000010
v 253.81251526 -70.38783264 6.90000010
v 261.61157227 -71.86959839 6.90000010
v 270.80444336 -75.82498169 6.90000010
v 272.45477295 -74.85160828 6.90000010
v 161.51866150 -12.47520065 9.69999981
v 162.54405212 -7.95467663 9.69999981
v 169.95953369 -9.63459778 9.69999981
v 225.76997375 -43.60550690 9.69999981
v 226.50822449 -40.55717468 9.69999981
v 239.57095337 -90.69789886 12.50000000
v 245.80645752 -91.80791473 12.50000000
v 246.82414246 -86.23321533 12.50000000
v 247.51631165 -83.56338501 12.50000000
v 249.47248840 -86.70002747 12.50000000
v 247.73530579 -82.32597351 12.50000000
v 249.81716919 -82.70700073 12.50000000
v 249.96041870 -84.00198364 12.50000000
v 250.28121948 -80.16493225 12.50000000
v 251.87980652 -80.45809937 12.50000000
v 235.80561829 -46.10814285 9.69999981
v 237.58444214 -46.20814133 9.69999981
v 264.78591919 -52.21241760 9.69999981
v 242.68560791 -23.30654907 9.69999981
v 243.09959412 -21.35396576 9.69999981
v 232.13262939 -14.89006329 9.69999981
v 242.23510742 -17.10247612 9.69999981
v 245.04914856 -12.70391560 9.69999981
v 250.33818054 -27.07828903 9.69999981
v 250.77906799 -25.09173965 9.69999981
v 250.48703003 -23.02354813 9.69999981
v 256.25451660 -28.37384415 9.69999981
v 258.25500488 -18.42397881 9.69999981
v 260.86004639 -3.39804482 9.69999981
v 275.32247925 -53.28198624 9.69999981
v 273.99322510 -49.68578720 9.69999981
v 276.04003906 -50.14538193 9.69999981
v 282.27282715 -54.86257935 9.69999981
v 285.20330811 -41.01612091 9.69999981
v 288.11550903 -41.67614746 9.69999981
v 271.62918091 -21.24310112 9.69999981
v 277.83956909 -32.86426544 9.69999981
v 269.22811890 -5.06542873 9.69999981
v 269.72213745 -2.61141181 9.69999981
v 275.55776978 -4.00887680 9.69999981
v 289.52542114 -35.50345993 9.69999981
v 243.40335083 -69.60368347 12.50000000
v 243.08470154 -69.06777954 12.50000000
v 245.93479919 -68.71936035 12.50000000
v 245.35519409 -67.73490143 12.50000000
v 253.81251526 -70.38783264 12.50000000
v 233.09567261 -10.09363174 12.50000000
v 245.04914856 -12.70391560 12.50000000
v 226.50822449 -40.55717468 18.10000038
v 206.06263733 -36.12728500 18.10000038
v 201.93647766 -29.81495667 18.10000038
v 232.13262939 -14.89006329 18.10000038
v 233.09567261 -10.09363174 18.10000038
v 5.91759777 6.65624809 0.00000000
v 11.20986557 27.80916405 0.00000000
v 14.84070778 26.90075111 0.00000000
v 15.96015453 31.35704803 0.00000000
v 2.48096609 40.61048126 0.00000000
v 3.81399703 46.14868164 0.00000000
v 4.78231287 51.10065460 0.00000000
v 15.83906555 41.04323959 0.00000000
v 14.84830093 42.56127930 0.00000000
v 15.50384045 45.58537292 0.00000000
v 17.63363075 45.13899994 0.00000000
v 18.75333214 50.32781982 0.00000000
v 20.27881241 49.99957275 0.00000000
v 6.47966290 56.86990738 0.00000000
v 7.64021492 61.90436554 0.00000000
v 9.06169319 67.97750854 0.00000000
v 21.04261208 67.24386597 0.00000000
v 27.23322678 38.60795975 0.00000000
v 28.13823891 42.75924683 0.00000000
v 29.19741821 46.29284286 0.00000000
v 29.57065392 48.02244949 0.00000000
v 30.49594307 52.47390366 0.00000000
v 35.26153183 36.09990692 0.00000000
v 34.24911880 41.45757294 0.00000000
v 36.50918198 40.98114395 0.00000000
v 35.02925873 45.05080795 0.00000000
v 37.64067459 44.58313370 0.00000000
v 38.25302887 47.48406601 0.00000000
v 37.21513748 51.26507568 0.00000000
v 39.06947708 50.73414230 0.00000000
v 22.86736298 60.47470093 0.00000000
v 24.37565804 66.40571594 0.00000000
v 22.04533768 71.18670654 0.00000000
v 23.36740685 70.85339355 0.00000000
v 32.25210190 58.11143112 0.00000000
v 38.38396835 56.71038818 0.00000000
v 36.20762253 58.65393829 0.00000000
v 37.03304291 61.91533661 0.00000000
v 38.65620422 58.03792191 0.00000000
v 33.44869614 62.81381989 0.00000000
v 34.40657806 66.70005035 0.00000000
v 34.72587204 67.99546051 0.00000000
v 42.05644226 -2.31004381 0.00000000
v 55.34457016 13.92553711 0.00000000
v 48.47776413 23.28827667 0.00000000
v 49.73921967 32.44287872 0.00000000
v 59.34203339 14.26930237 0.00000000
v 72.91964722 0.68973613 0.00000000
v 73.07849884 9.53939438 0.00000000
v 60.79441452 21.33099365 0.00000000
v 61.23908234 29.47745323 0.00000000
v 72.97009277 26.51777458 0.00000000
v 69.77484131 30.36712837 0.00000000
v 70.79483795 33.98853302 0.00000000
v 73.69451141 29.37710190 0.00000000
v 76.67945862 29.88431358 0.00000000
v 45.06092834 42.71474457 0.00000000
v 45.50579834 44.16866684 0.00000000
v 45.94569397 45.82224274 0.00000000
v 47.45658875 52.76330566 0.00000000
v 50.98687363 37.32411575 0.00000000
v 52.51025009 42.27881241 0.00000000
v 53.89632416 47.17459869 0.00000000
v 55.19626999 52.55657959 0.00000000
v 39.99203110 54.55290222 0.00000000
v 40.82780457 57.77016449 0.00000000
v 41.55342865 61.69500351 0.00000000
v 47.83397675 54.32653427 0.00000000
v 48.24309540 56.10142899 0.00000000
v 40.46752167 65.17515564 0.00000000
v 42.51382446 64.73779297 0.00000000
v 41.95816422 71.07243347 0.00000000
v 42.84520721 67.77600861 0.00000000
v 43.35171509 70.84078217 0.00000000
v 56.53458405 57.88402557 0.00000000
v 49.73233414 62.79777908 0.00000000
v 50.17223358 64.45135498 0.00000000
v 50.54313660 65.90343475 0.00000000
v 57.45905685 62.36875534 0.00000000
v 58.53905869 66.92395020 0.00000000
v 62.92525864 36.06772232 0.00000000
v 64.60136414 42.69103622 0.00000000
v 65.91413116 48.67266846 0.00000000
v 72.51275635 40.79046631 0.00000000
v 74.09532166 46.71222687 0.00000000
v 68.18742371 58.06334686 0.00000000
v 68.47358704 59.94616699 0.00000000
v 76.36862946 56.10290527 0.00000000
v 76.69039154 58.04210281 0.00000000
v 77.06694794 59.63860321 0.00000000
v 69.44525146 64.76502991 0.00000000
v 70.87935638 69.96166992 0.00000000
v 5.91759777 6.65624809 6.90000010
v 11.20986557 27.80916405 6.90000010
v 14.84070778 26.90075111 6.90000010
v 15.96015453 31.35704803 6.90000010
v 15.83906555 41.04323959 4.09999990
v 14.84830093 42.56127930 4.09999990
v 15.50384045 45.58537292 4.09999990
v 17.63363075 45.13899994 4.09999990
v 18.75333214 50.32781982 4.09999990
v 20.27881241 49.99957275 4.09999990
v 21.04261208 67.24386597 4.09999990
v 27.23322678 38.60795975 4.09999990
v 28.13823891 42.75924683 4.09999990
v 29.19741821 46.29284286 4.09999990
v 29.57065392 48.02244949 4.09999990
v 30.49594307 52.47390366 4.09999990
v 35.26153183 36.09990692 4.09999990
v 34.24911880 41.45757294 4.09999990
v 36.50918198 40.98114395 4.09999990
v 35.02925873 45.05080795 4.09999990
v 37.64067459 44.58313370 4.09999990
v 38.25302887 47.48406601 4.09999990
v 37.21513748 51.26507568 4.09999990
v 39.06947708 50.73414230 4.09999990
v 22.86736298 60.47470093 4.09999990
v 24.37565804 66.40571594 4.09999990
v 22.04533768 71.18670654 4.09999990
v 23.36740685 70.85339355 4.09999990
v 32.25210190 58.11143112 4.09999990
v 38.38396835 56.71038818 4.09999990
v 36.20762253 58.65393829 4.09999990
v 37.03304291 61.91533661 4.09999990
v 38.65620422 58.03792191 4.09999990
v 33.44869614 62.81381989 4.09999990
v 34.40657806 66.70005035 4.09999990
v 34.72587204 67.99546051 4.09999990
v 2.48096609 40.61048126 6.90000010
v 3.81399703 46.14868164 6.90000010
v 4.78231287 51.10065460 6.90000010
v 6.47966290 56.86990738 6.90000010
v 7.64021492 61.90436554 6.90000010
v 9.06169319 67.97750854 6.90000010
v 55.34457016 13.92553711 4.09999990
v 49.73921967 32.44287872 4.09999990
v 72.91964722 0.68973613 4.09999990
v 73.07849884 9.53939438 4.09999990
v 61.23908234 29.47745323 4.09999990
v 72.97009277 26.51777458 4.09999990
v 69.77484131 30.36712837 4.09999990
v 70.79483795 33.98853302 4.09999990
v 73.69451141 29.37710190 4.09999990
v 42.05644226 -2.31004381 6.90000010
v 48.47776413 23.28827667 6.90000010
v 59.34203339 14.26930237 6.90000010
v 60.79441452 21.33099365 6.90000010
v 45.06092834 42.71474457 4.09999990
v 45.50579834 44.16866684 4.09999990
v 45.94569397 45.82224274 4.09999990
v 47.45658875 52.76330566 4.09999990
v 50.98687363 37.32411575 4.09999990
v 52.51025009 42.27881241 4.09999990
v 53.89632416 47.17459869 4.09999990
v 55.19626999 52.55657959 4.09999990
v 39.99203110 54.55290222 4.09999990
v 40.82780457 57.77016449 4.09999990
v 41.55342865 61.69500351 4.09999990
v 47.83397675 54.32653427 4.09999990
v 48.24309540 56.10142899 4.09999990
v 40.46752167 65.17515564 4.09999990
v 42.51382446 64.73779297 4.09999990
v 41.95816422 71.07243347 4.09999990
v 42.84520721 67.77600861 4.09999990
v 43.35171509 70.84078217 4.09999990
v 56.53458405 57.88402557 4.09999990
v 49.73233414 62.79777908 4.09999990
v 50.17223358 64.45135498 4.09999990
v 50.54313660 65.90343475 4.09999990
v 57.45905685 62.36875534 4.09999990
v 58.53905869 66.92395020 4.09999990
v 62.92525864 36.06772232 4.09999990
v 64.60136414 42.69103622 4.09999990
v 65.91413116 48.67266846 4.09999990
v 72.51275635 40.79046631 4.09999990
v 74.09532166 46.71222687 4.09999990
v 68.18742371 58.06334686 4.09999990
v 68.47358704 59.94616699 4.09999990
v 76.36862946 56.10290527 4.09999990
v 76.69039154 58.04210281 4.09999990
v 77.06694794 59.63860321 4.09999990
v 69.44525146 64.76502991 4.09999990
v 70.87935638 69.96166992 4.09999990
v 15.68442345 99.23013306 0.00000000
v 26.02594185 81.11938477 0.00000000
v 27.12716293 86.30774689 0.00000000
v 33.68911362 79.15716553 0.00000000
v 35.57581329 72.50053406 0.00000000
v 36.64422226 76.77796936 0.00000000
v 37.15642929 78.49994659 0.00000000
v 37.46165466 79.61742401 0.00000000
v 34.03531647 80.48654175 0.00000000
v 37.70713043 80.53363800 0.00000000
v 35.57046127 88.68237305 0.00000000
v 28.44448853 91.73455811 0.00000000
v 29.66646576 96.90372467 0.00000000
v 35.83317184 90.02076721 0.00000000
v 35.97515869 90.63473511 0.00000000
v 30.73829460 102.15794373 0.00000000
v 7.74224710 115.35848999 0.00000000
v 2.52117109 124.01860046 0.00000000
v 8.62753296 123.27175903 0.00000000
v 13.95430565 114.82516479 0.00000000
v 12.16112328 126.26768494 0.00000000
v 14.72271442 122.60233307 0.00000000
v 2.94317102 128.24664307 0.00000000
v 4.86800098 133.05596924 0.00000000
v 5.20362186 137.03768921 0.00000000
v 12.66503620 132.40675354 0.00000000
v 21.27921867 114.18637085 0.00000000
v 21.98125076 122.02848053 0.00000000
v 23.15636826 125.36518860 0.00000000
v 36.81427765 110.05625916 0.00000000
v 39.72012711 120.79455566 0.00000000
v 23.99591827 135.48596191 0.00000000
v 22.20600510 136.02960205 0.00000000
v 38.31782150 140.31561279 0.00000000
v 42.95758438 75.14837646 0.00000000
v 44.39874268 74.86241913 0.00000000
v 43.41479874 79.07762146 0.00000000
v 45.47217941 77.45297241 0.00000000
v 44.27431488 82.08460236 0.00000000
v 45.31720352 86.27261353 0.00000000
v 45.90433884 88.32941437 0.00000000
v 52.23923874 72.83801270 0.00000000
v 52.61938858 74.29032135 0.00000000
v 53.93992615 74.38980865 0.00000000
v 51.59453583 76.06278229 0.00000000
v 56.98716736 73.51123810 0.00000000
v 53.83552933 81.17964172 0.00000000
v 53.69767761 85.22724915 0.00000000
v 55.36045837 80.87357330 0.00000000
v 54.84517670 84.84518433 0.00000000
v 46.97536850 92.87329102 0.00000000
v 49.31901169 94.24133301 0.00000000
v 48.14823151 97.78595734 0.00000000
v 40.40627670 107.73732758 0.00000000
v 45.37067032 106.40707397 0.00000000
v 45.70114899 107.62506866 0.00000000
v 55.44137955 92.85113525 0.00000000
v 50.51650238 106.33550262 0.00000000
v 51.88010788 106.19189453 0.00000000
v 59.96652222 72.38680267 0.00000000
v 59.97755432 72.68673706 0.00000000
v 61.67878723 79.04431152 0.00000000
v 64.44932556 78.50289917 0.00000000
v 71.76147461 74.28996277 0.00000000
v 73.05000305 79.01683044 0.00000000
v 74.02486420 83.33632660 0.00000000
v 61.03078079 91.31447601 0.00000000
v 67.26686096 89.81612396 0.00000000
v 65.02661133 101.38069916 0.00000000
v 65.38068390 102.76576233 0.00000000
v 68.42494202 100.52196503 0.00000000
v 70.12716675 101.64094543 0.00000000
v 40.75413895 109.00015259 0.00000000
v 46.62745667 110.92227936 0.00000000
v 47.77150345 115.13500977 0.00000000
v 51.41506958 109.63201904 0.00000000
v 52.36329269 113.90646362 0.00000000
v 53.24448013 117.15814972 0.00000000
v 56.59329987 124.60005188 0.00000000
v 59.81177139 125.39054871 0.00000000
v 66.17708588 122.41928101 0.00000000
v 66.51322174 123.78170013 0.00000000
v 73.57668304 120.63914490 0.00000000
v 74.82355499 119.98207855 0.00000000
v 61.76716995 133.43035889 0.00000000
v 69.84034729 132.46611023 0.00000000
v 70.89789581 131.23829651 0.00000000
v 71.06596375 131.91950989 0.00000000
v 76.02705383 130.72235107 0.00000000
v 26.02594185 81.11938477 4.09999990
v 27.12716293 86.30774689 4.09999990
v 33.68911362 79.15716553 4.09999990
v 35.57581329 72.50053406 4.09999990
v 36.64422226 76.77796936 4.09999990
v 37.15642929 78.49994659 4.09999990
v 37.46165466 79.61742401 4.09999990
v 34.03531647 80.48654175 4.09999990
v 37.70713043 80.53363800 4.09999990
v 35.57046127 88.68237305 4.09999990
v 28.44448853 91.73455811 4.09999990
v 29.66646576 96.90372467 4.09999990
v 35.83317184 90.02076721 4.09999990
v 35.97515869 90.63473511 4.09999990
v 30.73829460 102.15794373 4.09999990
v 7.74224710 115.35848999 4.09999990
v 2.52117109 124.01860046 4.09999990
v 8.62753296 123.27175903 4.09999990
v 13.95430565 114.82516479 4.09999990
v 12.16112328 126.26768494 4.09999990
v 14.72271442 122.60233307 4.09999990
v 2.94317102 128.24664307 4.09999990
v 4.86800098 133.05596924 4.09999990
v 5.20362186 137.03768921 4.09999990
v 12.66503620 132.40675354 4.09999990
v 21.27921867 114.18637085 4.09999990
v 21.98125076 122.02848053 4.09999990
v 23.15636826 125.36518860 4.09999990
v 36.81427765 110.05625916 4.09999990
v 39.72012711 120.79455566 4.09999990
v 23.99591827 135.48596191 4.09999990
v 22.20600510 136.02960205 4.09999990
v 38.31782150 140.31561279 4.09999990
v 42.95758438 75.14837646 4.09999990
v 44.39874268 74.86241913 4.09999990
v 43.41479874 79.07762146 4.09999990
v 45.47217941 77.45297241 4.09999990
v 44.27431488 82.08460236 4.09999990
v 45.31720352 86.27261353 4.09999990
v 45.90433884 88.32941437 4.09999990
v 52.23923874 72.83801270 4.09999990
v 52.61938858 74.29032135 4.09999990
v 53.93992615 74.38980865 4.09999990
v 51.59453583 76.06278229 4.09999990
v 56.98716736 73.51123810 4.09999990
v 53.83552933 81.17964172 4.09999990
v 53.69767761 85.22724915 4.09999990
v 55.36045837 80.87357330 4.09999990
v 54.84517670 84.84518433 4.09999990
v 46.97536850 92.87329102 4.09999990
v 49.31901169 94.24133301 4.09999990
v 48.14823151 97.78595734 4.09999990
v 40.40627670 107.73732758 4.09999990
v 45.37067032 106.40707397 4.09999990
v 45.70114899 107.62506866 4.09999990
v 55.44137955 92.85113525 4.09999990
v 50.51650238 106.33550262 4.09999990
v 59.96652222 72.38680267 4.09999990
v 59.97755432 72.68673706 4.09999990
v 61.67878723 79.04431152 4.09999990
v 64.44932556 78.50289917 4.09999990
v 71.76147461 74.28996277 4.09999990
v 73.05000305 79.01683044 4.09999990
v 74.02486420 83.33632660 4.09999990
v 61.03078079 91.31447601 4.09999990
v 67.26686096 89.81612396 4.09999990
v 51.88010788 106.19189453 6.90000010
v 65.02661133 101.38069916 6.90000010
v 65.38068390 102.76576233 6.90000010
v 68.42494202 100.52196503 6.90000010
v 70.12716675 101.64094543 6.90000010
v 40.75413895 109.00015259 4.09999990
v 46.62745667 110.92227936 4.09999990
v 47.77150345 115.13500977 4.09999990
v 51.41506958 109.63201904 4.09999990
v 52.36329269 113.90646362 4.09999990
v 53.24448013 117.15814972 4.09999990
v 59.81177139 125.39054871 4.09999990
v 66.17708588 122.41928101 4.09999990
v 66.51322174 123.78170013 4.09999990
v 73.57668304 120.63914490 4.09999990
v 61.76716995 133.43035889 4.09999990
v 69.84034729 132.46611023 4.09999990
v 70.89789581 131.23829651 4.09999990
v 71.06596375 131.91950989 4.09999990
v 76.02705383 130.72235107 4.09999990
v 56.59329987 124.60005188 6.90000010
v 74.82355499 119.98207855 6.90000010
v 77.91737366 -0.49541083 0.00000000
v 80.31360626 9.53095722 0.00000000
v 94.42262268 6.18654537 0.00000000
v 89.17329407 8.18673992 0.00000000
v 90.62569427 15.24842644 0.00000000
v 94.86164093 25.33171463 0.00000000
v 99.67293549 -1.79585183 0.00000000
v 102.34339905 -2.40635490 0.00000000
v 102.93659973 0.15003416 0.00000000
v 110.07334137 -1.48129189 0.00000000
v 111.20027161 3.41912627 0.00000000
v 83.21530151 55.71852875 0.00000000
v 83.62744904 58.11502457 0.00000000
v 84.40444183 61.46400452 0.00000000
v 77.91791534 62.98942566 0.00000000
v 78.12447357 63.98236084 0.00000000
v 79.99971771 71.15446472 0.00000000
v 84.47658539 62.65336609 0.00000000
v 84.74123383 63.91411591 0.00000000
v 92.19995117 53.44512177 0.00000000
v 87.28958893 63.37826538 0.00000000
v 87.79293823 66.19878387 0.00000000
v 90.92227173 66.11026001 0.00000000
v 88.47513580 69.26793671 0.00000000
v 94.53368378 64.12475586 0.00000000
v 94.42960358 65.33192444 0.00000000
v 102.95290375 41.83731842 0.00000000
v 99.42753601 51.88265610 0.00000000
v 101.40705109 51.15505219 0.00000000
v 107.59894562 38.05738831 0.00000000
v 106.81268311 41.02336502 0.00000000
v 111.26593781 37.18313599 0.00000000
v 115.08058929 36.32365799 0.00000000
v 107.53337860 44.40423584 0.00000000
v 108.89131165 44.11619568 0.00000000
v 105.76779175 55.11493683 0.00000000
v 97.78650665 64.64972687 0.00000000
v 100.13503265 63.96461487 0.00000000
v 101.76128387 62.56228638 0.00000000
v 103.79899597 63.21237564 0.00000000
v 114.88559723 53.06680298 0.00000000
v 112.60630798 66.57269287 0.00000000
v 118.82084656 1.67776012 0.00000000
v 124.14044189 -2.02990675 0.00000000
v 120.04795837 7.01352215 0.00000000
v 126.00437164 5.59695816 0.00000000
v 128.62962341 26.86093903 0.00000000
v 125.12892151 33.68826294 0.00000000
v 129.62104797 31.25853539 0.00000000
v 129.31547546 33.12661362 0.00000000
v 133.91000366 30.29987907 0.00000000
v 132.98811340 32.39677811 0.00000000
v 135.91743469 3.19125819 0.00000000
v 138.43829346 34.21952438 0.00000000
v 140.56541443 28.67873764 0.00000000
v 142.58186340 30.18289185 0.00000000
v 141.65731812 33.50058746 0.00000000
v 145.30158997 23.13633537 0.00000000
v 146.26861572 27.40013695 0.00000000
v 146.46963501 29.35852051 0.00000000
v 116.45700073 42.35126495 0.00000000
v 121.52318573 41.38977051 0.00000000
v 123.51873016 51.16197205 0.00000000
v 126.49801636 40.38160706 0.00000000
v 134.15519714 38.28598022 0.00000000
v 132.50598145 49.15496445 0.00000000
v 120.10010529 65.09453583 0.00000000
v 126.16392517 63.82492447 0.00000000
v 131.31886292 62.64366150 0.00000000
v 135.38467407 36.84046555 0.00000000
v 138.85501099 36.06119537 0.00000000
v 139.44355774 37.31891251 0.00000000
v 141.54869080 47.14933014 0.00000000
v 143.90791321 36.37571716 0.00000000
v 149.90112305 45.37067032 0.00000000
v 136.25367737 61.75658417 0.00000000
v 140.59025574 60.74361420 0.00000000
v 141.86862183 70.70882416 0.00000000
v 142.72285461 70.58581543 0.00000000
v 143.75524902 70.36735535 0.00000000
v 145.48641968 59.92215729 0.00000000
v 150.07182312 58.94867706 0.00000000
v 151.09683228 68.68560028 0.00000000
v 152.14993286 68.37886047 0.00000000
v 152.96855164 68.19947052 0.00000000
v 77.91737366 -0.49541083 4.09999990
v 80.31360626 9.53095722 4.09999990
v 94.42262268 6.18654537 4.09999990
v 89.17329407 8.18673992 6.90000010
v 90.62569427 15.24842644 6.90000010
v 99.67293549 -1.79585183 6.90000010
v 102.34339905 -2.40635490 6.90000010
v 102.93659973 0.15003416 6.90000010
v 110.07334137 -1.48129189 6.90000010
v 111.20027161 3.41912627 6.90000010
v 83.62744904 58.11502457 4.09999990
v 84.40444183 61.46400452 4.09999990
v 77.91791534 62.98942566 4.09999990
v 78.12447357 63.98236084 4.09999990
v 79.99971771 71.15446472 4.09999990
v 84.47658539 62.65336609 4.09999990
v 84.74123383 63.91411591 4.09999990
v 92.19995117 53.44512177 4.09999990
v 87.28958893 63.37826538 4.09999990
v 87.79293823 66.19878387 4.09999990
v 90.92227173 66.11026001 4.09999990
v 88.47513580 69.26793671 4.09999990
v 94.53368378 64.12475586 4.09999990
v 94.42960358 65.33192444 4.09999990
v 102.95290375 41.83731842 4.09999990
v 99.42753601 51.88265610 4.09999990
v 107.59894562 38.05738831 4.09999990
v 106.81268311 41.02336502 4.09999990
v 111.26593781 37.18313599 4.09999990
v 115.08058929 36.32365799 4.09999990
v 107.53337860 44.40423584 4.09999990
v 108.89131165 44.11619568 4.09999990
v 105.76779175 55.11493683 4.09999990
v 97.78650665 64.64972687 4.09999990
v 100.13503265 63.96461487 4.09999990
v 101.76128387 62.56228638 4.09999990
v 103.79899597 63.21237564 4.09999990
v 114.88559723 53.06680298 4.09999990
v 112.60630798 66.57269287 4.09999990
v 128.62962341 26.86093903 4.09999990
v 125.12892151 33.68826294 4.09999990
v 129.62104797 31.25853539 4.09999990
v 129.31547546 33.12661362 4.09999990
v 133.91000366 30.29987907 4.09999990
v 132.98811340 32.39677811 4.09999990
v 138.43829346 34.21952438 4.09999990
v 140.56541443 28.67873764 4.09999990
v 142.58186340 30.18289185 4.09999990
v 141.65731812 33.50058746 4.09999990
v 145.30158997 23.13633537 4.09999990
v 146.26861572 27.40013695 4.09999990
v 146.46963501 29.35852051 4.09999990
v 118.82084656 1.67776012 6.90000010
v 124.14044189 -2.02990675 6.90000010
v 120.04795837 7.01352215 6.90000010
v 126.00437164 5.59695816 6.90000010
v 135.91743469 3.19125819 6.90000010
v 116.45700073 42.35126495 4.09999990
v 121.52318573 41.38977051 4.09999990
v 123.51873016 51.16197205 4.09999990
v 126.49801636 40.38160706 4.09999990
v 134.15519714 38.28598022 4.09999990
v 132.50598145 49.15496445 4.09999990
v 120.10010529 65.09453583 4.09999990
v 126.16392517 63.82492447 4.09999990
v 131.31886292 62.64366150 4.09999990
v 135.38467407 36.84046555 4.09999990
v 138.85501099 36.06119537 4.09999990
v 139.44355774 37.31891251 4.09999990
v 141.54869080 47.14933014 4.09999990
v 143.90791321 36.37571716 4.09999990
v 149.90112305 45.37067032 4.09999990
v 136.25367737 61.75658417 4.09999990
v 140.59025574 60.74361420 4.09999990
v 141.86862183 70.70882416 4.09999990
v 142.72285461 70.58581543 4.09999990
v 143.75524902 70.36735535 4.09999990
v 145.48641968 59.92215729 4.09999990
v 150.07182312 58.94867706 4.09999990
v 151.09683228 68.68560028 4.09999990
v 152.14993286 68.37886047 4.09999990
v 152.96855164 68.19947052 4.09999990
v 80.33833313 72.41706085 0.00000000
v 80.50418854 73.18700409 0.00000000
v 81.84399414 80.31247711 0.00000000
v 86.64392853 71.84162140 0.00000000
v 86.86056519 72.80151367 0.00000000
v 82.11899567 81.52909088 0.00000000
v 89.36296082 72.25341797 0.00000000
v 89.84284973 75.27312469 0.00000000
v 88.39376831 77.73424530 0.00000000
v 88.63537598 78.80574799 0.00000000
v 90.30082703 77.31560516 0.00000000
v 91.48022461 76.02423859 0.00000000
v 93.07125092 75.66431427 0.00000000
v 93.30480194 84.11627197 0.00000000
v 99.88278198 74.09148407 0.00000000
v 102.29216766 73.56326294 0.00000000
v 98.39365387 82.98887634 0.00000000
v 104.08005524 81.64328766 0.00000000
v 107.44221497 80.75034332 0.00000000
v 112.65843964 107.93899536 0.00000000
v 82.15160370 115.50315857 0.00000000
v 83.91826630 122.20641327 0.00000000
v 85.33000183 123.47354126 0.00000000
v 89.16590118 113.59132385 0.00000000
v 94.64103699 112.18498230 0.00000000
v 91.33659363 121.90286255 0.00000000
v 83.67652130 131.16818237 0.00000000
v 86.84029388 144.55438232 0.00000000
v 92.51729584 129.10205078 0.00000000
v 92.83094788 130.25303650 0.00000000
v 95.84489441 142.22596741 0.00000000
v 99.96658325 110.84150696 0.00000000
v 96.80277252 120.48519135 0.00000000
v 101.94228363 119.18147278 0.00000000
v 106.35819244 109.41358948 0.00000000
v 114.67252350 116.22443390 0.00000000
v 108.23384857 117.68447113 0.00000000
v 110.03250885 126.07553101 0.00000000
v 98.66724396 128.83349609 0.00000000
v 104.52204132 127.41440582 0.00000000
v 101.54871368 140.92520142 0.00000000
v 107.36238098 139.67156982 0.00000000
v 112.95442200 138.40132141 0.00000000
v 119.78521729 75.50840759 0.00000000
v 122.21309662 74.98064423 0.00000000
v 123.24896240 79.82329559 0.00000000
v 116.18540955 82.59963226 0.00000000
v 117.99501801 83.12194824 0.00000000
v 121.12548828 81.50181580 0.00000000
v 124.59386444 88.60260010 0.00000000
v 126.31631470 74.05065918 0.00000000
v 128.13932800 73.66321564 0.00000000
v 129.03637695 78.13614655 0.00000000
v 127.36005402 78.94900513 0.00000000
v 132.26974487 72.75610352 0.00000000
v 133.40246582 72.59563446 0.00000000
v 133.18334961 77.30713654 0.00000000
v 117.36541748 90.19836426 0.00000000
v 119.44926453 89.73972321 0.00000000
v 119.64552307 100.43270111 0.00000000
v 121.32492065 104.32579041 0.00000000
v 126.24902344 96.06888580 0.00000000
v 126.86472321 98.83670807 0.00000000
v 128.26731873 95.64190674 0.00000000
v 128.67257690 97.57208252 0.00000000
v 131.42349243 92.24660492 0.00000000
v 130.87689209 97.10533905 0.00000000
v 131.99490356 94.93563080 0.00000000
v 132.23057556 96.61741638 0.00000000
v 126.29212952 99.91011810 0.00000000
v 126.98951721 103.11283112 0.00000000
v 129.58486938 99.20411682 0.00000000
v 130.52709961 101.49172974 0.00000000
v 133.19731140 100.89230347 0.00000000
v 134.69512939 72.32816315 0.00000000
v 134.82290649 79.45673370 0.00000000
v 136.61425781 81.45472717 0.00000000
v 136.25245667 85.95180511 0.00000000
v 136.17544556 86.07196808 0.00000000
v 140.20811462 80.54534149 0.00000000
v 143.77934265 79.80187988 0.00000000
v 145.69674683 79.33908844 0.00000000
v 149.37271118 78.47614288 0.00000000
v 152.99017334 77.73382568 0.00000000
v 147.62719727 88.75450134 0.00000000
v 150.04554749 88.23759460 0.00000000
v 137.22705078 91.02600098 0.00000000
v 138.64093018 95.17884827 0.00000000
v 140.85714722 93.49153900 0.00000000
v 141.35848999 107.16657257 0.00000000
v 148.30802917 91.87910461 0.00000000
v 148.42886353 95.20063019 0.00000000
v 151.42350769 94.57598877 0.00000000
v 143.87095642 107.32903290 0.00000000
v 150.38195801 104.45012665 0.00000000
v 150.72651672 105.84604645 0.00000000
v 123.49932861 114.34661865 0.00000000
v 116.50057983 124.54962158 0.00000000
v 132.27790833 109.20455933 0.00000000
v 132.46620178 112.41678619 0.00000000
v 126.01565552 120.66897583 0.00000000
v 119.41297913 136.88626099 0.00000000
v 130.93608093 142.27868652 0.00000000
v 139.13450623 117.71047974 0.00000000
v 142.99369812 119.14953613 0.00000000
v 144.36866760 117.06391907 0.00000000
v 147.95162964 116.22085571 0.00000000
v 144.77131653 118.72766113 0.00000000
v 148.39582825 118.07431030 0.00000000
v 138.17541504 142.84742737 0.00000000
v 144.05494690 139.32017517 0.00000000
v 148.06030273 140.46319580 0.00000000
v 80.33833313 72.41706085 4.09999990
v 80.50418854 73.18700409 4.09999990
v 81.84399414 80.31247711 4.09999990
v 86.64392853 71.84162140 4.09999990
v 86.86056519 72.80151367 4.09999990
v 82.11899567 81.52909088 4.09999990
v 89.36296082 72.25341797 4.09999990
v 89.84284973 75.27312469 4.09999990
v 88.39376831 77.73424530 4.09999990
v 88.63537598 78.80574799 4.09999990
v 90.30082703 77.31560516 4.09999990
v 91.48022461 76.02423859 4.09999990
v 93.07125092 75.66431427 4.09999990
v 93.30480194 84.11627197 4.09999990
v 99.88278198 74.09148407 4.09999990
v 102.29216766 73.56326294 4.09999990
v 98.39365387 82.98887634 4.09999990
v 104.08005524 81.64328766 4.09999990
v 107.44221497 80.75034332 4.09999990
v 112.65843964 107.93899536 4.09999990
v 82.15160370 115.50315857 4.09999990
v 83.91826630 122.20641327 4.09999990
v 85.33000183 123.47354126 4.09999990
v 89.16590118 113.59132385 4.09999990
v 94.64103699 112.18498230 4.09999990
v 91.33659363 121.90286255 4.09999990
v 92.83094788 130.25303650 4.09999990
v 95.84489441 142.22596741 4.09999990
v 99.96658325 110.84150696 4.09999990
v 96.80277252 120.48519135 4.09999990
v 101.94228363 119.18147278 4.09999990
v 106.35819244 109.41358948 4.09999990
v 114.67252350 116.22443390 4.09999990
v 108.23384857 117.68447113 4.09999990
v 110.03250885 126.07553101 4.09999990
v 98.66724396 128.83349609 4.09999990
v 104.52204132 127.41440582 4.09999990
v 101.54871368 140.92520142 4.09999990
v 107.36238098 139.67156982 4.09999990
v 112.95442200 138.40132141 4.09999990
v 83.67652130 131.16818237 6.90000010
v 86.84029388 144.55438232 6.90000010
v 92.51729584 129.10205078 6.90000010
v 92.83094788 130.25303650 6.90000010
v 95.84489441 142.22596741 6.90000010
v 119.78521729 75.50840759 4.09999990
v 122.21309662 74.98064423 4.09999990
v 123.24896240 79.82329559 4.09999990
v 116.18540955 82.59963226 4.09999990
v 117.99501801 83.12194824 4.09999990
v 121.12548828 81.50181580 4.09999990
v 124.59386444 88.60260010 4.09999990
v 126.31631470 74.05065918 4.09999990
v 128.13932800 73.66321564 4.09999990
v 129.03637695 78.13614655 4.09999990
v 127.36005402 78.94900513 4.09999990
v 132.26974487 72.75610352 4.09999990
v 133.40246582 72.59563446 4.09999990
v 133.18334961 77.30713654 4.09999990
v 117.36541748 90.19836426 4.09999990
v 119.44926453 89.73972321 4.09999990
v 119.64552307 100.43270111 4.09999990
v 121.32492065 104.32579041 4.09999990
v 126.24902344 96.06888580 4.09999990
v 126.86472321 98.83670807 4.09999990
v 128.26731873 95.64190674 4.09999990
v 128.67257690 97.57208252 4.09999990
v 131.42349243 92.24660492 4.09999990
v 130.87689209 97.10533905 4.09999990
v 131.99490356 94.93563080 4.09999990
v 132.23057556 96.61741638 4.09999990
v 126.29212952 99.91011810 4.09999990
v 126.98951721 103.11283112 4.09999990
v 129.58486938 99.20411682 4.09999990
v 130.52709961 101.49172974 4.09999990
v 133.19731140 100.89230347 4.09999990
v 134.69512939 72.32816315 4.09999990
v 134.82290649 79.45673370 4.09999990
v 136.61425781 81.45472717 4.09999990
v 136.25245667 85.95180511 4.09999990
v 136.17544556 86.07196808 4.09999990
v 140.20811462 80.54534149 4.09999990
v 143.77934265 79.80187988 4.09999990
v 145.69674683 79.33908844 4.09999990
v 149.37271118 78.47614288 4.09999990
v 152.99017334 77.73382568 4.09999990
v 147.62719727 88.75450134 4.09999990
v 150.04554749 88.23759460 4.09999990
v 137.22705078 91.02600098 4.09999990
v 138.64093018 95.17884827 4.09999990
v 140.85714722 93.49153900 4.09999990
v 141.35848999 107.16657257 4.09999990
v 148.30802917 91.87910461 4.09999990
v 148.42886353 95.20063019 4.09999990
v 151.42350769 94.57598877 4.09999990
v 143.87095642 107.32903290 4.09999990
v 150.38195801 104.45012665 4.09999990
v 150.72651672 105.84604645 4.09999990
v 123.49932861 114.34661865 4.09999990
v 116.50057983 124.54962158 4.09999990
v 132.27790833 109.20455933 4.09999990
v 132.46620178 112.41678619 4.09999990
v 119.41297913 136.88626099 4.09999990
v 126.01565552 120.66897583 6.90000010
v 130.93608093 142.27868652 6.90000010
v 139.13450623 117.71047974 6.90000010
v 142.99369812 119.14953613 6.90000010
v 144.36866760 117.06391907 6.90000010
v 147.95162964 116.22085571 6.90000010
v 144.77131653 118.72766113 6.90000010
v 148.39582825 118.07431030 6.90000010
v 138.17541504 142.84742737 6.90000010
v 144.05494690 139.32017517 6.90000010
v 148.06030273 140.46319580 6.90000010
v 76.67945862 29.88431358 9.69999981
v 94.86164093 25.33171463 9.69999981
v 83.21530151 55.71852875 9.69999981
v 92.19995117 53.44512177 9.69999981
v 99.42753601 51.88265610 9.69999981
v 101.40705109 51.15505219 9.69999981
v 138.17541504 142.84742737 9.69999981
v 24.20255280 163.58204651 0.00000000
v 26.59151459 163.87464905 0.00000000
v 6.06859589 201.83154297 0.00000000
v 29.31845474 198.50408936 0.00000000
v 27.06129837 201.83296204 0.00000000
v 56.95140076 162.58888245 0.00000000
v 71.33134460 161.74844360 0.00000000
v 41.35220718 185.62969971 0.00000000
v 42.00839233 186.40075684 0.00000000
v 51.62737274 186.15205383 0.00000000
v 54.34642029 187.30747986 0.00000000
v 51.87123108 195.30349731 0.00000000
v 54.27580261 195.34120178 0.00000000
v 42.46244431 203.82600403 0.00000000
v 54.42903137 203.30282593 0.00000000
v 54.98214722 203.38319397 0.00000000
v 59.19303513 184.76452637 0.00000000
v 59.07874298 185.63847351 0.00000000
v 59.16701889 187.29438782 0.00000000
v 68.11688995 184.56507874 0.00000000
v 69.72424316 203.60617065 0.00000000
v 24.20255280 163.58204651 4.09999990
v 26.59151459 163.87464905 4.09999990
v 6.06859589 201.83154297 4.09999990
v 29.31845474 198.50408936 4.09999990
v 27.06129837 201.83296204 4.09999990
v 56.95140076 162.58888245 4.09999990
v 71.33134460 161.74844360 4.09999990
v 41.35220718 185.62969971 4.09999990
v 54.34642029 187.30747986 4.09999990
v 54.98214722 203.38319397 4.09999990
v 59.19303513 184.76452637 4.09999990
v 59.07874298 185.63847351 4.09999990
v 59.16701889 187.29438782 4.09999990
v 68.11688995 184.56507874 4.09999990
v 69.72424316 203.60617065 4.09999990
v 42.00839233 186.40075684 6.90000010
v 51.62737274 186.15205383 6.90000010
v 51.87123108 195.30349731 6.90000010
v 54.27580261 195.34120178 6.90000010
v 42.46244431 203.82600403 6.90000010
v 54.42903137 203.30282593 6.90000010
v 68.11688995 184.56507874 6.90000010
v 69.72424316 203.60617065 6.90000010
v 14.08025074 227.10324097 0.00000000
v 13.15655136 253.40644836 0.00000000
v 60.69658661 223.56988525 0.00000000
v 76.76022339 224.22532654 0.00000000
v 59.36033630 256.41107178 0.00000000
v 75.42430878 257.05541992 0.00000000
v 60.69658661 223.56988525 4.09999990
v 76.76022339 224.22532654 4.09999990
v 59.36033630 256.41107178 4.09999990
v 75.42430878 257.05541992 4.09999990
v 88.81224823 180.53012085 0.00000000
v 97.45145416 172.44346619 0.00000000
v 98.69084930 178.40106201 0.00000000
v 80.03945160 183.20837402 0.00000000
v 82.00352478 203.90095520 0.00000000
v 84.34495544 201.27337646 0.00000000
v 93.55941772 202.77926636 0.00000000
v 99.73900604 183.12193298 0.00000000
v 101.14469147 189.46102905 0.00000000
v 105.34278870 182.49569702 0.00000000
v 106.10717010 188.95201111 0.00000000
v 103.67168427 200.55612183 0.00000000
v 104.04300690 202.36335754 0.00000000
v 107.34726715 200.82525635 0.00000000
v 107.32556915 202.06776428 0.00000000
v 129.03157043 145.19461060 0.00000000
v 124.61922455 169.67951965 0.00000000
v 140.32043457 153.67771912 0.00000000
v 140.83305359 156.49847412 0.00000000
v 144.43373108 175.37829590 0.00000000
v 127.25115204 198.47970581 0.00000000
v 138.91284180 199.42495728 0.00000000
v 145.74087524 183.44633484 0.00000000
v 149.73483276 183.19064331 0.00000000
v 150.12983704 188.50567627 0.00000000
v 140.34300232 218.52819824 0.00000000
v 153.14894104 217.73722839 0.00000000
v 88.81224823 180.53012085 6.90000010
v 98.69084930 178.40106201 6.90000010
v 80.03945160 183.20837402 6.90000010
v 82.00352478 203.90095520 6.90000010
v 84.34495544 201.27337646 6.90000010
v 93.55941772 202.77926636 6.90000010
v 99.73900604 183.12193298 6.90000010
v 101.14469147 189.46102905 6.90000010
v 103.67168427 200.55612183 6.90000010
v 140.83305359 156.49847412 4.09999990
v 144.43373108 175.37829590 4.09999990
v 140.32043457 153.67771912 6.90000010
v 140.34300232 218.52819824 4.09999990
v 153.14894104 217.73722839 4.09999990
v 84.13227081 223.55435181 0.00000000
v 82.45269012 226.35379028 0.00000000
v 96.54378510 223.74142456 0.00000000
v 96.55016327 228.31427002 0.00000000
v 82.21936798 240.92062378 0.00000000
v 82.12651062 245.39111328 0.00000000
v 81.85897064 254.27453613 0.00000000
v 96.11030579 241.14454651 0.00000000
v 96.01248169 245.81468201 0.00000000
v 95.79674530 252.99018860 0.00000000
v 95.74495697 254.69810486 0.00000000
v 126.56974030 228.44042969 0.00000000
v 126.33040619 243.25128174 0.00000000
v 139.28115845 241.47613525 0.00000000
v 152.78388977 242.05656433 0.00000000
v 152.36459351 244.03280640 0.00000000
v 152.09114075 255.01373291 0.00000000
v 82.12651062 245.39111328 4.09999990
v 81.85897064 254.27453613 4.09999990
v 96.01248169 245.81468201 4.09999990
v 95.79674530 252.99018860 4.09999990
v 95.74495697 254.69810486 4.09999990
v 84.13227081 223.55435181 6.90000010
v 82.45269012 226.35379028 6.90000010
v 96.54378510 223.74142456 6.90000010
v 96.55016327 228.31427002 6.90000010
v 82.21936798 240.92062378 6.90000010
v 96.11030579 241.14454651 6.90000010
v 96.01248169 245.81468201 6.90000010
v 95.79674530 252.99018860 6.90000010
v 139.28115845 241.47613525 4.09999990
v 152.78388977 242.05656433 4.09999990
v 126.56974030 228.44042969 6.90000010
v 126.33040619 243.25128174 6.90000010
v 152.36459351 244.03280640 6.90000010
v 152.09114075 255.01373291 6.90000010
v 97.45145416 172.44346619 9.69999981
v 98.69084930 178.40106201 9.69999981
v 99.73900604 183.12193298 9.69999981
v 101.14469147 189.46102905 9.69999981
v 105.34278870 182.49569702 9.69999981
v 106.10717010 188.95201111 9.69999981
v 103.67168427 200.55612183 9.69999981
v 104.04300690 202.36335754 9.69999981
v 107.34726715 200.82525635 9.69999981
v 107.32556915 202.06776428 9.69999981
v 129.03157043 145.19461060 9.69999981
v 124.61922455 169.67951965 9.69999981
v 140.32043457 153.67771912 9.69999981
v 140.83305359 156.49847412 9.69999981
v 144.43373108 175.37829590 9.69999981
v 127.25115204 198.47970581 9.69999981
v 138.91284180 199.42495728 9.69999981
v 145.74087524 183.44633484 9.69999981
v 149.73483276 183.19064331 9.69999981
v 150.12983704 188.50567627 9.69999981
v 159.84957886 47.86036682 0.00000000
v 154.61940002 58.00754929 0.00000000
v 159.23335266 57.00148010 0.00000000
v 159.78822327 58.86878586 0.00000000
v 159.57612610 65.90010071 0.00000000
v 161.25961304 65.54247284 0.00000000
v 161.74201965 67.71874237 0.00000000
v 166.46723938 57.41469574 0.00000000
v 171.89817810 56.29577637 0.00000000
v 163.82585144 67.26009369 0.00000000
v 168.56250000 66.15718079 0.00000000
v 169.84619141 65.87837982 0.00000000
v 181.24003601 40.79039383 0.00000000
v 181.47128296 42.64964294 0.00000000
v 177.58178711 55.06106567 0.00000000
v 178.53619385 55.37339783 0.00000000
v 173.77703857 64.81089783 0.00000000
v 175.43280029 64.45257568 0.00000000
v 188.33169556 53.23108292 0.00000000
v 206.70918274 7.76210594 0.00000000
v 201.78123474 31.41289330 0.00000000
v 210.01141357 7.04521704 0.00000000
v 213.87998962 16.65315056 0.00000000
v 215.52595520 24.11918259 0.00000000
v 217.15394592 23.76016045 0.00000000
v 191.85447693 52.57518387 0.00000000
v 200.46710205 36.62987518 0.00000000
v 201.90237427 50.32815170 0.00000000
v 212.90293884 35.82963181 0.00000000
v 216.77941895 44.00602341 0.00000000
v 218.36109924 50.33838272 0.00000000
v 219.49844360 34.38452530 0.00000000
v 228.37388611 41.69757843 0.00000000
v 225.79154968 45.82860947 0.00000000
v 226.46371460 48.93079376 0.00000000
v 226.90763855 50.79533386 0.00000000
v 219.56037903 56.79440689 0.00000000
v 220.78437805 62.62951660 0.00000000
v 221.99000549 68.83042908 0.00000000
v 154.61940002 58.00754929 4.09999990
v 159.23335266 57.00148010 4.09999990
v 159.78822327 58.86878586 4.09999990
v 159.57612610 65.90010071 4.09999990
v 161.25961304 65.54247284 4.09999990
v 161.74201965 67.71874237 4.09999990
v 166.46723938 57.41469574 4.09999990
v 171.89817810 56.29577637 4.09999990
v 163.82585144 67.26009369 4.09999990
v 168.56250000 66.15718079 4.09999990
v 169.84619141 65.87837982 4.09999990
v 177.58178711 55.06106567 4.09999990
v 173.77703857 64.81089783 4.09999990
v 175.43280029 64.45257568 4.09999990
v 181.24003601 40.79039383 6.90000010
v 201.78123474 31.41289330 6.90000010
v 200.46710205 36.62987518 6.90000010
v 216.77941895 44.00602341 6.90000010
v 218.36109924 50.33838272 6.90000010
v 228.37388611 41.69757843 6.90000010
v 225.79154968 45.82860947 6.90000010
v 226.46371460 48.93079376 6.90000010
v 226.90763855 50.79533386 6.90000010
v 219.56037903 56.79440689 6.90000010
v 220.78437805 62.62951660 6.90000010
v 221.99000549 68.83042908 6.90000010
v 154.97988892 77.33943176 0.00000000
v 161.76228333 75.82131958 0.00000000
v 158.68331909 76.48825836 0.00000000
v 156.22303772 82.77547455 0.00000000
v 166.17871094 77.91797638 0.00000000
v 170.77418518 76.91143799 0.00000000
v 171.98033142 76.77499390 0.00000000
v 153.59255981 91.06731415 0.00000000
v 154.20440674 93.99041748 0.00000000
v 157.26632690 90.29309845 0.00000000
v 159.84051514 102.46592712 0.00000000
v 160.63845825 101.63119507 0.00000000
v 176.41474915 75.91982269 0.00000000
v 177.82693481 75.31126404 0.00000000
v 181.85479736 74.43486786 0.00000000
v 182.36830139 74.24787903 0.00000000
v 181.77609253 76.85243225 0.00000000
v 186.19155884 95.70814514 0.00000000
v 187.26467896 94.96904755 0.00000000
v 153.63017273 114.81954956 0.00000000
v 154.09120178 116.74001312 0.00000000
v 156.84082031 114.06709290 0.00000000
v 157.21739197 115.66358948 0.00000000
v 169.92938232 112.69492340 0.00000000
v 168.46615601 142.84704590 0.00000000
v 175.73953247 114.18254852 0.00000000
v 175.14839172 134.57839966 0.00000000
v 175.56004333 134.76623535 0.00000000
v 175.15818787 142.35885620 0.00000000
v 197.06947327 92.82695770 0.00000000
v 200.76448059 91.94226837 0.00000000
v 210.80317688 89.69499207 0.00000000
v 223.19178772 75.18662262 0.00000000
v 224.28675842 81.37368011 0.00000000
v 225.75238037 88.28028107 0.00000000
v 211.43501282 105.93707275 0.00000000
v 207.93099976 125.90523529 0.00000000
v 201.23399353 127.33671570 0.00000000
v 207.40805054 130.18742371 0.00000000
v 208.26272583 127.44512177 0.00000000
v 204.21231079 141.11779785 0.00000000
v 204.87992859 143.28758240 0.00000000
v 205.10362244 144.33642578 0.00000000
v 206.08183289 140.72039795 0.00000000
v 206.55418396 142.92970276 0.00000000
v 214.59135437 108.47956848 0.00000000
v 210.46705627 126.97836304 0.00000000
v 210.99832153 129.42221069 0.00000000
v 218.07331848 128.04452515 0.00000000
v 222.92825317 127.02223206 0.00000000
v 154.97988892 77.33943176 4.09999990
v 161.76228333 75.82131958 4.09999990
v 158.68331909 76.48825836 4.09999990
v 166.17871094 77.91797638 4.09999990
v 170.77418518 76.91143799 4.09999990
v 171.98033142 76.77499390 4.09999990
v 153.59255981 91.06731415 4.09999990
v 154.20440674 93.99041748 4.09999990
v 157.26632690 90.29309845 4.09999990
v 159.84051514 102.46592712 4.09999990
v 176.41474915 75.91982269 4.09999990
v 177.82693481 75.31126404 4.09999990
v 181.85479736 74.43486786 4.09999990
v 153.63017273 114.81954956 6.90000010
v 154.09120178 116.74001312 6.90000010
v 156.84082031 114.06709290 6.90000010
v 157.21739197 115.66358948 6.90000010
v 169.92938232 112.69492340 6.90000010
v 168.46615601 142.84704590 6.90000010
v 175.14839172 134.57839966 6.90000010
v 175.56004333 134.76623535 6.90000010
v 175.15818787 142.35885620 6.90000010
v 223.19178772 75.18662262 6.90000010
v 224.28675842 81.37368011 6.90000010
v 225.75238037 88.28028107 6.90000010
v 235.50942993 1.46474516 0.00000000
v 234.19650269 12.20892715 0.00000000
v 238.27145386 30.62327957 0.00000000
v 253.21090698 -0.13675185 0.00000000
v 255.57431030 -0.67724985 0.00000000
v 254.55317688 5.77898932 0.00000000
v 249.47309875 6.92888021 0.00000000
v 253.98468018 27.12989044 0.00000000
v 256.11190796 34.21943665 0.00000000
v 237.77854919 38.90176010 0.00000000
v 229.29264832 44.92798615 0.00000000
v 230.64900208 50.27804565 0.00000000
v 231.40754700 54.37016296 0.00000000
v 228.70805359 58.37619400 0.00000000
v 229.38311768 60.99010086 0.00000000
v 232.19383240 57.71935654 0.00000000
v 229.69470215 63.33969116 0.00000000
v 233.31600952 62.44205856 0.00000000
v 231.37796021 70.79554749 0.00000000
v 234.08683777 66.41239929 0.00000000
v 234.85766602 70.38273621 0.00000000
v 256.22174072 35.01018143 0.00000000
v 266.03857422 50.59298706 0.00000000
v 266.37088013 52.11068344 0.00000000
v 260.24099731 53.43423080 0.00000000
v 261.45645142 58.12595367 0.00000000
v 265.51342773 57.19475555 0.00000000
v 277.66650391 0.84936118 0.00000000
v 267.70965576 31.77784538 0.00000000
v 269.25845337 30.88410568 0.00000000
v 282.16409302 20.87242508 0.00000000
v 282.27636719 27.51225662 0.00000000
v 293.39535522 5.64704895 0.00000000
v 289.13388062 10.33563232 0.00000000
v 294.17532349 9.25134945 0.00000000
v 296.68392944 5.10736895 0.00000000
v 299.00805664 15.80889225 0.00000000
v 290.73504639 17.74503899 0.00000000
v 272.61065674 44.14173508 0.00000000
v 271.76840210 49.35936737 0.00000000
v 274.38916016 52.23257828 0.00000000
v 277.64868164 42.82430267 0.00000000
v 279.58047485 51.07434464 0.00000000
v 269.56253052 56.20787048 0.00000000
v 272.20333862 55.67427063 0.00000000
v 275.70205688 58.21417618 0.00000000
v 273.85473633 63.29580688 0.00000000
v 275.05465698 63.03710556 0.00000000
v 281.05981445 57.06008148 0.00000000
v 256.11190796 34.21943665 4.09999990
v 237.77854919 38.90176010 4.09999990
v 256.22174072 35.01018143 4.09999990
v 266.03857422 50.59298706 4.09999990
v 266.37088013 52.11068344 4.09999990
v 260.24099731 53.43423080 4.09999990
v 261.45645142 58.12595367 4.09999990
v 265.51342773 57.19475555 4.09999990
v 229.29264832 44.92798615 6.90000010
v 230.64900208 50.27804565 6.90000010
v 231.40754700 54.37016296 6.90000010
v 228.70805359 58.37619400 6.90000010
v 229.38311768 60.99010086 6.90000010
v 232.19383240 57.71935654 6.90000010
v 229.69470215 63.33969116 6.90000010
v 233.31600952 62.44205856 6.90000010
v 231.37796021 70.79554749 6.90000010
v 234.08683777 66.41239929 6.90000010
v 234.85766602 70.38273621 6.90000010
v 267.70965576 31.77784538 4.09999990
v 269.25845337 30.88410568 4.09999990
v 282.27636719 27.51225662 4.09999990
v 293.39535522 5.64704895 4.09999990
v 289.13388062 10.33563232 4.09999990
v 294.17532349 9.25134945 4.09999990
v 296.68392944 5.10736895 4.09999990
v 299.00805664 15.80889225 4.09999990
v 290.73504639 17.74503899 4.09999990
v 272.61065674 44.14173508 4.09999990
v 271.76840210 49.35936737 4.09999990
v 274.38916016 52.23257828 4.09999990
v 277.64868164 42.82430267 4.09999990
v 279.58047485 51.07434464 4.09999990
v 269.56253052 56.20787048 4.09999990
v 272.20333862 55.67427063 4.09999990
v 275.70205688 58.21417618 4.09999990
v 273.85473633 63.29580688 4.09999990
v 275.05465698 63.03710556 4.09999990
v 281.05981445 57.06008148 4.09999990
v 231.86175537 73.65996552 0.00000000
v 232.17817688 75.44364166 0.00000000
v 236.20188904 74.73360443 0.00000000
v 236.98941040 79.14830780 0.00000000
v 234.40721130 83.64559937 0.00000000
v 237.41979980 83.04357147 0.00000000
v 234.97616577 86.43444824 0.00000000
v 235.41448975 95.95697021 0.00000000
v 248.55828857 86.41740417 0.00000000
v 255.72206116 91.13510895 0.00000000
v 257.58975220 92.66883087 0.00000000
v 259.55319214 100.76428223 0.00000000
v 259.58666992 107.22457123 0.00000000
v 239.27905273 112.04644775 0.00000000
v 270.74996948 79.86661530 0.00000000
v 274.53039551 78.89523315 0.00000000
v 266.69299316 80.79781342 0.00000000
v 267.08215332 82.26143646 0.00000000
v 278.30862427 78.01258850 0.00000000
v 267.25100708 90.34551239 0.00000000
v 269.11602783 98.30532074 0.00000000
v 279.31597900 107.04972839 0.00000000
v 285.88366699 78.10124207 0.00000000
v 293.62527466 76.32945251 0.00000000
v 295.60421753 103.50398254 0.00000000
v 281.76861572 118.16510773 0.00000000
v 298.05688477 114.61935425 0.00000000
v 248.55828857 86.41740417 4.09999990
v 231.86175537 73.65996552 6.90000010
v 232.17817688 75.44364166 6.90000010
v 236.20188904 74.73360443 6.90000010
v 236.98941040 79.14830780 6.90000010
v 234.40721130 83.64559937 6.90000010
v 237.41979980 83.04357147 6.90000010
v 234.97616577 86.43444824 6.90000010
v 235.41448975 95.95697021 6.90000010
v 255.72206116 91.13510895 6.90000010
v 257.58975220 92.66883087 6.90000010
v 259.55319214 100.76428223 6.90000010
v 259.58666992 107.22457123 6.90000010
v 239.27905273 112.04644775 6.90000010
v 270.74996948 79.86661530 4.09999990
v 274.53039551 78.89523315 4.09999990
v 266.69299316 80.79781342 4.09999990
v 267.08215332 82.26143646 4.09999990
v 278.30862427 78.01258850 4.09999990
v 285.88366699 78.10124207 4.09999990
v 293.62527466 76.32945251 4.09999990
v 267.25100708 90.34551239 6.90000010
v 269.11602783 98.30532074 6.90000010
v 279.31597900 107.04972839 6.90000010
v 295.60421753 103.50398254 6.90000010
v 281.76861572 118.16510773 6.90000010
v 298.05688477 114.61935425 6.90000010
v 159.84957886 47.86036682 9.69999981
v 181.47128296 42.64964294 9.69999981
v 178.53619385 55.37339783 9.69999981
v 188.33169556 53.23108292 9.69999981
v 191.85447693 52.57518387 9.69999981
v 201.90237427 50.32815170 9.69999981
v 206.70918274 7.76210594 12.50000000
v 210.01141357 7.04521704 12.50000000
v 213.87998962 16.65315056 12.50000000
v 215.52595520 24.11918259 12.50000000
v 217.15394592 23.76016045 12.50000000
v 212.90293884 35.82963181 12.50000000
v 219.49844360 34.38452530 12.50000000
v 156.22303772 82.77547455 9.69999981
v 160.63845825 101.63119507 9.69999981
v 182.36830139 74.24787903 9.69999981
v 181.77609253 76.85243225 9.69999981
v 186.19155884 95.70814514 9.69999981
v 187.26467896 94.96904755 9.69999981
v 168.46615601 142.84704590 9.69999981
v 175.15818787 142.35885620 9.69999981
v 197.06947327 92.82695770 9.69999981
v 200.76448059 91.94226837 9.69999981
v 210.80317688 89.69499207 9.69999981
v 253.21090698 -0.13675185 9.69999981
v 255.57431030 -0.67724985 9.69999981
v 254.55317688 5.77898932 9.69999981
v 249.47309875 6.92888021 9.69999981
v 235.50942993 1.46474516 12.50000000
v 234.19650269 12.20892715 12.50000000
v 238.27145386 30.62327957 12.50000000
v 254.55317688 5.77898932 12.50000000
v 249.47309875 6.92888021 12.50000000
v 253.98468018 27.12989044 12.50000000
v 277.66650391 0.84936118 12.50000000
v 282.16409302 20.87242508 12.50000000
v 162.49142456 153.54173279 0.00000000
v 164.36122131 153.13323975 0.00000000
v 169.28370667 149.77081299 0.00000000
v 169.81883240 152.80299377 0.00000000
v 164.26744080 172.87554932 0.00000000
v 170.52388000 177.24887085 0.00000000
v 167.41009521 177.82615662 0.00000000
v 176.09429932 148.60855103 0.00000000
v 176.45126343 150.99256897 0.00000000
v 179.35420227 148.47885132 0.00000000
v 178.01123047 152.25227356 0.00000000
v 180.65109253 152.12933350 0.00000000
v 184.52680969 148.81852722 0.00000000
v 166.97357178 187.18261719 0.00000000
v 172.01272583 189.53894043 0.00000000
v 167.97779846 196.64154053 0.00000000
v 161.43853760 217.74388123 0.00000000
v 179.64776611 188.70797729 0.00000000
v 180.31462097 195.73896790 0.00000000
v 191.70178223 152.71525574 0.00000000
v 196.09216309 146.19862366 0.00000000
v 198.26708984 145.79772949 0.00000000
v 197.18368530 151.40890503 0.00000000
v 199.34564209 150.78570557 0.00000000
v 195.03535461 163.37535095 0.00000000
v 193.11035156 163.77136230 0.00000000
v 211.29795837 148.23092651 0.00000000
v 193.43312073 193.91246033 0.00000000
v 197.55387878 194.88075256 0.00000000
v 162.49142456 153.54173279 4.09999990
v 164.26744080 172.87554932 4.09999990
v 169.28370667 149.77081299 6.90000010
v 176.09429932 148.60855103 6.90000010
v 179.35420227 148.47885132 6.90000010
v 160.17771912 258.34494019 0.00000000
v 196.82301331 254.70690918 0.00000000
v 199.86073303 257.55722046 0.00000000
v 202.77577209 259.01715088 0.00000000
v 205.46768188 259.40603638 0.00000000
v 216.85083008 259.27877808 0.00000000
v 219.14874268 258.76992798 0.00000000
v 213.81034851 268.80346680 0.00000000
v 221.55761719 257.52026367 0.00000000
v 223.31994629 255.85491943 0.00000000
v 223.86618042 267.73306274 0.00000000
v 223.67076111 268.89355469 0.00000000
v 213.42051697 277.77264404 0.00000000
v 214.96409607 277.83325195 0.00000000
v 214.07437134 291.27386475 0.00000000
v 256.80490112 146.50032043 0.00000000
v 252.56500244 150.68998718 0.00000000
v 251.32673645 163.26731873 0.00000000
v 253.08729553 156.09696960 0.00000000
v 253.65296936 156.04444885 0.00000000
v 254.33160400 162.97584534 0.00000000
v 257.16491699 150.24954224 0.00000000
v 264.19644165 145.78530884 0.00000000
v 264.47064209 148.52241516 0.00000000
v 251.71089172 167.16142273 0.00000000
v 254.54907227 166.87692261 0.00000000
v 255.27241516 174.24227905 0.00000000
v 259.45486450 173.84693909 0.00000000
v 260.22293091 181.64627075 0.00000000
v 236.11633301 190.77978516 0.00000000
v 247.07057190 210.10897827 0.00000000
v 272.24240112 147.77247620 0.00000000
v 272.65390015 152.05572510 0.00000000
v 273.53503418 151.96665955 0.00000000
v 270.94976807 161.79127502 0.00000000
v 274.46484375 161.44592285 0.00000000
v 272.77087402 180.43806458 0.00000000
v 256.80490112 146.50032043 6.90000010
v 252.56500244 150.68998718 6.90000010
v 251.32673645 163.26731873 6.90000010
v 253.08729553 156.09696960 6.90000010
v 253.65296936 156.04444885 6.90000010
v 254.33160400 162.97584534 6.90000010
v 257.16491699 150.24954224 6.90000010
v 264.19644165 145.78530884 6.90000010
v 264.47064209 148.52241516 6.90000010
v 251.71089172 167.16142273 6.90000010
v 254.54907227 166.87692261 6.90000010
v 255.27241516 174.24227905 6.90000010
v 259.45486450 173.84693909 6.90000010
v 260.22293091 181.64627075 6.90000010
v 272.24240112 147.77247620 6.90000010
v 272.65390015 152.05572510 6.90000010
v 273.53503418 151.96665955 6.90000010
v 270.94976807 161.79127502 6.90000010
v 274.46484375 161.44592285 6.90000010
v 272.77087402 180.43806458 6.90000010
v 249.18942261 233.89079285 0.00000000
v 247.94926453 240.59684753 0.00000000
v 248.76269531 253.63591003 0.00000000
v 238.70233154 268.26885986 0.00000000
v 238.07046509 278.78582764 0.00000000
v 251.04757690 279.29754639 0.00000000
v 250.31784058 292.63113403 0.00000000
v 164.36122131 153.13323975 9.69999981
v 169.28370667 149.77081299 9.69999981
v 169.81883240 152.80299377 9.69999981
v 170.52388000 177.24887085 9.69999981
v 167.41009521 177.82615662 9.69999981
v 176.09429932 148.60855103 9.69999981
v 176.45126343 150.99256897 9.69999981
v 178.01123047 152.25227356 9.69999981
v 180.65109253 152.12933350 9.69999981
v 166.97357178 187.18261719 9.69999981
v 172.01272583 189.53894043 9.69999981
v 167.97779846 196.64154053 9.69999981
v 179.64776611 188.70797729 9.69999981
v 180.31462097 195.73896790 9.69999981
v 193.43312073 193.91246033 9.69999981
v 213.81034851 268.80346680 9.69999981
v 223.86618042 267.73306274 9.69999981
v 223.67076111 268.89355469 9.69999981
v 213.42051697 277.77264404 9.69999981
v 214.96409607 277.83325195 9.69999981
v 214.07437134 291.27386475 9.69999981
v 238.70233154 268.26885986 9.69999981
v 238.07046509 278.78582764 9.69999981
v 251.04757690 279.29754639 9.69999981
v 250.31784058 292.63113403 9.69999981
v 9.06169319 67.97750854 29.29999924
v 15.68442345 99.23013306 29.29999924
v 14.08025074 227.10324097 20.89999962
v 13.15655136 253.40644836 20.89999962
v 210.01141357 7.04521704 18.10000038
v 175.73953247 114.18254852 18.10000038
v 211.43501282 105.93707275 18.10000038
v 207.93099976 125.90523529 18.10000038
v 201.23399353 127.33671570 18.10000038
v 207.40805054 130.18742371 18.10000038
v 208.26272583 127.44512177 18.10000038
v 204.21231079 141.11779785 18.10000038
v 204.87992859 143.28758240 18.10000038
v 205.10362244 144.33642578 18.10000038
v 206.08183289 140.72039795 18.10000038
v 206.55418396 142.92970276 18.10000038
v 214.59135437 108.47956848 18.10000038
v 210.46705627 126.97836304 18.10000038
v 210.99832153 129.42221069 18.10000038
v 218.07331848 128.04452515 18.10000038
v 222.92825317 127.02223206 18.10000038
v 235.50942993 1.46474516 18.10000038
v 184.52680969 148.81852722 18.10000038
v 191.70178223 152.71525574 18.10000038
v 196.09216309 146.19862366 18.10000038
v 198.26708984 145.79772949 18.10000038
v 197.18368530 151.40890503 18.10000038
v 199.34564209 150.78570557 18.10000038
v 195.03535461 163.37535095 18.10000038
v 193.11035156 163.77136230 18.10000038
v 211.29795837 148.23092651 18.10000038
v 197.55387878 194.88075256 18.10000038
v 236.11633301 190.77978516 18.10000038
v 161.43853760 217.74388123 23.70000076
v 160.17771912 258.34494019 23.70000076
v 196.82301331 254.70690918 23.70000076
v 199.86073303 257.55722046 23.70000076
v 202.77577209 259.01715088 23.70000076
v 205.46768188 259.40603638 23.70000076
v 216.85083008 259.27877808 23.70000076
v 219.14874268 258.76992798 23.70000076
v 221.55761719 257.52026367 23.70000076
v 223.31994629 255.85491943 23.70000076
v 247.07057190 210.10897827 23.70000076
v 249.18942261 233.89079285 23.70000076
v 247.94926453 240.59684753 23.70000076
v 248.76269531 253.63591003 23.70000076
f 2894 3134 3142
f 2894 3142 3145
f 2894 2906 2905
f 2894 2914 2904
f 2894 2917 2914
f 2894 2905 2917
f 2894 2909 2906
f 2894 3143 2910
f 2894 2910 2909
f 2894 3145 3143
f 2905 2908 2915
f 3143 2911 2910
f 2909 2913 2912
f 2909 2910 2913
f 2905 2915 2917
f 2915 2916 2917
f 2916 3148 2917
f 2907 3148 2916
f 2894 2904 3250
f 2894 3267 3134
f 2904 2914 3251
f 2906 3252 2905
f 2906 2909 3253
f 2905 3255 2908
f 2908 3262 2915
f 2907 2916 3254
f 2909 2912 3256
f 3143 3258 2911
f 2910 2911 3257
f 2912 2913 3259
f 2910 3260 2913
f 2914 2917 3261
f 2915 3263 2916
f 2907 3275 3148
f 2917 2918 3264
f 2894 3250 3267
f 2914 3261 3251
f 2904 3251 3250
f 2905 3252 3255
f 2906 3253 3252
f 2908 3255 3262
f 2916 3263 3254
f 2909 3256 3253
f 2911 3258 3257
f 2907 3254 3275
f 2912 3259 3256
f 2913 3260 3259
f 2910 3257 3260
f 2917 3264 3261
f 2915 3262 3263
f 2918 3265 3264
f 3142 3144 3145
f 3141 3147 3146
f 3141 3185 3144
f 3141 3146 3185
f 3145 3185 3148
f 2917 3185 2918
f 2917 3148 3185
f 3144 3185 3145
f 3146 3150 3185
f 3134 3269 3142
f 3141 3144 3268
f 3143 3145 3270
f 3142 3271 3144
f 3141 3274 3147
f 3145 3148 3272
f 3147 3273 3146
f 2918 3185 3265
f 3146 3276 3150
f 3150 3277 3185
f 3134 3267 3269
f 3144 3271 3268
f 3142 3269 3271
f 3145 3272 3270
f 3141 3268 3274
f 3143 3270 3258
f 3148 3275 3272
f 3147 3274 3273
f 3146 3273 3276
f 3150 3276 3277
f 3185 3277 3265
f 3250 3269 3267
f 3250 3272 3269
f 3250 3252 3253
f 3250 3251 3261
f 3250 3261 3264
f 3250 3264 3252
f 3250 3253 3256
f 3250 3257 3270
f 3250 3256 3257
f 3250 3270 3272
f 3252 3262 3255
f 3270 3257 3258
f 3256 3259 3260
f 3256 3260 3257
f 3252 3264 3262
f 3262 3264 3263
f 3263 3264 3275
f 3254 3263 3275
f 3269 3272 3271
f 3268 3273 3274
f 3268 3271 3277
f 3268 3277 3273
f 3272 3275 3277
f 3264 3265 3277
f 3264 3277 3275
f 3271 3272 3277
f 3273 3277 3276
f 3163 3217 3167
f 3163 3168 3169
f 3163 3169 3219
f 3169 3170 3219
f 3163 3167 3235
f 3166 3237 3167
f 3163 3238 3168
f 3168 3239 3169
f 3169 3240 3170
f 3163 3235 3238
f 3167 3237 3235
f 3166 3236 3237
f 3168 3238 3239
f 3169 3239 3240
f 3170 3240 3244
f 3166 3167 3216
f 3167 3217 3216
f 3163 3219 3217
f 3217 3219 3218
f 3166 3216 3236
f 3216 3217 3241
f 3217 3218 3242
f 3170 3244 3219
f 3218 3219 3243
f 3216 3241 3236
f 3217 3242 3241
f 3218 3243 3242
f 3219 3244 3243
f 3235 3237 3242
f 3235 3239 3238
f 3235 3244 3239
f 3239 3244 3240
f 3236 3241 3237
f 3237 3241 3242
f 3235 3242 3244
f 3242 3243 3244
f 146 149 199
f 146 188 173
f 146 173 178
f 146 178 175
f 146 175 149
f 173 189 180
f 175 178 184
f 173 185 178
f 149 175 184
f 173 180 185
f 149 180 199
f 149 185 180
f 149 184 185
f 178 185 184
f 173 188 189
f 188 195 189
f 146 199 188
f 189 192 200
f 189 195 192
f 190 191 192
f 190 192 195
f 188 194 195
f 190 195 193
f 190 202 191
f 190 193 201
f 191 203 192
f 188 205 194
f 193 195 204
f 194 206 195
f 180 189 200
f 188 199 205
f 180 200 199
f 199 200 206
f 192 203 200
f 190 201 202
f 191 202 203
f 193 204 201
f 195 206 204
f 194 205 206
f 200 203 206
f 201 203 202
f 201 206 203
f 199 206 205
f 201 204 206
f 151 209 152
f 151 152 161
f 152 163 161
f 152 216 163
f 161 163 215
f 151 208 209
f 152 209 216
f 163 216 215
f 208 215 209
f 209 215 216
f 2699 2701 2700
f 2699 2700 2703
f 2700 2702 2704
f 2700 2701 2702
f 2699 2705 2701
f 2699 2703 2705
f 2700 2704 2703
f 2702 2706 2704
f 2701 2706 2702
f 2701 2705 2706
f 2703 2704 2705
f 2704 2706 2705
f 67 69 76
f 69 77 76
f 67 239 240
f 67 240 69
f 67 251 239
f 69 240 77
f 239 252 240
f 67 76 251
f 239 251 252
f 77 240 252
f 76 252 251
f 76 77 252
f 894 2259 2260
f 894 2260 2262
f 894 908 895
f 894 2262 2296
f 894 2296 908
f 894 895 927
f 894 2343 2259
f 895 908 928
f 908 2296 910
f 908 910 941
f 910 2296 943
f 894 927 2343
f 895 928 927
f 927 2344 2343
f 927 2346 2344
f 927 928 941
f 927 2391 2346
f 927 941 2391
f 908 941 928
f 910 943 941
f 943 2296 2391
f 941 943 2391
f 2260 2261 2262
f 2262 2263 2295
f 2259 2344 2260
f 2260 2345 2261
f 2261 2346 2262
f 2262 2347 2263
f 2262 2295 2296
f 2295 2297 2296
f 2296 2297 2298
f 2263 2390 2295
f 2295 2392 2297
f 2297 2393 2298
f 2259 2343 2344
f 2260 2344 2345
f 2261 2345 2346
f 2262 2346 2347
f 2263 2347 2390
f 2344 2346 2345
f 2346 2390 2347
f 2295 2390 2392
f 2297 2392 2393
f 2346 2391 2390
f 2390 2391 2392
f 2391 2393 2392
f 794 796 816
f 796 1941 818
f 796 818 816
f 794 1936 796
f 794 2027 1936
f 1936 1941 796
f 1936 2030 1941
f 794 816 2027
f 1936 2027 2030
f 1941 2030 818
f 816 818 2027
f 2027 818 2030
f 249 261 557
f 249 558 250
f 249 262 261
f 249 250 263
f 249 263 262
f 262 263 266
f 262 266 265
f 263 271 266
f 266 271 267
f 261 262 559
f 250 561 263
f 262 265 560
f 263 565 271
f 267 271 564
f 265 266 562
f 266 267 563
f 249 557 558
f 261 559 557
f 262 560 559
f 250 558 561
f 263 561 565
f 265 562 560
f 266 563 562
f 267 564 563
f 271 565 564
f 557 559 560
f 557 561 558
f 557 560 561
f 560 563 561
f 560 562 563
f 561 563 565
f 563 564 565
f 788 795 790
f 788 790 811
f 788 811 814
f 790 812 811
f 788 792 795
f 788 814 792
f 792 817 795
f 792 814 817
f 811 812 817
f 811 817 814
f 1823 1825 1826
f 1825 1827 1826
f 1824 1827 1825
f 1824 1834 1827
f 1823 1871 1825
f 1824 1825 1870
f 1823 1826 1869
f 1826 1827 1872
f 1827 1828 1873
f 1828 1834 1874
f 1824 1830 1834
f 1827 1834 1828
f 1824 1876 1830
f 1830 1880 1834
f 1823 1869 1871
f 1825 1871 1870
f 1824 1870 1876
f 1826 1872 1869
f 1827 1873 1872
f 1828 1874 1873
f 1830 1876 1880
f 1834 1880 1874
f 1869 1872 1871
f 1871 1872 1873
f 1870 1871 1873
f 1870 1873 1880
f 1870 1880 1876
f 1873 1874 1880
f 3138 3156 3157
f 3138 3157 3158
f 3138 3158 3160
f 3138 3160 3165
f 3138 3213 3186
f 3138 3214 3213
f 3138 3165 3214
f 3158 3159 3160
f 3160 3161 3162
f 3160 3162 3165
f 3162 3164 3165
f 3165 3215 3214
f 3138 3186 3278
f 3138 3279 3156
f 3156 3280 3157
f 3157 3281 3158
f 3158 3282 3159
f 3159 3283 3160
f 3160 3284 3161
f 3161 3285 3162
f 3162 3286 3164
f 3164 3287 3165
f 3186 3213 3288
f 3165 3291 3215
f 3213 3214 3289
f 3214 3215 3290
f 3186 3288 3278
f 3138 3278 3279
f 3156 3279 3280
f 3157 3280 3281
f 3158 3281 3282
f 3159 3282 3283
f 3160 3283 3284
f 3161 3284 3285
f 3162 3285 3286
f 3164 3286 3287
f 3165 3287 3291
f 3213 3289 3288
f 3214 3290 3289
f 3215 3291 3290
f 3278 3280 3279
f 3278 3281 3280
f 3278 3283 3281
f 3278 3287 3283
f 3278 3288 3289
f 3278 3289 3290
f 3278 3290 3287
f 3281 3283 3282
f 3283 3285 3284
f 3283 3287 3285
f 3285 3287 3286
f 3287 3290 3291
f 551 552 2698
f 552 553 2698
f 551 2698 2697
f 551 586 552
f 552 587 553
f 551 2697 585
f 553 3248 2698
f 551 585 586
f 552 586 587
f 553 587 3248
f 585 2697 3247
f 585 3248 586
f 586 3248 587
f 585 3247 3248
f 2697 2698 3247
f 2698 3248 3247
f 160 285 197
f 196 160 197
f 160 566 285
f 196 236 160
f 285 238 197
f 196 197 237
f 160 236 566
f 196 237 236
f 237 197 238
f 236 238 566
f 237 238 236
f 285 566 238
f 841 1487 874
f 1487 1502 1545
f 841 1499 1502
f 841 1502 1487
f 841 1549 1499
f 1499 1551 1502
f 1487 1545 874
f 841 874 1549
f 1502 1551 1545
f 1499 1549 1551
f 874 1551 1549
f 874 1545 1551
f 3172 3175 3177
f 3172 3174 3175
f 3175 3176 3177
f 3171 3177 3179
f 3171 3179 3178
f 3177 3191 3179
f 3176 3190 3177
f 3173 3181 3176
f 3173 3180 3181
f 3181 3182 3183
f 3176 3181 3190
f 3181 3183 3190
f 3183 3184 3190
f 3172 3177 3194
f 3172 3196 3174
f 3174 3197 3175
f 3175 3198 3176
f 3173 3176 3195
f 3171 3178 3193
f 3171 3199 3177
f 3178 3179 3200
f 3173 3202 3180
f 3180 3203 3181
f 3181 3204 3182
f 3182 3205 3183
f 3183 3206 3184
f 3179 3188 3187
f 3179 3191 3188
f 3177 3190 3191
f 3188 3191 3189
f 3184 3192 3190
f 3179 3187 3201
f 3187 3188 3207
f 3188 3189 3208
f 3189 3191 3209
f 3190 3211 3191
f 3190 3192 3210
f 3184 3212 3192
f 3171 3193 3199
f 3172 3194 3196
f 3177 3199 3194
f 3174 3196 3197
f 3175 3197 3198
f 3176 3198 3195
f 3178 3200 3193
f 3179 3201 3200
f 3173 3195 3202
f 3180 3202 3203
f 3181 3203 3204
f 3182 3204 3205
f 3183 3205 3206
f 3184 3206 3212
f 3194 3199 3197
f 3194 3197 3196
f 3197 3199 3198
f 3193 3201 3199
f 3193 3200 3201
f 3199 3201 3211
f 3198 3199 3210
f 3195 3198 3203
f 3195 3203 3202
f 3203 3205 3204
f 3198 3210 3203
f 3203 3210 3205
f 3205 3210 3206
f 3187 3207 3201
f 3188 3208 3207
f 3189 3209 3208
f 3191 3211 3209
f 3190 3210 3211
f 3192 3212 3210
f 3201 3207 3208
f 3201 3208 3211
f 3199 3211 3210
f 3208 3209 3211
f 3206 3210 3212
f 1352 1377 1422
f 1352 1438 1368
f 1352 1422 1438
f 1352 1379 1377
f 1352 1368 1383
f 1352 1383 1382
f 1352 1387 1379
f 1352 1382 1387
f 1378 1380 1399
f 1379 1381 1380
f 1379 1384 1381
f 1380 1381 1399
f 1381 1384 1385
f 1379 1387 1384
f 1384 1387 1386
f 1386 1387 1402
f 1386 1402 1401
f 1382 1388 1387
f 1377 1379 1447
f 1378 1450 1380
f 1379 1380 1449
f 1378 1399 1448
f 1381 1385 1451
f 1382 1383 1452
f 1384 1386 1454
f 1384 1455 1385
f 1386 1401 1456
f 1382 1458 1388
f 1387 1388 1457
f 1387 1472 1402
f 1381 1400 1399
f 1399 1400 1469
f 1381 1470 1400
f 1401 1402 1471
f 1377 1447 1422
f 1378 1448 1450
f 1379 1449 1447
f 1380 1450 1449
f 1399 1469 1448
f 1385 1455 1451
f 1381 1451 1470
f 1383 1453 1452
f 1384 1454 1455
f 1386 1456 1454
f 1401 1471 1456
f 1382 1452 1458
f 1387 1457 1472
f 1388 1458 1457
f 1400 1470 1469
f 1402 1472 1471
f 1368 1453 1383
f 1368 1438 1453
f 1422 1447 1449
f 1422 1453 1438
f 1422 1452 1453
f 1422 1449 1457
f 1422 1457 1452
f 1448 1469 1450
f 1449 1450 1451
f 1449 1451 1454
f 1450 1469 1451
f 1451 1455 1454
f 1449 1454 1457
f 1454 1456 1457
f 1456 1472 1457
f 1456 1471 1472
f 1452 1457 1458
f 1451 1469 1470
f 1246 1376 1247
f 1246 1247 1325
f 1247 1376 1326
f 1247 1326 1325
f 1325 1326 1446
f 1219 1351 1246
f 1219 1421 1351
f 1219 1299 1421
f 1351 1421 1446
f 1246 1351 1376
f 1351 1446 1376
f 1326 1376 1446
f 1299 1325 1421
f 1325 1446 1421
f 1218 1219 1221
f 1219 1222 1221
f 1219 1246 1222
f 1222 1246 1245
f 1218 1221 1298
f 1218 1299 1219
f 1221 1222 1301
f 1222 1245 1302
f 1218 1298 1299
f 1221 1301 1298
f 1222 1302 1301
f 1245 1324 1302
f 1245 1246 1324
f 1246 1325 1324
f 1298 1301 1299
f 1299 1301 1302
f 1299 1302 1325
f 1302 1324 1325
f 1217 1220 1234
f 1217 1300 1220
f 1217 1297 1300
f 1220 1300 1327
f 1220 1235 1234
f 1235 1248 1243
f 1234 1235 1314
f 1235 1243 1315
f 1243 1248 1322
f 1220 1248 1235
f 1220 1327 1248
f 1235 1315 1314
f 1243 1322 1315
f 1248 1327 1322
f 1297 1314 1300
f 1300 1314 1315
f 1315 1322 1327
f 1300 1315 1327
f 1215 1234 1233
f 1215 1217 1234
f 1215 1238 1295
f 1215 1297 1217
f 1215 1295 1297
f 1215 1233 1239
f 1215 1239 1238
f 1233 1234 1236
f 1233 1319 1239
f 1233 1236 1313
f 1234 1316 1236
f 1238 1239 1318
f 1238 1318 1295
f 1233 1313 1319
f 1234 1314 1316
f 1236 1316 1313
f 1239 1319 1318
f 1295 1313 1314
f 1295 1314 1297
f 1295 1319 1313
f 1295 1318 1319
f 1313 1316 1314
f 1201 1216 1232
f 1201 1296 1216
f 1201 1224 1278
f 1201 1278 1296
f 1216 1312 1232
f 1216 1296 1312
f 1201 1232 1237
f 1201 1237 1224
f 1224 1237 1303
f 1224 1303 1278
f 1237 1317 1303
f 1232 1317 1237
f 1232 1312 1317
f 1278 1312 1296
f 1278 1317 1312
f 1278 1303 1317
f 1198 1199 1200
f 1198 1280 1199
f 1199 1281 1200
f 1200 1282 1202
f 1198 1225 1223
f 1198 1200 1225
f 1200 1202 1225
f 1198 1223 1279
f 1223 1225 1305
f 1202 1306 1225
f 1198 1279 1280
f 1199 1280 1281
f 1200 1281 1282
f 1279 1281 1280
f 1223 1305 1279
f 1202 1282 1306
f 1225 1306 1305
f 1279 1305 1306
f 1279 1306 1281
f 1281 1306 1282
f 1227 1229 1228
f 1228 1229 1231
f 1226 1231 1229
f 1226 1240 1231
f 1226 1229 1307
f 1226 1346 1240
f 1227 1228 1308
f 1227 1310 1229
f 1231 1240 1311
f 1228 1231 1309
f 1226 1307 1346
f 1228 1309 1308
f 1227 1308 1310
f 1229 1310 1307
f 1240 1346 1311
f 1231 1311 1309
f 1308 1309 1310
f 1309 1311 1310
f 1307 1310 1311
f 1307 1311 1346
f 1230 1304 1320
f 1241 1321 1242
f 1230 1241 1242
f 1230 1242 1250
f 1250 1242 1251
f 1251 1242 1252
f 1230 1320 1241
f 1230 1250 1304
f 1250 1251 1329
f 1251 1252 1330
f 1241 1320 1321
f 1250 1329 1304
f 1251 1330 1329
f 1330 1252 1331
f 1304 1321 1320
f 1304 1329 1321
f 1329 1330 1321
f 1330 1331 1321
f 1244 1242 1323
f 1244 1252 1242
f 1244 1253 1252
f 1244 1255 1253
f 1253 1254 1252
f 1244 1334 1255
f 1254 1331 1252
f 1253 1255 1332
f 1253 1333 1254
f 1323 1242 1321
f 1244 1323 1334
f 1254 1333 1331
f 1253 1332 1333
f 1255 1334 1332
f 1323 1321 1331
f 1323 1331 1332
f 1323 1332 1334
f 1332 1331 1333
f 1249 1338 1259
f 1249 1262 1257
f 1249 1265 1262
f 1249 1391 1265
f 1249 1259 1260
f 1249 1260 1391
f 1262 1265 1263
f 1265 1391 1394
f 1265 1395 1266
f 1265 1394 1395
f 1249 1257 1328
f 1259 1339 1260
f 1257 1262 1336
f 1262 1263 1341
f 1263 1265 1342
f 1265 1266 1344
f 1266 1395 1345
f 1249 1328 1338
f 1257 1336 1328
f 1259 1338 1339
f 1262 1341 1336
f 1263 1342 1341
f 1265 1344 1342
f 1266 1345 1344
f 1345 1395 1465
f 1328 1336 1341
f 1328 1341 1344
f 1328 1344 1461
f 1328 1339 1338
f 1328 1461 1339
f 1341 1342 1344
f 1344 1464 1461
f 1344 1345 1465
f 1344 1465 1464
f 1260 1389 1391
f 1391 1392 1394
f 1392 1393 1394
f 1260 1459 1389
f 1389 1461 1391
f 1391 1462 1392
f 1392 1463 1393
f 1393 1464 1394
f 1394 1465 1395
f 1260 1339 1459
f 1389 1459 1461
f 1391 1461 1462
f 1392 1462 1463
f 1393 1463 1464
f 1394 1464 1465
f 1339 1461 1459
f 1461 1464 1462
f 1462 1464 1463
f 1256 1261 1264
f 1256 1264 1258
f 1256 1340 1261
f 1256 1258 1335
f 1258 1264 1337
f 1261 1343 1264
f 1256 1335 1340
f 1258 1337 1335
f 1264 1343 1337
f 1261 1340 1343
f 1335 1343 1340
f 1335 1337 1343
f 1390 1397 1396
f 1390 1396 1460
f 1396 1397 1466
f 1397 1398 1467
f 1390 1404 1397
f 1390 1403 1404
f 1397 1405 1398
f 1397 1404 1405
f 1398 1405 1406
f 1390 1473 1403
f 1398 1406 1468
f 1403 1474 1404
f 1404 1475 1405
f 1405 1476 1406
f 1396 1466 1460
f 1397 1467 1466
f 1398 1468 1467
f 1390 1460 1473
f 1403 1473 1474
f 1406 1476 1468
f 1404 1474 1475
f 1405 1475 1476
f 1460 1466 1467
f 1460 1467 1474
f 1460 1474 1473
f 1467 1468 1475
f 1467 1475 1474
f 1468 1476 1475
f 1365 1369 1370
f 1365 1407 1367
f 1366 1367 1407
f 1365 1370 1407
f 1370 1371 1411
f 1365 1367 1435
f 1366 1437 1367
f 1365 1439 1369
f 1369 1440 1370
f 1366 1407 1436
f 1370 1441 1371
f 1367 1437 1435
f 1366 1436 1437
f 1365 1435 1439
f 1369 1439 1440
f 1370 1440 1441
f 1371 1441 1483
f 1370 1408 1407
f 1370 1411 1408
f 1371 1413 1411
f 1408 1412 1410
f 1408 1411 1412
f 1407 1408 1477
f 1408 1410 1478
f 1371 1483 1413
f 1410 1412 1480
f 1411 1413 1481
f 1411 1482 1412
f 1407 1477 1436
f 1408 1478 1477
f 1410 1480 1478
f 1411 1481 1482
f 1412 1482 1480
f 1413 1483 1481
f 1435 1440 1439
f 1435 1437 1477
f 1436 1477 1437
f 1435 1477 1440
f 1440 1481 1441
f 1440 1477 1478
f 1440 1478 1481
f 1441 1481 1483
f 1478 1480 1482
f 1478 1482 1481
f 1372 1374 1373
f 1372 1373 1442
f 1374 1375 1416
f 1373 1374 1416
f 1374 1445 1375
f 1372 1444 1374
f 1372 1442 1444
f 1373 1443 1442
f 1374 1444 1445
f 1375 1445 1486
f 1373 1409 1443
f 1373 1414 1409
f 1373 1416 1414
f 1414 1416 1415
f 1409 1414 1479
f 1414 1415 1484
f 1375 1486 1416
f 1415 1416 1485
f 1409 1479 1443
f 1414 1484 1479
f 1415 1485 1484
f 1416 1486 1485
f 1442 1443 1444
f 1444 1486 1445
f 1443 1486 1444
f 1443 1479 1484
f 1443 1484 1486
f 1484 1485 1486
f 1656 1657 1689
f 1656 1689 1733
f 1656 1734 1657
f 1656 1733 1734
f 1689 1761 1733
f 1657 1690 1689
f 1690 1694 1693
f 1657 1694 1690
f 1689 1690 1761
f 1690 1693 1762
f 1693 1694 1765
f 1690 1762 1761
f 1693 1765 1762
f 1694 1766 1765
f 1733 1761 1734
f 1734 1761 1762
f 1762 1765 1766
f 1734 1762 1766
f 1657 1662 1691
f 1657 1738 1662
f 1657 1734 1738
f 1662 1738 1769
f 1657 1691 1692
f 1657 1692 1694
f 1692 1695 1694
f 1694 1695 1696
f 1691 1697 1763
f 1691 1764 1692
f 1694 1696 1766
f 1692 1767 1695
f 1695 1768 1696
f 1662 1697 1691
f 1662 1769 1697
f 1691 1763 1764
f 1692 1764 1767
f 1695 1767 1768
f 1696 1768 1766
f 1697 1769 1763
f 1734 1763 1738
f 1734 1764 1763
f 1734 1766 1764
f 1764 1766 1767
f 1766 1768 1767
f 1738 1763 1769
f 1663 1740 1664
f 1663 1739 1740
f 1663 1699 1701
f 1663 1703 1699
f 1663 1701 1698
f 1663 1664 1703
f 1699 1703 1700
f 1700 1703 1702
f 1702 1703 1705
f 1663 1698 1739
f 1664 1775 1703
f 1698 1701 1770
f 1699 1700 1771
f 1699 1773 1701
f 1700 1702 1772
f 1702 1705 1774
f 1698 1770 1739
f 1664 1740 1775
f 1700 1772 1771
f 1699 1771 1773
f 1702 1774 1772
f 1701 1773 1770
f 1774 1705 1777
f 1739 1773 1771
f 1739 1771 1775
f 1739 1770 1773
f 1739 1775 1740
f 1771 1772 1775
f 1772 1774 1775
f 1774 1777 1775
f 1665 1756 1680
f 1665 1741 1756
f 1704 1705 1703
f 1704 1706 1705
f 1706 1707 1705
f 1665 1704 1741
f 1704 1703 1776
f 1706 1779 1707
f 1707 1777 1705
f 1704 1776 1741
f 1776 1703 1775
f 1706 1778 1779
f 1707 1779 1777
f 1665 1680 1704
f 1680 1706 1704
f 1680 1710 1706
f 1680 1782 1710
f 1706 1710 1778
f 1680 1756 1782
f 1710 1782 1778
f 1776 1775 1777
f 1776 1777 1778
f 1778 1777 1779
f 1741 1776 1756
f 1756 1776 1778
f 1756 1778 1782
f 1712 1716 1714
f 1712 1821 1822
f 1712 1822 1716
f 1716 1822 1723
f 1723 1822 1725
f 1712 1714 1794
f 1712 1838 1821
f 1714 1716 1795
f 1716 1723 1796
f 1723 1725 1797
f 1822 1798 1725
f 1714 1795 1794
f 1712 1794 1838
f 1716 1796 1795
f 1723 1797 1796
f 1725 1798 1797
f 1794 1795 1796
f 1794 1839 1838
f 1794 1796 1839
f 1796 1797 1839
f 1797 1798 1839
f 1821 1839 1822
f 1821 1838 1839
f 1822 1839 1798
f 1679 1755 1783
f 1679 1711 1713
f 1679 1713 1717
f 1679 1720 1719
f 1679 1717 1720
f 1679 1719 1755
f 1713 1718 1717
f 1713 1715 1722
f 1713 1722 1718
f 1679 1783 1711
f 1711 1784 1713
f 1713 1785 1715
f 1717 1718 1786
f 1719 1720 1788
f 1717 1789 1720
f 1718 1722 1721
f 1718 1721 1787
f 1715 1791 1722
f 1721 1722 1790
f 1719 1788 1755
f 1711 1783 1784
f 1713 1784 1785
f 1718 1787 1786
f 1717 1786 1789
f 1715 1785 1791
f 1720 1789 1788
f 1721 1790 1787
f 1722 1791 1790
f 1755 1784 1783
f 1755 1786 1784
f 1755 1788 1789
f 1755 1789 1786
f 1784 1786 1787
f 1784 1791 1785
f 1784 1787 1791
f 1787 1790 1791
f 1708 1709 1780
f 1709 1781 1780
f 1708 1726 1709
f 1709 1726 1781
f 1708 1724 1726
f 1708 1792 1724
f 1724 1793 1726
f 1708 1780 1792
f 1726 1793 1781
f 1724 1792 1793
f 1780 1781 1793
f 1780 1793 1792
f 1682 1687 1688
f 1687 1807 1688
f 1682 1688 1758
f 1682 1759 1687
f 1688 1807 1760
f 1682 1758 1759
f 1688 1760 1758
f 1760 1807 1837
f 1758 1760 1759
f 1759 1760 1837
f 1687 1806 1807
f 1806 1837 1807
f 1806 1836 1837
f 1759 1837 1836
f 1805 1809 1808
f 1805 1808 1856
f 1808 1809 1815
f 1809 1816 1815
f 1808 1815 1818
f 1808 1818 1819
f 1808 1819 1829
f 1805 1858 1809
f 1815 1816 1863
f 1809 1864 1816
f 1815 1866 1818
f 1818 1867 1819
f 1808 1829 1857
f 1808 1857 1856
f 1805 1856 1858
f 1809 1858 1864
f 1816 1864 1863
f 1815 1863 1866
f 1818 1866 1867
f 1829 1875 1857
f 1856 1857 1858
f 1857 1863 1858
f 1858 1863 1864
f 1857 1866 1863
f 1857 1867 1866
f 1857 1875 1867
f 1612 1844 1613
f 1612 1843 1844
f 1612 1613 1804
f 1612 1804 1843
f 1804 1613 1813
f 1813 1613 1811
f 1804 1813 1855
f 1813 1811 1861
f 1804 1855 1843
f 1813 1861 1855
f 1861 1811 1860
f 1843 1855 1844
f 1855 1861 1844
f 1861 1860 1844
f 1614 1615 2825
f 1614 1812 1613
f 1614 2825 1812
f 1615 3093 2825
f 1614 1890 1615
f 1614 1613 1889
f 1613 1812 1811
f 1860 1811 1812
f 1615 3249 3093
f 1889 1613 1844
f 1614 1889 1890
f 1615 1890 3249
f 1891 1860 1812
f 1891 1812 1886
f 1891 1844 1860
f 1889 1844 1888
f 1888 1844 1891
f 1889 3249 1890
f 1889 1888 1892
f 1889 1892 3249
f 1891 1886 1892
f 1892 1886 3266
f 1888 1891 1892
f 2825 2944 1812
f 3249 3114 3093
f 3266 1886 3114
f 3249 3266 3114
f 3249 1892 3266
f 907 909 911
f 909 913 911
f 907 911 1599
f 911 912 916
f 912 914 916
f 914 918 916
f 911 916 1599
f 916 917 1586
f 917 919 1586
f 907 942 909
f 911 945 912
f 909 946 913
f 911 913 944
f 912 947 914
f 907 1598 940
f 914 951 918
f 916 950 917
f 916 918 949
f 917 952 919
f 907 940 942
f 911 944 945
f 912 945 947
f 909 942 946
f 913 946 944
f 914 947 951
f 916 949 950
f 918 951 949
f 917 950 952
f 919 952 1623
f 940 944 942
f 942 944 946
f 940 1632 944
f 944 949 945
f 945 949 947
f 947 949 951
f 944 1632 949
f 949 1622 950
f 950 1622 952
f 907 1599 1598
f 916 1586 1599
f 1586 1588 1599
f 1584 1585 1599
f 1584 1599 1588
f 919 1587 1586
f 1588 1589 1592
f 1584 1588 1592
f 1584 1592 1593
f 1584 1593 1594
f 1585 1595 1599
f 1595 1600 1599
f 1600 1601 1599
f 1595 1604 1600
f 1584 1621 1585
f 1586 1624 1588
f 1586 1587 1622
f 919 1623 1587
f 1588 1625 1589
f 1589 1626 1592
f 1592 1627 1593
f 1584 1594 1620
f 1585 1629 1595
f 1593 1628 1594
f 1598 1599 1631
f 1600 1634 1601
f 1600 1604 1633
f 1595 1637 1604
f 940 1598 1631
f 1584 1620 1621
f 1586 1622 1624
f 1587 1623 1622
f 1588 1624 1625
f 1589 1625 1626
f 1592 1626 1627
f 1593 1627 1628
f 1594 1628 1620
f 1585 1621 1629
f 1631 1599 1632
f 1600 1633 1634
f 1595 1629 1637
f 1604 1637 1633
f 940 1631 1632
f 949 1632 1622
f 1622 1632 1624
f 1620 1632 1621
f 1620 1624 1632
f 952 1622 1623
f 1624 1626 1625
f 1620 1626 1624
f 1620 1627 1626
f 1620 1628 1627
f 1621 1632 1629
f 1629 1632 1633
f 1633 1632 1634
f 1629 1633 1637
f 1602 1599 1601
f 1602 1601 1607
f 1602 1616 1603
f 1605 1606 1607
f 1597 1617 1606
f 1602 1607 1617
f 1602 1617 1616
f 1606 1617 1607
f 1602 1632 1599
f 1602 1603 1635
f 1603 1616 1636
f 1597 1606 1630
f 1605 1639 1606
f 1605 1607 1638
f 1607 1601 1640
f 1617 1645 1616
f 1602 1635 1632
f 1603 1636 1635
f 1640 1601 1634
f 1606 1639 1630
f 1605 1638 1639
f 1607 1640 1638
f 1635 1634 1632
f 1635 1640 1634
f 1635 1636 1645
f 1638 1640 1639
f 1630 1639 1646
f 1635 1646 1640
f 1635 1645 1646
f 1639 1640 1646
f 1636 1616 1645
f 1617 1646 1645
f 1597 2830 1617
f 1597 2816 2830
f 1597 2857 2816
f 1617 2830 2824
f 1617 2824 1646
f 2824 2830 2858
f 2816 2859 2830
f 1597 1630 2857
f 1630 1646 2859
f 1630 2859 2857
f 2816 2857 2859
f 1646 2824 2858
f 1646 2858 2859
f 2830 2859 2858
f 835 843 837
f 836 837 838
f 837 839 838
f 837 843 839
f 838 839 840
f 835 837 868
f 836 870 837
f 836 838 869
f 838 840 871
f 839 873 840
f 837 870 868
f 835 868 875
f 836 869 870
f 838 871 869
f 840 873 871
f 839 872 873
f 835 842 843
f 844 846 845
f 844 848 846
f 839 843 846
f 839 849 850
f 843 845 846
f 839 846 849
f 849 851 850
f 849 852 851
f 835 875 842
f 842 876 843
f 843 878 845
f 844 845 877
f 844 880 848
f 839 850 872
f 846 848 879
f 846 881 849
f 850 851 882
f 851 852 883
f 849 884 852
f 842 875 876
f 843 876 878
f 844 877 880
f 845 878 877
f 848 880 879
f 850 882 872
f 846 879 881
f 849 881 884
f 851 883 882
f 852 884 883
f 868 870 876
f 869 871 870
f 870 871 872
f 870 872 876
f 871 873 872
f 868 876 875
f 877 878 879
f 877 879 880
f 872 879 876
f 872 882 881
f 876 879 878
f 872 881 879
f 881 882 883
f 881 883 884
f 9 13 31
f 9 10 15
f 9 32 10
f 9 15 13
f 12 13 14
f 13 17 14
f 11 36 14
f 11 17 33
f 12 14 34
f 12 35 13
f 13 15 21
f 15 16 21
f 10 37 15
f 15 38 16
f 9 31 32
f 10 32 37
f 13 35 31
f 11 33 36
f 12 34 35
f 14 36 34
f 15 37 38
f 16 38 44
f 11 14 17
f 13 18 17
f 13 20 18
f 13 29 20
f 19 20 25
f 20 26 25
f 17 18 39
f 18 20 40
f 19 42 20
f 19 25 41
f 16 22 21
f 13 21 29
f 21 23 29
f 23 24 29
f 16 44 22
f 21 22 43
f 21 45 23
f 23 46 24
f 26 28 27
f 20 29 26
f 26 29 28
f 25 26 47
f 26 27 48
f 27 28 49
f 28 99 50
f 24 30 29
f 28 29 100
f 24 52 30
f 29 30 51
f 17 39 33
f 18 40 39
f 20 42 40
f 19 41 42
f 25 47 41
f 22 44 43
f 21 43 45
f 23 45 46
f 24 46 52
f 26 48 47
f 27 49 48
f 28 50 49
f 30 52 51
f 29 51 102
f 31 37 32
f 31 35 37
f 34 36 35
f 35 36 39
f 35 43 37
f 37 43 38
f 33 39 36
f 35 39 40
f 35 40 42
f 35 42 51
f 41 47 42
f 42 47 48
f 38 43 44
f 35 51 43
f 43 51 45
f 45 51 46
f 48 49 50
f 42 48 51
f 48 50 51
f 46 51 52
f 50 102 51
f 28 100 99
f 99 100 101
f 29 102 100
f 50 99 101
f 100 102 101
f 50 101 102
f 1672 1800 1674
f 1675 1683 1676
f 1674 1800 1675
f 1675 1802 1683
f 1675 1685 1681
f 1675 1676 1685
f 1683 1686 1684
f 1683 1802 1686
f 1686 1802 1687
f 1672 1674 1845
f 1674 1675 1846
f 1672 1881 1800
f 1675 1681 1847
f 1681 1685 1849
f 1676 1852 1685
f 1676 1683 1848
f 1683 1684 1850
f 1684 1686 1851
f 1686 1687 1853
f 1687 1759 1853
f 1675 1800 1802
f 1800 1801 1802
f 1801 1803 1802
f 1687 1802 1806
f 1802 1836 1806
f 1800 1882 1801
f 1801 1884 1803
f 1802 1803 1883
f 1802 1885 1836
f 1674 1846 1845
f 1675 1847 1846
f 1672 1845 1881
f 1681 1849 1847
f 1676 1848 1852
f 1685 1852 1849
f 1683 1850 1848
f 1684 1851 1850
f 1686 1853 1851
f 1759 1836 1854
f 1759 1854 1853
f 1845 1846 1881
f 1847 1848 1850
f 1846 1847 1881
f 1847 1850 1883
f 1847 1849 1852
f 1847 1852 1848
f 1850 1851 1853
f 1850 1853 1883
f 1853 1854 1883
f 1800 1881 1882
f 1801 1882 1884
f 1803 1884 1883
f 1802 1883 1885
f 1836 1885 1854
f 1847 1883 1881
f 1881 1883 1882
f 1882 1883 1884
f 1854 1885 1883
f 138 147 165
f 138 145 147
f 138 187 145
f 145 187 148
f 145 148 147
f 147 148 198
f 138 153 154
f 138 154 187
f 138 165 153
f 154 153 166
f 154 167 155
f 164 155 156
f 154 155 187
f 164 187 155
f 164 198 187
f 153 165 166
f 154 166 167
f 148 187 198
f 169 156 168
f 164 169 198
f 164 156 169
f 147 166 165
f 147 198 166
f 169 168 167
f 166 198 167
f 169 167 198
f 128 129 591
f 128 136 129
f 129 730 620
f 136 128 132
f 129 136 730
f 132 135 136
f 135 132 723
f 135 723 136
f 590 606 589
f 590 589 591
f 590 591 624
f 590 624 592
f 590 592 722
f 592 624 724
f 590 721 606
f 721 607 606
f 590 722 721
f 592 724 722
f 129 620 591
f 620 621 591
f 618 627 621
f 621 625 591
f 625 624 591
f 621 627 625
f 618 621 729
f 620 731 621
f 618 632 627
f 618 739 632
f 618 953 739
f 627 632 628
f 625 732 624
f 625 627 733
f 627 628 734
f 628 632 735
f 739 736 632
f 723 132 607
f 621 731 729
f 620 730 731
f 618 729 953
f 739 953 736
f 624 732 724
f 625 733 732
f 627 734 733
f 628 735 734
f 632 736 735
f 721 723 607
f 721 722 723
f 722 732 723
f 722 724 732
f 136 723 730
f 730 723 731
f 729 731 734
f 731 723 733
f 723 732 733
f 731 733 734
f 729 734 736
f 729 736 953
f 734 735 736
f 114 128 591
f 114 589 121
f 114 121 132
f 121 607 132
f 114 132 128
f 114 591 589
f 121 589 606
f 121 606 607
f 174 131 181
f 174 622 131
f 181 131 134
f 181 134 639
f 174 182 176
f 174 176 741
f 174 181 182
f 176 182 760
f 181 760 182
f 738 639 622
f 738 758 639
f 174 741 622
f 738 622 741
f 176 760 741
f 738 741 758
f 758 741 760
f 181 639 760
f 758 760 639
f 130 619 133
f 133 619 638
f 130 134 131
f 130 622 619
f 130 131 622
f 130 133 134
f 133 638 639
f 133 639 134
f 619 622 638
f 638 622 639
f 177 751 183
f 177 746 754
f 177 756 751
f 177 754 756
f 177 183 765
f 183 751 770
f 177 765 746
f 746 773 754
f 746 765 773
f 751 756 770
f 756 775 770
f 754 755 756
f 754 774 755
f 755 775 756
f 754 773 774
f 755 774 775
f 183 773 765
f 183 770 775
f 183 775 773
f 773 775 774
f 179 747 186
f 179 186 807
f 179 748 749
f 179 749 747
f 747 749 766
f 748 768 749
f 748 778 767
f 186 747 766
f 749 768 766
f 748 767 768
f 186 768 767
f 186 766 768
f 179 780 748
f 748 780 778
f 179 783 780
f 179 782 783
f 778 781 779
f 778 780 781
f 179 807 782
f 778 779 801
f 779 781 802
f 780 783 784
f 783 805 784
f 782 808 783
f 767 778 801
f 779 802 801
f 798 803 799
f 781 799 802
f 186 767 803
f 767 801 803
f 799 803 804
f 186 803 808
f 186 808 807
f 801 802 804
f 801 804 803
f 799 804 802
f 782 807 808
f 783 809 805
f 783 808 809
f 798 805 809
f 798 809 803
f 803 809 808
f 789 790 791
f 790 891 791
f 790 795 891
f 789 812 790
f 789 791 954
f 791 887 956
f 789 955 812
f 812 957 817
f 789 954 955
f 791 956 954
f 887 958 956
f 795 817 959
f 791 891 887
f 887 891 958
f 795 959 891
f 891 959 958
f 812 955 957
f 954 956 955
f 955 956 959
f 955 959 957
f 817 957 959
f 956 958 959
f 750 757 769
f 750 786 757
f 757 786 776
f 757 776 769
f 776 786 813
f 769 776 813
f 750 777 786
f 750 800 777
f 777 813 786
f 750 769 800
f 777 800 813
f 769 813 800
f 59 66 64
f 64 66 68
f 64 68 65
f 59 64 94
f 64 65 95
f 59 97 66
f 65 68 96
f 66 98 68
f 64 95 94
f 65 96 95
f 59 94 97
f 66 97 98
f 68 98 96
f 94 95 97
f 95 98 97
f 95 96 98
f 78 82 86
f 78 79 80
f 78 80 83
f 80 81 83
f 78 84 82
f 78 83 84
f 83 85 84
f 79 88 80
f 78 87 79
f 80 89 81
f 82 84 90
f 81 91 83
f 83 93 85
f 84 85 92
f 78 86 87
f 82 90 86
f 79 87 88
f 86 88 87
f 86 91 88
f 80 88 89
f 81 89 91
f 88 91 89
f 86 90 92
f 86 92 91
f 83 91 93
f 91 92 93
f 84 92 90
f 85 93 92
f 593 601 725
f 601 603 726
f 593 605 601
f 601 605 666
f 601 666 603
f 593 728 605
f 603 666 727
f 605 737 666
f 601 726 725
f 603 727 726
f 593 725 728
f 605 728 737
f 666 737 727
f 725 726 728
f 726 737 728
f 726 727 737
f 626 667 641
f 641 667 696
f 626 642 629
f 626 629 709
f 626 709 667
f 629 715 709
f 626 641 642
f 629 642 715
f 641 715 642
f 641 696 715
f 667 709 711
f 709 710 711
f 667 711 696
f 709 716 710
f 710 717 711
f 709 715 716
f 696 711 717
f 710 716 717
f 696 717 715
f 715 717 716
f 630 634 631
f 630 646 634
f 630 712 643
f 631 634 644
f 631 648 636
f 635 636 647
f 635 649 637
f 630 643 646
f 643 644 646
f 634 646 644
f 631 644 648
f 636 648 647
f 635 647 649
f 712 713 718
f 630 631 713
f 630 713 712
f 631 636 713
f 635 713 636
f 635 637 713
f 637 720 713
f 643 712 718
f 713 720 718
f 637 649 720
f 643 720 644
f 643 718 720
f 644 720 648
f 647 648 720
f 647 720 649
f 821 826 824
f 821 824 854
f 821 823 826
f 821 856 823
f 823 859 826
f 824 826 857
f 821 854 856
f 824 857 854
f 823 856 859
f 826 859 857
f 854 857 859
f 854 859 856
f 822 827 855
f 822 832 827
f 827 832 860
f 822 855 862
f 827 860 855
f 832 864 860
f 822 829 832
f 822 862 829
f 829 864 832
f 829 862 864
f 855 860 864
f 855 864 862
f 828 833 861
f 828 863 830
f 828 834 833
f 833 834 865
f 828 830 834
f 830 866 834
f 828 861 863
f 833 865 861
f 830 863 866
f 834 866 865
f 861 865 866
f 861 866 863
f 831 896 847
f 831 847 867
f 847 896 885
f 847 885 867
f 867 885 939
f 831 886 896
f 831 924 886
f 886 939 896
f 831 867 924
f 886 924 939
f 867 939 924
f 885 896 939
f 889 890 897
f 889 923 890
f 889 897 922
f 888 901 890
f 888 893 901
f 888 890 921
f 888 926 893
f 888 921 926
f 890 923 921
f 889 922 923
f 897 929 922
f 893 926 933
f 897 901 929
f 890 901 897
f 893 933 901
f 901 933 929
f 922 929 923
f 921 923 933
f 921 933 926
f 923 929 933
f 900 902 906
f 900 905 932
f 900 934 902
f 900 906 905
f 902 938 906
f 905 906 937
f 900 932 934
f 905 937 932
f 902 934 938
f 906 938 937
f 932 938 934
f 932 937 938
f 898 899 904
f 898 931 899
f 898 903 930
f 898 904 903
f 899 936 904
f 903 904 935
f 898 930 931
f 899 931 936
f 903 935 930
f 904 936 935
f 930 936 931
f 930 935 936
f 654 689 659
f 654 664 662
f 654 662 684
f 654 659 664
f 659 694 664
f 662 664 692
f 654 684 689
f 659 689 694
f 662 692 684
f 664 694 692
f 684 692 694
f 684 694 689
f 663 668 693
f 663 665 670
f 663 695 665
f 663 693 695
f 665 695 699
f 663 670 668
f 668 670 697
f 665 699 670
f 668 697 693
f 670 699 697
f 693 699 695
f 693 697 699
f 669 700 671
f 669 672 698
f 669 671 676
f 669 676 672
f 671 705 676
f 672 676 701
f 669 698 700
f 672 701 698
f 671 700 705
f 676 705 701
f 698 705 700
f 698 701 705
f 673 675 674
f 673 674 702
f 674 675 703
f 673 677 963
f 673 963 675
f 673 706 677
f 677 1028 963
f 674 703 702
f 673 702 706
f 675 704 703
f 677 706 1028
f 702 703 704
f 702 1028 706
f 702 704 1028
f 675 963 961
f 675 961 704
f 961 963 1026
f 704 961 1026
f 963 1028 1026
f 704 1026 1028
f 962 964 967
f 962 967 965
f 962 965 1027
f 962 1029 964
f 965 967 1030
f 964 1031 967
f 962 1027 1029
f 964 1029 1031
f 965 1030 1027
f 967 1031 1030
f 1027 1031 1029
f 1027 1030 1031
f 966 968 978
f 966 970 971
f 966 978 970
f 970 978 972
f 966 971 1038
f 966 1039 968
f 970 1041 971
f 970 972 1040
f 972 978 1042
f 968 1058 978
f 966 1038 1039
f 971 1041 1038
f 970 1040 1041
f 972 1042 1040
f 978 1058 1042
f 1038 1058 1039
f 1038 1041 1040
f 1038 1040 1058
f 1040 1042 1058
f 968 1039 1058
f 969 973 974
f 969 974 976
f 969 977 975
f 969 976 977
f 974 979 976
f 976 979 982
f 969 1033 973
f 973 1034 974
f 974 1043 979
f 969 975 1032
f 975 977 1035
f 976 982 1036
f 976 1037 977
f 969 1032 1033
f 973 1033 1034
f 974 1034 1043
f 975 1035 1032
f 977 1037 1035
f 982 1046 1036
f 976 1036 1037
f 979 1046 982
f 979 1043 1046
f 1032 1034 1033
f 1032 1036 1034
f 1032 1035 1037
f 1032 1037 1036
f 1034 1036 1043
f 1036 1046 1043
f 653 685 655
f 653 655 660
f 653 660 661
f 653 661 683
f 655 690 660
f 660 691 661
f 653 683 685
f 661 691 683
f 660 690 691
f 655 685 690
f 683 690 685
f 683 691 690
f 678 708 679
f 678 707 708
f 678 986 981
f 678 981 980
f 678 980 707
f 678 679 986
f 679 1050 986
f 980 981 1044
f 986 985 981
f 986 1049 985
f 707 980 1044
f 679 708 1050
f 1044 981 1045
f 986 1050 1049
f 707 1045 1050
f 707 1044 1045
f 707 1050 708
f 1050 1045 1049
f 1099 1100 1114
f 1100 1101 1114
f 1099 1140 1100
f 1100 1141 1101
f 1101 1142 1102
f 1099 1139 1140
f 1100 1140 1141
f 1101 1141 1142
f 1101 1118 1114
f 1114 1116 1115
f 1114 1118 1116
f 1101 1102 1118
f 1116 1118 1117
f 1114 1115 1161
f 1115 1116 1162
f 1116 1117 1163
f 1102 1165 1118
f 1117 1118 1164
f 1115 1162 1161
f 1116 1163 1162
f 1102 1142 1165
f 1117 1164 1163
f 1118 1165 1164
f 1139 1161 1140
f 1140 1161 1141
f 1141 1161 1165
f 1161 1162 1163
f 1161 1163 1165
f 1141 1165 1142
f 1163 1164 1165
f 1107 1119 1108
f 1107 1108 1143
f 1108 1144 1143
f 1107 1143 1166
f 1108 1119 1123
f 1108 1123 1126
f 1108 1126 1124
f 1119 1120 1121
f 1119 1121 1123
f 1121 1125 1123
f 1108 1124 1144
f 1107 1166 1119
f 1119 1167 1120
f 1120 1168 1121
f 1124 1126 1170
f 1123 1125 1169
f 1123 1172 1126
f 1124 1170 1144
f 1119 1166 1167
f 1120 1167 1168
f 1126 1172 1170
f 1123 1169 1172
f 1125 1171 1169
f 1143 1144 1166
f 1144 1169 1166
f 1144 1172 1169
f 1144 1170 1172
f 1166 1168 1167
f 1166 1169 1168
f 1168 1169 1171
f 1105 1109 1106
f 1105 1112 1110
f 1105 1110 1109
f 1104 1105 1153
f 1105 1106 1154
f 1106 1109 1155
f 1109 1110 1156
f 1110 1122 1157
f 1104 1112 1105
f 1104 1111 1112
f 1112 1113 1133
f 1110 1112 1135
f 1113 1134 1133
f 1104 1158 1111
f 1111 1159 1112
f 1112 1160 1113
f 1113 1185 1134
f 1121 1122 1135
f 1121 1135 1125
f 1125 1135 1171
f 1121 1180 1122
f 1110 1135 1122
f 1112 1133 1135
f 1133 1134 1184
f 1133 1186 1135
f 1106 1155 1154
f 1105 1154 1153
f 1104 1153 1158
f 1109 1156 1155
f 1110 1157 1156
f 1154 1155 1156
f 1154 1157 1159
f 1154 1156 1157
f 1111 1158 1159
f 1112 1159 1160
f 1113 1160 1185
f 1153 1154 1159
f 1153 1159 1158
f 1159 1184 1160
f 1157 1186 1159
f 1160 1184 1185
f 1121 1168 1180
f 1135 1181 1171
f 1122 1180 1157
f 1168 1171 1181
f 1168 1179 1180
f 1168 1181 1179
f 1179 1186 1180
f 1179 1181 1186
f 1133 1184 1186
f 1134 1185 1184
f 1135 1186 1181
f 1157 1180 1186
f 1159 1186 1184
f 1091 1096 1095
f 1091 1092 1096
f 1094 1095 1103
f 1095 1096 1103
f 1096 1097 1103
f 1093 1097 1096
f 1091 1095 1145
f 1091 1146 1092
f 1092 1150 1096
f 1093 1096 1147
f 1094 1149 1095
f 1094 1103 1148
f 1097 1152 1103
f 1093 1151 1097
f 1091 1145 1146
f 1092 1146 1150
f 1095 1149 1145
f 1094 1148 1149
f 1103 1152 1148
f 1096 1150 1147
f 1093 1147 1151
f 1097 1151 1152
f 1145 1149 1150
f 1145 1150 1146
f 1148 1152 1149
f 1149 1152 1150
f 1150 1152 1151
f 1147 1150 1151
f 1651 1660 1654
f 1651 1677 1660
f 1651 1654 1730
f 1660 1677 1661
f 1660 1661 1736
f 1661 1677 1737
f 1654 1732 1730
f 1661 1737 1736
f 1651 1666 1677
f 1651 1746 1666
f 1651 1730 1746
f 1677 1753 1737
f 1730 1732 1736
f 1730 1736 1753
f 1736 1737 1753
f 1730 1753 1746
f 1650 1654 1652
f 1654 1658 1652
f 1654 1660 1658
f 1650 1652 1729
f 1658 1731 1652
f 1650 1732 1654
f 1658 1660 1735
f 1729 1652 1731
f 1650 1729 1732
f 1658 1735 1731
f 1660 1736 1735
f 1729 1731 1732
f 1732 1731 1735
f 1732 1735 1736
f 1648 1653 1659
f 1648 1659 1655
f 1648 1655 1742
f 1648 1743 1653
f 1659 1653 1745
f 1655 1659 1744
f 1655 1744 1742
f 1648 1742 1743
f 1743 1745 1653
f 1744 1659 1745
f 1742 1745 1743
f 1742 1744 1745
f 1132 1182 1136
f 1132 1178 1182
f 1132 1353 1350
f 1132 1136 1353
f 1132 1350 1178
f 1350 1353 1420
f 1178 1350 1420
f 1353 1423 1420
f 1136 1423 1353
f 1136 1182 1423
f 1178 1420 1423
f 1178 1423 1182
f 1137 1183 1426
f 1137 1356 1355
f 1137 1355 1354
f 1137 1354 1183
f 1137 1426 1356
f 1354 1355 1424
f 1355 1356 1425
f 1183 1354 1424
f 1355 1425 1424
f 1356 1426 1425
f 1183 1425 1426
f 1183 1424 1425
f 1357 1358 1359
f 1357 1359 1363
f 1357 1363 1362
f 1359 1360 1363
f 1357 1428 1358
f 1357 1362 1427
f 1358 1429 1359
f 1359 1430 1360
f 1362 1363 1432
f 1360 1433 1363
f 1357 1427 1428
f 1358 1428 1429
f 1359 1429 1430
f 1362 1432 1427
f 1363 1433 1432
f 1360 1430 1433
f 1427 1429 1428
f 1427 1433 1429
f 1427 1432 1433
f 1429 1433 1430
f 1361 1649 1364
f 1361 1364 1431
f 1364 1649 1434
f 1361 1431 1727
f 1364 1434 1431
f 1431 1434 1728
f 1361 1647 1649
f 1361 1727 1647
f 1647 1728 1649
f 1647 1727 1728
f 1434 1649 1728
f 1431 1728 1727
f 1532 1799 1671
f 1531 1532 1580
f 1532 1574 1580
f 1574 1751 1581
f 1574 1581 1580
f 1581 1751 1757
f 1581 1757 1835
f 1531 1799 1532
f 1531 1611 1799
f 1531 1644 1611
f 1611 1835 1799
f 1531 1580 1644
f 1611 1644 1835
f 1580 1581 1835
f 1580 1835 1644
f 1671 1799 1751
f 1751 1799 1757
f 1757 1799 1835
f 1529 1530 1532
f 1529 1532 1671
f 1529 1573 1530
f 1530 1574 1532
f 1529 1671 1572
f 1530 1573 1574
f 1529 1572 1573
f 1572 1574 1573
f 1572 1751 1574
f 1572 1671 1751
f 1519 1567 1524
f 1519 1524 1526
f 1524 1527 1526
f 1524 1533 1527
f 1526 1527 1528
f 1519 1526 1563
f 1527 1533 1570
f 1526 1528 1569
f 1527 1571 1528
f 1524 1575 1533
f 1519 1563 1567
f 1526 1569 1563
f 1527 1570 1571
f 1533 1575 1570
f 1528 1571 1569
f 1524 1567 1575
f 1563 1569 1567
f 1567 1569 1570
f 1567 1570 1575
f 1569 1571 1570
f 1511 1512 1556
f 1512 1557 1556
f 1511 1564 1520
f 1511 1520 1525
f 1511 1525 1512
f 1512 1525 1557
f 1520 1568 1525
f 1511 1556 1564
f 1520 1564 1568
f 1525 1568 1557
f 1556 1568 1564
f 1556 1557 1568
f 1509 1514 1513
f 1509 1510 1514
f 1509 1513 1558
f 1509 1559 1510
f 1510 1561 1514
f 1513 1514 1560
f 1509 1558 1559
f 1513 1560 1558
f 1510 1559 1561
f 1514 1561 1560
f 1558 1560 1561
f 1558 1561 1559
f 1582 1608 1618
f 1582 1619 1583
f 1582 1609 1608
f 1582 1583 1609
f 1583 1610 1609
f 1608 1609 1641
f 1609 1610 1642
f 1583 1643 1610
f 1582 1618 1619
f 1608 1641 1618
f 1609 1642 1641
f 1610 1643 1642
f 1583 1619 1643
f 1618 1641 1642
f 1618 1642 1619
f 1619 1642 1643
f 1506 1507 1523
f 1506 1522 1547
f 1506 1548 1507
f 1506 1547 1548
f 1507 1548 1566
f 1506 1523 1522
f 1522 1523 1565
f 1507 1566 1523
f 1522 1565 1547
f 1523 1566 1565
f 1547 1566 1548
f 1547 1565 1566
f 1503 1505 1521
f 1503 1518 1552
f 1503 1554 1505
f 1503 1521 1518
f 1518 1521 1578
f 1505 1579 1521
f 1503 1552 1554
f 1505 1554 1579
f 1552 1579 1554
f 1518 1578 1552
f 1521 1579 1578
f 1552 1578 1579
f 1501 1517 1515
f 1501 1504 1517
f 1501 1515 1550
f 1501 1553 1504
f 1515 1517 1576
f 1504 1577 1517
f 1501 1550 1553
f 1515 1576 1550
f 1504 1553 1577
f 1550 1576 1577
f 1550 1577 1553
f 1517 1577 1576
f 1490 1500 1516
f 1490 1516 1508
f 1490 1508 1536
f 1490 1536 1546
f 1508 1555 1536
f 1490 1546 1500
f 1500 1562 1516
f 1500 1546 1562
f 1508 1516 1555
f 1516 1562 1555
f 1536 1562 1546
f 1536 1555 1562
f 1488 1535 1489
f 1492 1495 1493
f 1491 1492 1493
f 1492 1540 1494
f 1491 1538 1492
f 1491 1493 1537
f 1493 1497 1539
f 1492 1494 1495
f 1488 1496 1495
f 1488 1489 1498
f 1488 1498 1496
f 1493 1495 1496
f 1493 1496 1497
f 1488 1495 1534
f 1494 1541 1495
f 1489 1544 1498
f 1496 1498 1542
f 1496 1543 1497
f 1488 1534 1535
f 1492 1538 1540
f 1491 1537 1538
f 1493 1539 1537
f 1495 1541 1534
f 1494 1540 1541
f 1489 1535 1544
f 1496 1542 1543
f 1497 1543 1539
f 1498 1544 1542
f 1538 1539 1541
f 1537 1539 1538
f 1538 1541 1540
f 1534 1541 1542
f 1534 1544 1535
f 1534 1542 1544
f 1539 1542 1541
f 1539 1543 1542
f 1024 1127 1130
f 1024 1130 1209
f 1024 1209 1208
f 1024 1173 1127
f 1024 1208 1089
f 1024 1089 1173
f 1089 1208 1288
f 1089 1176 1173
f 1089 1289 1176
f 1089 1288 1289
f 1130 1131 1210
f 1127 1176 1130
f 1130 1177 1131
f 1127 1173 1176
f 1130 1176 1177
f 1131 1177 1417
f 1176 1290 1177
f 1209 1212 1211
f 1130 1210 1209
f 1209 1214 1212
f 1209 1210 1214
f 1212 1214 1213
f 1208 1209 1288
f 1209 1211 1289
f 1211 1212 1291
f 1212 1213 1292
f 1213 1214 1293
f 1210 1294 1214
f 1209 1289 1288
f 1211 1291 1289
f 1212 1292 1291
f 1213 1293 1292
f 1210 1290 1294
f 1214 1294 1293
f 1289 1291 1292
f 1176 1289 1290
f 1289 1292 1294
f 1289 1294 1290
f 1292 1293 1294
f 1131 1347 1210
f 1131 1417 1347
f 1210 1347 1290
f 1290 1347 1417
f 1177 1290 1417
f 1128 1349 1129
f 1128 1129 1174
f 1129 1348 1175
f 1129 1175 1174
f 1128 1174 1419
f 1174 1175 1419
f 1129 1349 1348
f 1348 1349 1418
f 1128 1419 1349
f 1175 1348 1418
f 1349 1419 1418
f 1175 1418 1419
f 1015 1025 1022
f 1015 1022 1080
f 1022 1025 1087
f 1015 1023 1207
f 1015 1207 1025
f 1015 1088 1023
f 1025 1206 1090
f 1023 1287 1207
f 1022 1087 1080
f 1025 1090 1087
f 1015 1080 1088
f 1023 1088 1287
f 1080 1087 1090
f 1080 1287 1088
f 1080 1090 1287
f 1025 1207 1206
f 1206 1207 1286
f 1090 1206 1286
f 1207 1287 1286
f 1090 1286 1287
f 1012 1014 1016
f 1012 1016 1020
f 1016 1017 1020
f 1012 1205 1204
f 1017 1021 1020
f 1012 1020 1205
f 1012 1079 1014
f 1014 1081 1016
f 1016 1082 1017
f 1012 1204 1077
f 1017 1086 1021
f 1020 1021 1085
f 1012 1077 1079
f 1014 1079 1081
f 1016 1081 1082
f 1017 1082 1086
f 1077 1204 1284
f 1020 1085 1285
f 1021 1086 1085
f 1077 1081 1079
f 1077 1085 1081
f 1081 1085 1082
f 1077 1284 1285
f 1082 1085 1086
f 1077 1285 1085
f 1204 1205 1284
f 1020 1285 1205
f 1205 1285 1284
f 268 281 282
f 264 270 268
f 268 296 281
f 264 269 270
f 268 270 296
f 270 297 296
f 264 268 284
f 268 282 284
f 282 283 284
f 264 284 280
f 264 280 269
f 281 297 282
f 282 298 283
f 280 284 295
f 283 299 284
f 281 296 297
f 282 297 298
f 283 298 299
f 269 280 295
f 284 299 295
f 269 299 270
f 270 299 297
f 297 299 298
f 269 295 299
f 150 151 157
f 150 208 151
f 150 156 155
f 159 168 156
f 150 157 159
f 151 158 157
f 151 161 158
f 150 159 156
f 150 155 207
f 158 161 213
f 150 207 208
f 207 155 167
f 159 211 168
f 210 167 168
f 159 214 211
f 161 215 213
f 207 212 208
f 207 167 210
f 210 168 211
f 207 210 211
f 207 214 212
f 208 212 213
f 208 213 215
f 207 211 214
f 157 162 159
f 157 158 162
f 159 162 214
f 158 220 162
f 162 219 214
f 158 213 220
f 162 220 219
f 212 217 213
f 212 214 219
f 212 219 217
f 213 217 218
f 213 218 220
f 217 219 220
f 217 220 218
f 1893 1894 1895
f 1893 1937 1935
f 1893 1895 1937
f 1895 1896 1937
f 1893 1935 1985
f 1893 1986 1894
f 1894 1987 1895
f 1895 1988 1896
f 1896 2037 1937
f 1935 1937 2036
f 1893 1985 1986
f 1894 1986 1987
f 1895 1987 1988
f 1935 2036 1985
f 1896 1988 2037
f 1985 1987 1986
f 1985 2036 2037
f 1985 2037 1987
f 1987 2037 1988
f 1937 2037 2036
f 316 473 410
f 316 410 406
f 316 406 467
f 316 556 473
f 410 473 469
f 316 467 556
f 406 468 467
f 406 410 468
f 410 469 468
f 467 469 556
f 467 468 469
f 469 473 556
f 407 484 408
f 407 408 439
f 408 484 440
f 408 440 439
f 407 439 519
f 440 484 521
f 439 440 521
f 407 482 484
f 407 519 482
f 482 521 484
f 482 519 521
f 439 521 519
f 409 415 438
f 409 485 500
f 409 500 415
f 409 438 516
f 415 442 438
f 415 500 442
f 442 500 535
f 438 535 516
f 438 442 535
f 409 516 485
f 485 535 500
f 485 516 535
f 507 2656 2654
f 507 2654 540
f 2654 2656 2675
f 507 540 2676
f 540 2654 2675
f 507 2655 2656
f 507 2676 2655
f 2655 2657 2656
f 2655 2678 2657
f 2656 2657 2677
f 2655 2676 2678
f 2656 2677 2675
f 2657 2678 2677
f 540 2675 2677
f 540 2677 2676
f 2676 2677 2678
f 502 546 511
f 502 505 537
f 502 515 505
f 502 511 515
f 505 515 538
f 502 537 546
f 505 538 537
f 510 511 545
f 510 549 514
f 510 515 511
f 510 514 515
f 514 550 515
f 510 545 549
f 511 546 545
f 515 550 538
f 514 549 550
f 537 538 550
f 537 550 546
f 545 546 550
f 545 550 549
f 483 494 487
f 483 487 520
f 487 494 522
f 483 491 492
f 483 492 494
f 492 493 494
f 483 531 491
f 491 532 492
f 492 533 493
f 493 534 494
f 487 522 520
f 483 520 531
f 520 522 534
f 491 531 532
f 492 532 533
f 493 533 534
f 494 534 522
f 520 532 531
f 520 534 532
f 532 534 533
f 486 501 517
f 486 495 509
f 501 536 517
f 486 517 523
f 495 498 497
f 495 497 509
f 496 499 512
f 486 523 495
f 495 526 498
f 497 498 525
f 496 497 524
f 496 527 499
f 495 523 526
f 497 525 524
f 498 526 525
f 496 524 527
f 486 509 501
f 501 509 536
f 509 544 536
f 497 508 509
f 496 508 497
f 496 512 508
f 508 512 513
f 508 513 543
f 508 544 509
f 499 547 512
f 512 548 513
f 508 543 544
f 513 548 543
f 499 527 547
f 512 547 548
f 517 544 523
f 523 525 526
f 523 544 525
f 524 547 527
f 517 536 544
f 525 544 543
f 524 525 543
f 524 543 547
f 543 548 547
f 472 474 475
f 472 475 488
f 472 489 481
f 472 488 489
f 472 481 477
f 472 478 474
f 475 476 488
f 476 490 488
f 474 479 475
f 475 480 476
f 476 530 490
f 477 481 518
f 472 477 478
f 477 479 478
f 477 528 479
f 477 518 529
f 477 529 528
f 474 478 479
f 475 479 480
f 476 480 530
f 479 528 480
f 480 528 530
f 481 489 518
f 488 529 489
f 488 490 528
f 489 529 518
f 488 528 529
f 490 530 528
f 430 2093 431
f 430 435 2093
f 430 431 457
f 434 2098 2093
f 434 2093 435
f 434 435 437
f 430 460 435
f 434 437 459
f 435 462 437
f 431 458 457
f 430 457 460
f 434 459 2186
f 437 462 459
f 435 460 462
f 457 458 2181
f 457 2181 460
f 459 2181 2186
f 459 460 2181
f 459 462 460
f 2093 2098 2181
f 434 2186 2098
f 2098 2186 2181
f 436 539 506
f 436 461 539
f 436 2108 461
f 461 2108 2196
f 436 506 2653
f 436 2653 2108
f 506 2674 2653
f 2108 2653 2196
f 506 539 2674
f 2196 2653 2674
f 461 2674 539
f 461 2196 2674
f 2096 2104 2184
f 2099 2100 2101
f 2096 2101 2104
f 2100 2107 2101
f 2101 2107 2104
f 2099 2188 2100
f 2099 2101 2187
f 2096 2189 2101
f 2100 2195 2107
f 2104 2107 2192
f 2104 2192 2184
f 2099 2187 2188
f 2101 2189 2187
f 2100 2188 2195
f 2096 2184 2189
f 2107 2195 2192
f 2187 2189 2188
f 2184 2192 2189
f 2188 2189 2195
f 2189 2192 2195
f 432 503 433
f 432 433 463
f 433 504 464
f 433 464 463
f 432 463 541
f 463 464 541
f 433 503 504
f 432 541 503
f 503 542 504
f 503 541 542
f 464 504 542
f 464 542 541
f 416 421 422
f 416 426 417
f 416 417 443
f 416 448 421
f 416 422 426
f 422 425 426
f 421 449 422
f 422 452 425
f 425 453 426
f 416 443 448
f 417 444 443
f 421 448 449
f 422 449 452
f 425 452 453
f 443 449 448
f 443 444 453
f 443 453 449
f 449 453 452
f 307 470 315
f 307 315 465
f 315 471 466
f 315 466 465
f 307 465 554
f 465 466 554
f 315 470 471
f 307 554 470
f 470 555 471
f 470 554 555
f 466 471 555
f 466 555 554
f 306 314 310
f 306 308 314
f 306 310 317
f 306 318 308
f 308 324 314
f 310 314 320
f 306 317 318
f 310 320 317
f 317 320 324
f 317 324 318
f 308 318 324
f 314 324 320
f 272 274 276
f 272 277 273
f 272 275 274
f 274 275 278
f 272 273 275
f 273 279 275
f 272 276 277
f 274 278 276
f 275 279 278
f 276 278 279
f 273 277 279
f 276 279 277
f 2113 2132 2120
f 2120 2132 2123
f 2113 2127 2132
f 2113 2120 2201
f 2113 2215 2127
f 2120 2123 2208
f 2127 2220 2132
f 2113 2201 2215
f 2120 2208 2201
f 2123 2211 2208
f 2127 2215 2220
f 2201 2208 2220
f 2208 2211 2220
f 2201 2220 2215
f 1900 1901 1910
f 1901 1903 1910
f 1901 1902 1903
f 1903 1904 1905
f 1900 1990 1901
f 1900 1910 1989
f 1901 1991 1902
f 1902 1992 1903
f 1903 1993 1904
f 1904 1994 1905
f 1903 1911 1910
f 1903 1905 1912
f 1903 1912 1911
f 1912 1905 1913
f 1911 1918 1916
f 1911 1912 1918
f 1910 1911 1996
f 1911 1916 1997
f 1912 1913 1998
f 1916 1918 2002
f 1918 1912 2004
f 1901 1990 1991
f 1900 1989 1990
f 1902 1991 1992
f 1903 1992 1993
f 1904 1993 1994
f 1910 1996 1989
f 1911 1997 1996
f 1998 1913 1999
f 1916 2002 1997
f 1912 1998 2004
f 1918 2004 2002
f 1989 1996 1990
f 1990 1996 1992
f 1990 1992 1991
f 1992 1994 1993
f 1992 1996 1997
f 1992 1998 1994
f 1992 1997 1998
f 1998 1999 1994
f 1997 2002 2004
f 1997 2004 1998
f 2144 2145 2146
f 2145 2159 2146
f 2146 2159 2147
f 2134 2145 2231
f 2144 2233 2145
f 2144 2146 2232
f 2146 2147 2234
f 2147 2159 2235
f 2134 2154 2145
f 2145 2154 2159
f 2134 2251 2154
f 2154 2252 2159
f 2145 2233 2231
f 2144 2232 2233
f 2146 2234 2232
f 2147 2235 2234
f 2232 2234 2233
f 2233 2234 2252
f 2234 2235 2252
f 2134 2231 2251
f 2154 2251 2252
f 2159 2252 2235
f 2231 2233 2251
f 2233 2252 2251
f 2105 2106 2148
f 2105 2148 2193
f 2105 2194 2106
f 2148 2236 2193
f 2105 2193 2194
f 2129 2148 2130
f 2131 2151 2133
f 2129 2130 2217
f 2130 2131 2218
f 2131 2133 2219
f 2133 2151 2221
f 2130 2218 2217
f 2131 2219 2218
f 2133 2221 2219
f 2106 2130 2148
f 2106 2131 2130
f 2106 2150 2131
f 2131 2150 2149
f 2131 2149 2151
f 2106 2153 2150
f 2150 2153 2152
f 2129 2236 2148
f 2149 2150 2237
f 2150 2152 2238
f 2106 2241 2153
f 2149 2239 2151
f 2152 2153 2240
f 2129 2217 2236
f 2149 2237 2239
f 2150 2238 2237
f 2106 2194 2241
f 2151 2239 2221
f 2152 2240 2238
f 2153 2241 2240
f 2193 2236 2194
f 2217 2218 2236
f 2219 2221 2239
f 2194 2236 2218
f 2194 2218 2219
f 2194 2219 2238
f 2219 2237 2238
f 2219 2239 2237
f 2194 2238 2241
f 2238 2240 2241
f 2156 2157 2158
f 2157 2162 2158
f 2155 2157 2242
f 2156 2244 2157
f 2156 2158 2243
f 2158 2164 2245
f 2155 2162 2157
f 2155 2160 2162
f 2158 2162 2163
f 2158 2163 2164
f 2155 2246 2160
f 2160 2248 2162
f 2162 2249 2163
f 2163 2250 2164
f 2157 2244 2242
f 2156 2243 2244
f 2158 2245 2243
f 2155 2242 2246
f 2160 2246 2248
f 2162 2248 2249
f 2163 2249 2250
f 2164 2250 2245
f 2243 2245 2244
f 2244 2245 2248
f 2242 2244 2248
f 2242 2248 2246
f 2245 2249 2248
f 2245 2250 2249
f 2109 2161 2197
f 2161 2659 2247
f 2161 2247 2197
f 2109 2197 2681
f 2109 2660 2161
f 2161 2660 2658
f 2658 2660 2669
f 2109 2681 2660
f 2658 2669 2679
f 2161 2658 2659
f 2658 2680 2659
f 2669 2684 2679
f 2658 2679 2680
f 2247 2659 2680
f 2660 2684 2669
f 2660 2681 2684
f 2197 2247 2681
f 2247 2679 2681
f 2679 2684 2681
f 2247 2680 2679
f 2710 2672 2712
f 2711 2672 2673
f 2710 2687 2672
f 2710 2695 2687
f 2695 2688 2687
f 2710 2736 2695
f 2737 2673 2688
f 2695 2696 2688
f 2695 2736 2738
f 2695 2737 2696
f 2696 2737 2688
f 2711 2712 2672
f 2710 2712 2736
f 2711 2673 2737
f 2711 2738 2712
f 2712 2738 2736
f 2711 2737 2738
f 2695 2738 2737
f 2661 2664 2662
f 2661 2666 2667
f 2661 2667 2664
f 2664 2667 2665
f 2661 2662 2689
f 2661 2693 2666
f 2662 2664 2690
f 2664 2665 2691
f 2665 2667 2692
f 2666 2694 2667
f 2662 2690 2689
f 2661 2689 2693
f 2664 2691 2690
f 2665 2692 2691
f 2666 2693 2694
f 2667 2694 2692
f 2689 2690 2691
f 2689 2694 2693
f 2689 2691 2694
f 2691 2692 2694
f 2709 2714 2716
f 2708 2709 2723
f 2709 2716 2723
f 2716 2717 2723
f 2708 2735 2709
f 2708 2723 2784
f 2715 2718 2717
f 2717 2718 2719
f 2717 2719 2723
f 2719 2720 2723
f 2719 2721 2720
f 2715 2717 2741
f 2714 2788 2716
f 2716 2789 2717
f 2718 2791 2719
f 2719 2793 2721
f 2720 2721 2792
f 2723 2727 2795
f 2720 2727 2723
f 2720 2799 2727
f 2708 2785 2735
f 2708 2784 2785
f 2714 2740 2788
f 2717 2787 2741
f 2716 2788 2789
f 2717 2789 2787
f 2720 2792 2799
f 2718 2742 2791
f 2719 2791 2793
f 2721 2793 2792
f 2723 2795 2784
f 2727 2799 2795
f 2735 2785 2740
f 2740 2785 2786
f 2785 2788 2786
f 2784 2795 2785
f 2785 2795 2788
f 2788 2795 2789
f 2741 2787 2742
f 2740 2786 2788
f 2742 2787 2790
f 2742 2790 2791
f 2787 2789 2790
f 2789 2791 2790
f 2789 2795 2791
f 2791 2795 2792
f 2791 2792 2793
f 2792 2795 2799
f 2707 2714 2709
f 2707 2709 2734
f 2707 2713 2714
f 2713 2715 2714
f 2713 2718 2715
f 2707 2739 2713
f 2714 2715 2740
f 2713 2742 2718
f 2709 2735 2734
f 2734 2735 2740
f 2707 2734 2739
f 2715 2741 2740
f 2713 2739 2742
f 2734 2740 2739
f 2739 2740 2741
f 2739 2741 2742
f 2525 2527 2526
f 2526 2527 2528
f 2524 2527 2638
f 2525 2526 2639
f 2526 2528 2640
f 2525 2641 2527
f 2889 2642 2528
f 2524 2645 2531
f 2526 2640 2639
f 2889 2933 2642
f 2525 2639 2641
f 2527 2641 2638
f 2528 2642 2640
f 2524 2638 2645
f 2639 2640 2641
f 2640 2642 2641
f 2888 2889 2890
f 2889 2891 2890
f 2524 2895 2527
f 2527 2895 2528
f 2889 2528 2895
f 2889 2895 2891
f 2891 2895 2892
f 2524 2531 2895
f 2888 2890 2932
f 2888 2933 2889
f 2890 2891 2934
f 2891 2892 2935
f 2892 2895 2936
f 2531 2938 2895
f 2888 2932 2933
f 2890 2934 2932
f 2891 2935 2934
f 2892 2936 2935
f 2531 2645 2938
f 2895 2938 2936
f 2932 2934 2933
f 2933 2934 2935
f 2638 2641 2938
f 2641 2642 2938
f 2933 2938 2642
f 2933 2935 2938
f 2935 2936 2938
f 2638 2938 2645
f 2722 2529 2794
f 2794 2529 2643
f 2794 2643 2652
f 2722 2724 2529
f 2722 2728 2724
f 2728 2725 2724
f 2729 2726 2725
f 2728 2729 2725
f 2729 2744 2726
f 2745 2724 2725
f 2722 2800 2728
f 2728 2731 2729
f 2729 2731 2730
f 2728 3137 2731
f 2729 2730 2801
f 2730 2731 2802
f 2796 2725 2743
f 2729 2798 2744
f 2722 2794 2800
f 2796 2745 2725
f 2798 2743 2744
f 2729 2801 2798
f 2730 2802 2801
f 2731 2803 2802
f 2728 2800 3231
f 2796 2643 2745
f 2796 2743 2797
f 2797 2743 2798
f 2652 2643 2796
f 2794 2652 2796
f 2794 2796 2800
f 2796 2797 2800
f 2797 2798 2801
f 2797 2801 2800
f 2800 2801 2803
f 2801 2802 2803
f 2800 2803 3231
f 2731 3137 3135
f 2731 3135 2803
f 2728 3231 3137
f 3135 3137 3229
f 3135 3229 2803
f 3137 3231 3229
f 2803 3229 3231
f 3122 2743 2725
f 3126 2725 2726
f 3152 2726 2744
f 3152 2744 2743
f 3122 2725 3126
f 3122 3126 3151
f 3126 2726 3152
f 3122 3151 2743
f 3126 3152 3151
f 3151 3152 2743
f 2893 3129 2897
f 2937 2940 3105
f 2940 3154 3106
f 2940 3106 3105
f 3105 3106 3225
f 2893 3124 3125
f 2893 3125 3129
f 3123 3127 3125
f 3123 3128 3127
f 3125 3130 3129
f 3125 3127 3130
f 3127 3149 3130
f 3130 3149 3132
f 3132 3149 3133
f 3123 3125 3220
f 3124 3222 3125
f 3123 3224 3128
f 3127 3128 3223
f 3129 3130 3154
f 3130 3132 3226
f 3132 3133 3227
f 3133 3149 3228
f 3127 3136 3139
f 3127 3139 3149
f 3139 3140 3149
f 3127 3230 3136
f 3136 3232 3139
f 3139 3233 3140
f 3140 3234 3149
f 3124 3153 3222
f 3125 3222 3220
f 3123 3220 3224
f 3128 3224 3223
f 3127 3223 3230
f 3130 3225 3154
f 3130 3226 3225
f 3132 3227 3226
f 3133 3228 3227
f 3149 3234 3228
f 3136 3230 3232
f 3139 3232 3233
f 3140 3233 3234
f 2937 3221 3153
f 2937 3105 3221
f 3153 3221 3222
f 3106 3154 3225
f 3105 3222 3221
f 3105 3225 3222
f 3220 3222 3223
f 3220 3223 3224
f 3222 3225 3226
f 3222 3226 3223
f 3223 3226 3234
f 3226 3227 3234
f 3227 3228 3234
f 3223 3232 3230
f 3223 3234 3232
f 3232 3234 3233
f 2896 2643 2529
f 3124 2529 2724
f 3153 2724 2745
f 3153 2745 2643
f 2893 2897 2529
f 2896 2529 2897
f 2896 2897 3129
f 2896 3129 3131
f 2896 3131 2939
f 2896 2939 2643
f 2939 3131 3155
f 2937 2643 2940
f 2939 2940 2643
f 2939 3154 2940
f 2939 3155 3154
f 2893 2529 3124
f 3124 2724 3153
f 3129 3155 3131
f 3129 3154 3155
f 2937 3153 2643
f 2520 2522 2530
f 2520 2530 2523
f 2520 2523 2635
f 2520 2636 2522
f 2523 2530 2637
f 2522 2644 2530
f 2520 2635 2636
f 2523 2637 2635
f 2530 2644 2637
f 2522 2636 2644
f 2635 2644 2636
f 2635 2637 2644
f 2446 2450 2448
f 2448 2450 2449
f 2446 2447 2450
f 2447 2559 2450
f 2446 2448 2572
f 2446 2573 2447
f 2448 2449 2574
f 2449 2558 2574
f 2447 2576 2559
f 2446 2572 2573
f 2448 2574 2572
f 2447 2573 2576
f 2558 2559 2576
f 2558 2575 2574
f 2558 2576 2575
f 2572 2574 2576
f 2574 2575 2576
f 2572 2576 2573
f 2454 2456 2455
f 2439 2454 2455
f 2439 2563 2454
f 2439 2455 2551
f 2455 2456 2564
f 2439 2551 2563
f 2456 2565 2564
f 2455 2564 2551
f 2563 2564 2565
f 2551 2564 2563
f 2819 2884 2822
f 2819 3101 2884
f 2819 2822 3088
f 2822 2898 3089
f 2819 3088 3101
f 2822 3089 3088
f 2822 2884 2898
f 2884 2887 2898
f 2884 3104 2887
f 2887 3107 2898
f 2884 3101 3104
f 2887 3104 3107
f 3089 2898 3107
f 3088 3089 3101
f 3089 3107 3101
f 3101 3107 3104
f 2829 2900 2831
f 2829 2831 3090
f 2831 2900 3091
f 2831 3091 3090
f 2829 3090 3108
f 2829 2899 2900
f 2829 3108 2899
f 2899 3109 2900
f 2900 3109 3091
f 2899 3108 3109
f 3090 3091 3109
f 3090 3109 3108
f 2294 2319 2376
f 2294 2464 2319
f 2376 2319 2401
f 2376 2401 2578
f 2294 2580 2466
f 2294 2376 2580
f 2294 2466 2463
f 2294 2463 2464
f 2463 2466 2468
f 2463 2578 2464
f 2463 2468 2577
f 2468 2466 2582
f 2463 2577 2578
f 2468 2582 2577
f 2466 2580 2582
f 2376 2577 2580
f 2376 2578 2577
f 2577 2582 2580
f 2489 2490 2491
f 2490 2480 2519
f 2490 2519 2491
f 2490 2594 2480
f 2489 2604 2490
f 2489 2491 2603
f 2491 2519 2605
f 2480 2594 2630
f 2489 2603 2604
f 2490 2604 2594
f 2491 2605 2603
f 2519 2633 2605
f 2480 2516 2519
f 2480 2630 2516
f 2516 2633 2519
f 2516 2630 2633
f 2603 2605 2604
f 2604 2633 2594
f 2604 2605 2633
f 2594 2633 2630
f 2504 2510 2505
f 2504 2505 2618
f 2508 2513 2510
f 2505 2510 2513
f 2505 2513 2511
f 2505 2511 2512
f 2513 2514 2511
f 2513 2515 2514
f 2508 2510 2622
f 2508 2627 2513
f 2504 2624 2510
f 2505 2512 2619
f 2513 2629 2515
f 2515 2628 2514
f 2505 2619 2618
f 2508 2622 2627
f 2622 2510 2624
f 2504 2618 2624
f 2619 2512 2626
f 2513 2627 2629
f 2515 2629 2628
f 2618 2619 2624
f 2622 2624 2627
f 2619 2627 2624
f 2619 2625 2627
f 2619 2626 2625
f 2627 2625 2628
f 2627 2628 2629
f 2477 2479 2478
f 2478 2481 2469
f 2478 2479 2481
f 2479 2482 2481
f 2477 2478 2591
f 2477 2593 2479
f 2479 2596 2482
f 2482 2595 2481
f 2478 2592 2591
f 2477 2591 2593
f 2479 2593 2596
f 2482 2596 2595
f 2591 2592 2593
f 2592 2583 2595
f 2592 2595 2593
f 2593 2595 2596
f 2498 2469 2506
f 2498 2583 2469
f 2483 2469 2481
f 2483 2485 2469
f 2483 2484 2486
f 2485 2506 2469
f 2483 2486 2485
f 2485 2486 2487
f 2483 2481 2597
f 2483 2598 2484
f 2485 2487 2599
f 2487 2486 2601
f 2484 2600 2486
f 2498 2506 2612
f 2485 2620 2506
f 2498 2612 2583
f 2597 2481 2595
f 2483 2597 2598
f 2484 2598 2600
f 2487 2601 2599
f 2485 2599 2620
f 2486 2600 2601
f 2612 2506 2620
f 2612 2620 2583
f 2597 2595 2583
f 2597 2583 2599
f 2597 2600 2598
f 2599 2583 2620
f 2597 2599 2600
f 2599 2601 2600
f 2492 2493 2606
f 2488 2607 2493
f 2492 2632 2518
f 2492 2509 2493
f 2488 2493 2509
f 2488 2509 2507
f 2492 2518 2509
f 2488 2507 2602
f 2509 2518 2623
f 2507 2509 2621
f 2488 2602 2607
f 2493 2607 2606
f 2492 2606 2632
f 2507 2621 2602
f 2509 2623 2621
f 2518 2632 2623
f 2606 2607 2623
f 2602 2623 2607
f 2602 2621 2623
f 2606 2623 2632
f 2467 2478 2495
f 2478 2469 2497
f 2478 2497 2495
f 2467 2592 2478
f 2467 2495 2581
f 2497 2469 2611
f 2495 2497 2609
f 2467 2581 2592
f 2495 2609 2581
f 2611 2469 2583
f 2497 2611 2609
f 2581 2609 2592
f 2592 2611 2583
f 2592 2609 2611
f 797 1940 2253
f 797 892 819
f 797 819 2029
f 819 2338 2029
f 797 2255 892
f 892 2255 925
f 819 892 925
f 819 925 2340
f 797 2029 1940
f 1940 2338 2253
f 1940 2029 2338
f 797 2253 2255
f 2253 2254 2255
f 2253 2339 2254
f 2254 2340 2255
f 2253 2338 2339
f 2254 2339 2340
f 925 2255 2340
f 819 2340 2338
f 2338 2340 2339
f 1939 1942 2257
f 1939 2256 2038
f 1939 2039 1942
f 1939 2038 2039
f 1942 2039 2342
f 2038 2342 2039
f 1939 2257 2256
f 2256 2257 2341
f 1942 2342 2257
f 2038 2256 2341
f 2257 2342 2341
f 2038 2341 2342
f 1948 2258 2646
f 2258 2281 2647
f 1948 2264 2272
f 1948 2281 2258
f 1948 2272 2281
f 2264 2355 2272
f 2272 2280 2281
f 1948 2648 2264
f 2280 2651 2281
f 2258 2647 2646
f 2264 2649 2355
f 2280 2363 2651
f 1948 2646 2648
f 2355 2649 2363
f 2264 2648 2649
f 2281 2651 2647
f 2363 2649 2650
f 2363 2650 2651
f 2646 2649 2648
f 2646 2647 2651
f 2646 2651 2649
f 2649 2651 2650
f 2290 2435 2292
f 2290 2292 2372
f 2290 2547 2435
f 2292 2438 2374
f 2290 2372 2547
f 2292 2374 2372
f 2372 2374 2547
f 2292 2435 2438
f 2438 2435 2437
f 2438 2437 2550
f 2550 2437 2549
f 2438 2550 2374
f 2374 2550 2547
f 2550 2549 2547
f 2272 2277 2280
f 2272 2360 2277
f 2277 2291 2280
f 2280 2291 2363
f 2277 2373 2291
f 2272 2355 2360
f 2291 2373 2363
f 2277 2360 2373
f 2355 2363 2360
f 2360 2363 2373
f 2279 2286 2283
f 2282 2293 2284
f 2282 2287 2293
f 2279 2293 2286
f 2286 2293 2287
f 2279 2288 2293
f 2279 2283 2362
f 2279 2370 2288
f 2282 2284 2364
f 2283 2286 2365
f 2282 2369 2287
f 2286 2287 2368
f 2288 2375 2293
f 2283 2365 2362
f 2279 2362 2370
f 2284 2366 2364
f 2282 2364 2369
f 2286 2368 2365
f 2287 2369 2368
f 2288 2370 2375
f 2362 2365 2368
f 2364 2366 2375
f 2364 2375 2369
f 2362 2368 2375
f 2368 2369 2375
f 2362 2375 2370
f 2299 2301 2303
f 2299 2379 2301
f 2299 2310 2377
f 2301 2381 2303
f 2299 2303 2307
f 2299 2307 2311
f 2303 2322 2307
f 2307 2322 2306
f 2299 2311 2310
f 2307 2306 2309
f 2307 2309 2384
f 2306 2386 2309
f 2310 2311 2387
f 2307 2388 2311
f 2299 2377 2379
f 2301 2379 2381
f 2377 2310 2387
f 2303 2381 2404
f 2307 2384 2388
f 2384 2309 2386
f 2306 2383 2386
f 2311 2388 2387
f 2306 2322 2323
f 2303 2404 2322
f 2322 2405 2323
f 2306 2323 2383
f 2322 2404 2405
f 2323 2405 2383
f 2377 2381 2379
f 2377 2384 2381
f 2377 2388 2384
f 2381 2384 2404
f 2384 2383 2404
f 2377 2387 2388
f 2384 2386 2383
f 2383 2405 2404
f 915 2391 2296
f 915 948 2391
f 2296 2298 2305
f 915 2296 2305
f 2298 2394 2305
f 915 2305 948
f 2298 2393 2394
f 948 2305 2394
f 2391 2394 2393
f 948 2394 2391
f 920 1590 960
f 920 1591 1590
f 1590 1591 1840
f 1591 1596 1841
f 960 1590 1840
f 1591 1841 1840
f 1596 1842 1841
f 960 1840 1841
f 920 960 3086
f 920 2817 1591
f 1591 2817 1596
f 920 2804 2817
f 920 3086 2804
f 1596 2817 1842
f 2804 3087 2817
f 1842 2817 3087
f 2804 3086 3087
f 960 1841 3087
f 1841 1842 3087
f 960 3087 3086
f 2902 2943 2903
f 2902 2942 2943
f 2902 2903 3035
f 2903 3036 3035
f 2903 3038 3036
f 3035 3036 3037
f 3035 3037 3063
f 2903 3066 3038
f 3036 3038 3064
f 3036 3065 3037
f 2903 2943 3066
f 3036 3064 3065
f 3037 3065 3063
f 3038 3066 3064
f 2942 3063 2943
f 2943 3063 3064
f 2943 3064 3066
f 3063 3065 3064
f 3039 3045 3044
f 3039 3044 3041
f 3039 3072 3045
f 3039 3041 3067
f 3041 3044 3068
f 3044 3045 3071
f 3039 3067 3072
f 3041 3068 3067
f 3044 3071 3068
f 3067 3071 3072
f 3067 3068 3071
f 3045 3072 3071
f 2953 2965 2994
f 2953 3059 3040
f 2953 2968 2965
f 2953 3040 2968
f 3048 2969 2968
f 2968 2969 2998
f 2953 2994 3059
f 2994 2965 2995
f 2969 2999 2998
f 2994 2995 2998
f 2994 2998 3059
f 2999 3075 2998
f 3040 3048 2968
f 3040 3049 3048
f 3040 3076 3049
f 3040 3059 3076
f 3049 3075 3048
f 3049 3076 3075
f 3059 2998 3075
f 3059 3075 3076
f 2952 2965 2972
f 2952 2972 2993
f 2972 3012 2993
f 2966 2972 2965
f 2967 2965 2968
f 2966 2965 2967
f 2952 2995 2965
f 2967 2968 2997
f 2966 2967 2996
f 2952 2993 2995
f 2967 2997 2996
f 2997 2968 2998
f 2966 2983 2972
f 2972 2983 3012
f 2966 3022 2983
f 2983 3022 3012
f 2966 2996 3022
f 2993 3012 2995
f 2996 2995 3012
f 2997 2998 2995
f 2996 2997 2995
f 2996 3012 3022
f 2973 2982 2975
f 2973 2975 3013
f 2975 3014 3013
f 2975 2982 2985
f 2975 2985 2986
f 2975 2986 2992
f 2973 3021 2982
f 2982 3024 2985
f 2984 2986 3023
f 2985 3025 2986
f 2984 2989 2992
f 2984 2992 2986
f 2975 2992 3054
f 2984 3028 2989
f 2989 3031 2992
f 2992 3078 3054
f 2975 3055 3014
f 2975 3054 3055
f 2973 3013 3021
f 2982 3021 3024
f 2985 3024 3025
f 2986 3025 3023
f 2984 3023 3028
f 2989 3028 3031
f 2992 3031 3078
f 3014 3055 3079
f 3013 3014 3021
f 3014 3024 3021
f 3014 3025 3024
f 3014 3031 3025
f 3023 3031 3028
f 3023 3025 3031
f 3014 3078 3031
f 3014 3079 3078
f 3054 3079 3055
f 3054 3078 3079
f 1814 1812 2944
f 1814 1886 1812
f 1814 1862 1886
f 1862 1887 1886
f 1862 3118 1887
f 1887 3114 1886
f 2823 2945 2825
f 2823 2826 2945
f 2945 2944 2825
f 2823 2827 2826
f 2823 2835 2827
f 2823 2832 2835
f 2827 2835 2828
f 2823 2825 3092
f 2826 3115 2945
f 2826 2827 3094
f 2827 2828 3095
f 2823 3097 2832
f 2828 2835 3096
f 2832 3098 2835
f 1814 2944 2951
f 2945 2951 2944
f 2945 2946 2951
f 1814 2951 2950
f 2945 3116 2946
f 2946 3119 2951
f 3092 2825 3093
f 2823 3092 3097
f 2826 3094 3115
f 2827 3095 3094
f 2828 3096 3095
f 2835 3098 3096
f 2832 3097 3098
f 3092 3093 3115
f 3092 3115 3094
f 3115 3093 3114
f 3092 3094 3095
f 3092 3095 3098
f 3092 3098 3097
f 3095 3096 3098
f 2945 3115 3116
f 2946 3116 3119
f 1862 3113 3118
f 1887 3119 3114
f 3115 3114 3119
f 3115 3119 3116
f 1887 3118 3119
f 2971 2949 2950
f 2974 2950 2951
f 2971 3112 2949
f 2971 2950 2974
f 2971 2974 3120
f 2974 2951 3121
f 2971 3117 3112
f 3121 2951 3119
f 3117 3113 3112
f 2971 3120 3117
f 2974 3121 3120
f 3117 3118 3113
f 3117 3120 3118
f 3121 3119 3118
f 3120 3121 3118
f 1819 1820 1829
f 1819 1868 1820
f 1820 1877 1831
f 1820 1831 1829
f 1829 1831 1832
f 1829 1832 1833
f 1829 1833 1875
f 1831 1878 1832
f 1832 1879 1833
f 1819 1867 1868
f 1820 1868 1877
f 1831 1877 1878
f 1833 1879 1875
f 1832 1878 1879
f 1867 1875 1868
f 1868 1875 1877
f 1875 1878 1877
f 1875 1879 1878
f 1810 1814 1817
f 1814 2947 1817
f 1817 2947 2948
f 1810 1817 1859
f 1810 1862 1814
f 1817 2948 1865
f 1810 1859 1862
f 1817 1865 1859
f 1865 2948 3111
f 1859 1865 1862
f 1862 1865 3110
f 1865 3111 3110
f 1814 2950 2947
f 2947 2950 2949
f 2947 2949 3110
f 2947 3111 2948
f 2947 3110 3111
f 3110 2949 3112
f 1862 3110 3113
f 3110 3112 3113
f 2977 2980 2978
f 2977 2981 2980
f 2976 2978 2979
f 2978 2980 2979
f 2976 2979 3015
f 2977 2978 3016
f 2976 3017 2978
f 2977 3020 2981
f 2979 2980 3018
f 2980 2981 3019
f 2977 3016 3020
f 2976 3015 3017
f 2978 3017 3016
f 2979 3018 3015
f 2980 3019 3018
f 2981 3020 3019
f 3016 3017 3019
f 3016 3019 3020
f 3015 3018 3017
f 3017 3018 3019
f 3053 3056 3082
f 3056 3058 3083
f 3053 3057 3056
f 3056 3057 3058
f 3053 3084 3057
f 3057 3085 3058
f 3056 3083 3082
f 3053 3082 3084
f 3057 3084 3085
f 3058 3085 3083
f 3082 3083 3084
f 3083 3085 3084
f 3042 3052 3051
f 3042 3043 3052
f 3042 3051 3069
f 3042 3070 3043
f 3043 3081 3052
f 3051 3052 3080
f 3042 3069 3070
f 3051 3080 3069
f 3043 3070 3081
f 3069 3080 3081
f 3069 3081 3070
f 3052 3081 3080
f 1 6 2
f 1 3 5
f 1 2 4
f 1 4 3
f 3 4 7
f 2 8 4
f 1 5 6
f 3 7 5
f 2 6 8
f 4 8 7
f 5 8 6
f 5 7 8
f 103 139 104
f 103 104 127
f 103 227 139
f 103 126 221
f 104 139 222
f 103 127 126
f 104 125 127
f 125 170 223
f 126 127 224
f 125 225 127
f 103 221 227
f 139 227 222
f 126 224 221
f 125 223 225
f 127 225 224
f 137 143 140
f 140 143 141
f 104 142 125
f 140 141 142
f 141 170 142
f 141 143 144
f 137 140 226
f 137 231 143
f 140 142 228
f 104 230 142
f 141 144 229
f 143 232 144
f 125 142 170
f 141 171 170
f 141 172 171
f 170 171 233
f 141 235 172
f 171 172 234
f 137 226 231
f 140 228 226
f 142 230 228
f 104 222 230
f 141 229 235
f 143 231 232
f 144 232 229
f 170 233 223
f 171 234 233
f 172 235 234
f 221 222 227
f 221 225 222
f 221 224 225
f 222 225 223
f 226 228 231
f 228 229 231
f 222 223 230
f 228 230 229
f 229 230 233
f 229 232 231
f 223 233 230
f 229 233 234
f 229 234 235
f 288 289 291
f 288 291 293
f 288 293 292
f 289 294 291
f 288 292 300
f 288 301 289
f 289 305 294
f 291 304 293
f 291 294 302
f 288 300 301
f 292 303 300
f 289 301 305
f 291 302 304
f 294 305 302
f 300 302 301
f 300 304 302
f 300 303 304
f 301 302 305
f 358 414 364
f 364 1907 363
f 364 414 1907
f 358 441 414
f 364 363 404
f 358 364 398
f 358 398 441
f 404 363 403
f 364 404 398
f 398 404 441
f 404 403 2025
f 404 2025 441
f 414 1908 1907
f 1908 2025 1907
f 1908 2026 2025
f 441 2025 2026
f 357 362 356
f 362 1906 356
f 362 363 1906
f 357 356 397
f 357 402 362
f 362 403 363
f 397 356 396
f 357 397 402
f 362 402 403
f 397 396 402
f 402 396 2024
f 402 2024 403
f 1907 1906 363
f 1906 1907 2024
f 1907 2025 2024
f 2025 403 2024
f 355 356 360
f 359 360 361
f 360 356 1899
f 360 1899 361
f 356 1906 1899
f 355 360 395
f 355 396 356
f 359 400 360
f 359 361 399
f 360 400 395
f 355 395 396
f 359 399 400
f 399 361 401
f 395 400 396
f 399 401 400
f 400 2023 396
f 400 401 2023
f 396 2023 2024
f 1899 1906 2023
f 2024 2023 1906
f 347 354 353
f 347 353 349
f 353 1898 349
f 353 361 1898
f 361 1899 1898
f 347 349 387
f 347 394 354
f 354 393 353
f 353 401 361
f 347 387 394
f 387 349 389
f 353 393 401
f 354 394 393
f 387 393 394
f 387 389 393
f 393 389 2022
f 393 2022 401
f 2023 401 2022
f 1898 1899 2022
f 1899 2023 2022
f 348 349 352
f 350 352 1897
f 352 349 1897
f 1897 349 1898
f 348 352 388
f 348 389 349
f 350 1897 390
f 350 392 352
f 348 388 389
f 352 392 388
f 350 390 392
f 390 1897 2021
f 388 392 389
f 390 2021 392
f 392 2021 389
f 2021 2022 389
f 1897 1898 2021
f 2021 1898 2022
f 345 343 344
f 345 351 343
f 351 342 343
f 345 346 351
f 345 344 385
f 345 386 346
f 351 382 342
f 346 391 351
f 385 344 384
f 345 385 386
f 346 386 391
f 351 391 382
f 385 384 383
f 385 383 391
f 391 383 382
f 385 391 386
f 331 343 337
f 337 343 341
f 337 341 336
f 341 343 342
f 331 337 371
f 337 336 377
f 341 342 381
f 377 336 376
f 337 377 371
f 381 342 382
f 371 377 383
f 377 381 383
f 377 376 381
f 383 381 382
f 335 329 330
f 335 339 329
f 335 336 339
f 339 336 341
f 335 330 375
f 335 376 336
f 339 341 379
f 375 330 370
f 335 375 376
f 341 381 379
f 375 370 369
f 375 369 379
f 375 379 376
f 381 376 379
f 328 329 334
f 334 338 333
f 334 329 338
f 338 329 339
f 328 334 368
f 334 333 374
f 338 339 378
f 334 374 368
f 374 333 373
f 339 379 378
f 368 374 369
f 374 373 378
f 374 378 369
f 378 379 369
f 327 333 326
f 325 326 332
f 332 326 333
f 332 333 340
f 340 333 338
f 325 366 326
f 325 332 365
f 332 340 372
f 333 327 373
f 340 338 380
f 325 365 366
f 373 327 367
f 365 332 372
f 340 380 372
f 380 338 378
f 367 366 373
f 365 372 366
f 372 373 366
f 372 380 373
f 380 378 373
f 309 313 312
f 309 311 313
f 309 312 319
f 309 321 311
f 311 323 313
f 312 313 322
f 312 322 319
f 309 319 321
f 311 321 323
f 313 323 322
f 319 322 323
f 319 323 321
f 241 242 244
f 241 244 243
f 241 243 253
f 241 254 242
f 242 256 244
f 243 244 255
f 241 253 254
f 242 254 256
f 243 255 253
f 244 256 255
f 253 256 254
f 253 255 256
f 633 761 742
f 633 752 645
f 633 645 761
f 740 743 744
f 740 762 743
f 623 740 742
f 740 744 742
f 742 744 745
f 633 742 745
f 623 759 740
f 623 742 640
f 743 763 744
f 744 764 745
f 740 759 762
f 623 640 759
f 640 742 761
f 743 762 763
f 744 763 764
f 745 764 771
f 633 745 752
f 745 771 752
f 645 752 771
f 759 763 762
f 640 761 759
f 759 761 763
f 761 764 763
f 645 764 761
f 645 771 764
f 994 996 997
f 994 1189 1187
f 994 997 1188
f 994 1188 1189
f 997 998 1188
f 998 1190 1188
f 994 1061 996
f 994 1187 1059
f 996 1062 997
f 997 1063 998
f 998 1270 1190
f 994 1059 1061
f 996 1061 1062
f 1059 1187 1267
f 997 1062 1063
f 998 1063 1270
f 1059 1062 1061
f 1059 1267 1269
f 1059 1268 1062
f 1059 1269 1268
f 1062 1268 1063
f 1063 1268 1270
f 1187 1189 1267
f 1188 1269 1189
f 1188 1190 1268
f 1189 1269 1267
f 1188 1268 1269
f 1190 1270 1268
f 995 1000 999
f 995 999 1060
f 999 1000 1064
f 1000 1191 1065
f 995 1001 1002
f 995 1002 1000
f 1002 1003 1192
f 1000 1002 1192
f 1003 1194 1192
f 995 1066 1001
f 1001 1067 1002
f 1002 1068 1003
f 1003 1274 1194
f 999 1064 1060
f 1000 1065 1064
f 995 1060 1066
f 1001 1066 1067
f 1002 1067 1068
f 1003 1068 1274
f 1060 1064 1065
f 1060 1067 1066
f 1060 1065 1067
f 1067 1272 1068
f 1065 1272 1067
f 1068 1272 1274
f 1000 1193 1191
f 1000 1192 1193
f 1191 1193 1271
f 1192 1194 1272
f 1192 1273 1193
f 1065 1191 1271
f 1193 1273 1271
f 1192 1272 1273
f 1194 1274 1272
f 1065 1271 1273
f 1065 1273 1272
f 1004 1013 1018
f 1004 1196 1197
f 1004 1018 1195
f 1004 1195 1196
f 1004 1078 1013
f 1004 1197 1069
f 1004 1069 1078
f 1069 1197 1277
f 1018 1019 1195
f 1013 1083 1018
f 1018 1084 1019
f 1013 1078 1083
f 1018 1083 1084
f 1019 1084 1283
f 1069 1083 1078
f 1069 1277 1276
f 1069 1275 1083
f 1069 1276 1275
f 1083 1275 1084
f 1195 1276 1196
f 1196 1277 1197
f 1196 1276 1277
f 1195 1275 1276
f 1019 1203 1195
f 1019 1283 1203
f 1195 1203 1275
f 1203 1283 1275
f 1084 1275 1283
f 106 108 109
f 105 111 107
f 109 112 110
f 105 107 115
f 106 109 116
f 107 111 117
f 106 118 108
f 109 110 119
f 110 588 120
f 108 112 109
f 105 112 111
f 108 111 112
f 105 113 112
f 110 112 588
f 108 122 111
f 105 124 113
f 112 113 123
f 109 119 116
f 107 117 115
f 111 122 117
f 106 116 118
f 110 120 119
f 116 119 118
f 115 117 122
f 119 120 123
f 105 115 124
f 108 118 122
f 113 124 123
f 112 123 608
f 118 119 123
f 115 122 123
f 118 123 122
f 115 123 124
f 120 608 123
f 112 608 588
f 120 588 608
f 781 793 787
f 781 787 799
f 787 810 799
f 780 784 781
f 781 784 793
f 785 815 793
f 784 785 793
f 784 806 785
f 784 805 806
f 785 806 815
f 787 793 810
f 793 815 810
f 799 810 815
f 798 799 805
f 799 815 805
f 805 815 806
f 594 595 598
f 595 650 598
f 597 598 650
f 595 651 650
f 594 598 609
f 594 610 595
f 597 613 598
f 597 650 612
f 594 609 610
f 598 613 609
f 597 612 613
f 609 613 610
f 610 613 680
f 612 680 613
f 610 680 681
f 650 651 680
f 612 650 680
f 651 681 680
f 595 596 599
f 595 599 652
f 599 600 652
f 595 652 651
f 595 611 596
f 596 614 599
f 599 615 600
f 595 610 611
f 596 611 614
f 599 614 615
f 610 614 611
f 610 682 614
f 614 682 615
f 610 681 682
f 651 652 681
f 652 682 681
f 600 656 652
f 600 602 656
f 602 604 658
f 602 658 656
f 600 616 602
f 602 617 604
f 600 615 616
f 602 616 617
f 604 617 688
f 615 682 686
f 615 686 616
f 616 688 617
f 616 686 688
f 656 658 657
f 652 656 682
f 656 657 686
f 604 688 658
f 657 658 687
f 656 686 682
f 657 687 686
f 658 688 687
f 686 687 688
f 988 1099 992
f 990 991 993
f 990 993 1010
f 992 1099 1011
f 990 1055 991
f 988 992 1052
f 991 1057 993
f 992 993 1056
f 988 1052 1138
f 990 1054 1055
f 992 1056 1052
f 991 1055 1057
f 993 1057 1056
f 992 1011 1010
f 992 1010 993
f 1011 1099 1114
f 1010 1011 1075
f 1011 1114 1076
f 1011 1076 1075
f 1076 1114 1161
f 1052 1056 1139
f 1054 1057 1055
f 1054 1075 1057
f 1056 1076 1139
f 1056 1075 1076
f 1056 1057 1075
f 1076 1161 1139
f 988 1098 1099
f 988 1138 1098
f 1098 1139 1099
f 1098 1138 1139
f 1052 1139 1138
f 987 990 989
f 989 990 1009
f 987 989 1051
f 987 1054 990
f 989 1053 1051
f 987 1051 1054
f 989 1009 1008
f 990 1010 1009
f 1008 1009 1073
f 1009 1010 1074
f 1009 1074 1073
f 1010 1075 1074
f 1051 1053 1054
f 1053 1074 1054
f 1053 1073 1074
f 1054 1074 1075
f 989 981 985
f 989 1005 981
f 984 981 1005
f 983 984 1006
f 984 1045 981
f 983 1048 984
f 983 1006 1047
f 989 1008 1005
f 989 985 1053
f 983 1047 1048
f 984 1048 1045
f 1053 985 1049
f 984 1005 1006
f 1005 1007 1006
f 1005 1008 1070
f 1006 1007 1071
f 1005 1072 1007
f 1006 1071 1047
f 1007 1072 1071
f 1005 1070 1072
f 1008 1073 1070
f 1053 1049 1045
f 1053 1045 1070
f 1048 1070 1045
f 1047 1071 1048
f 1053 1070 1073
f 1048 1071 1070
f 1070 1071 1072
f 417 426 418
f 418 419 420
f 417 418 444
f 419 447 420
f 418 426 419
f 419 423 424
f 419 426 423
f 423 426 427
f 419 424 446
f 423 451 424
f 423 427 450
f 426 454 427
f 418 445 444
f 419 446 447
f 424 451 446
f 423 450 451
f 427 454 450
f 426 453 454
f 444 445 453
f 445 447 446
f 445 446 453
f 446 451 450
f 446 450 453
f 450 454 453
f 418 420 428
f 420 429 428
f 418 428 445
f 420 456 429
f 428 429 455
f 428 455 445
f 420 447 456
f 429 456 455
f 445 455 447
f 447 455 456
f 431 2093 2092
f 2092 2093 2094
f 431 2092 458
f 2093 2182 2094
f 458 2092 2180
f 2093 2181 2182
f 458 2180 2181
f 2180 2182 2181
f 2092 2094 2095
f 2094 2097 2095
f 2092 2095 2180
f 2094 2185 2097
f 2094 2182 2185
f 2095 2183 2180
f 2180 2183 2182
f 2182 2183 2185
f 2095 2097 2102
f 2097 2103 2102
f 2095 2102 2183
f 2097 2191 2103
f 2102 2103 2190
f 2102 2190 2183
f 2097 2185 2191
f 2103 2191 2190
f 2183 2190 2185
f 2185 2190 2191
f 2663 2668 2671
f 2663 2671 2682
f 2663 2683 2668
f 2670 2671 2672
f 2668 2672 2671
f 2668 2673 2672
f 2670 2672 2685
f 2670 2686 2671
f 2668 2688 2673
f 2671 2686 2682
f 2663 2682 2683
f 2670 2685 2686
f 2685 2672 2687
f 2668 2683 2688
f 2682 2686 2683
f 2685 2687 2686
f 2683 2686 2687
f 2683 2687 2688
f 1914 1999 1913
f 1914 1921 2000
f 1923 1913 1905
f 1914 1913 1923
f 1914 1923 1927
f 1914 1927 1928
f 1914 1928 1921
f 1923 1905 2009
f 1921 1928 2007
f 1927 2014 1928
f 1914 2000 1999
f 1921 2007 2000
f 2009 1905 1994
f 1927 2013 2014
f 1928 2014 2007
f 2009 1994 1999
f 2000 2009 1999
f 2000 2013 2009
f 2000 2014 2013
f 2000 2007 2014
f 1923 1932 1927
f 1909 1925 1926
f 1923 1924 1932
f 1909 1933 1924
f 1909 1926 1933
f 1929 1930 1931
f 1930 1962 1931
f 1924 1930 1932
f 1924 1933 1930
f 1926 1934 1933
f 1930 1933 1962
f 1923 2010 1924
f 1909 1924 1995
f 1909 2011 1925
f 1925 2012 1926
f 1927 1932 2013
f 1929 1931 2015
f 1929 2016 1930
f 1931 1962 2017
f 1930 2018 1932
f 1933 1934 2019
f 1933 2053 1962
f 1923 2009 2010
f 1909 1995 2011
f 1924 2010 1995
f 1925 2011 2012
f 1932 2018 2013
f 1929 2015 2016
f 1931 2017 2015
f 1934 2020 2019
f 1930 2016 2018
f 1933 2019 2053
f 1962 2053 2017
f 2009 2013 2018
f 1995 2012 2011
f 2009 2018 2010
f 1995 2010 2019
f 1995 2019 2012
f 2015 2017 2016
f 2016 2017 2053
f 2010 2018 2016
f 2010 2016 2019
f 2012 2019 2020
f 2016 2053 2019
f 1934 2080 2020
f 2020 2080 2168
f 1926 2077 1934
f 1934 2079 2080
f 1934 2077 2079
f 2080 2081 2110
f 2080 2079 2081
f 2081 2079 2082
f 1926 2165 2077
f 1964 2168 2080
f 2081 2082 2169
f 2082 2079 2170
f 1926 2012 2165
f 2170 2079 2167
f 1964 2055 2168
f 2082 2170 2169
f 2081 2169 2198
f 1964 2080 2110
f 1964 2110 2055
f 2081 2198 2110
f 2055 2110 2198
f 2012 2020 2165
f 2020 2168 2167
f 2020 2167 2165
f 2168 2198 2169
f 2168 2169 2167
f 2169 2170 2167
f 2055 2198 2168
f 2077 2078 2079
f 2084 2085 2083
f 2084 2079 2078
f 2084 2078 2114
f 2084 2114 2085
f 2078 2077 2166
f 2084 2167 2079
f 2084 2083 2172
f 2083 2085 2171
f 2085 2112 2173
f 2077 2165 2166
f 2084 2172 2167
f 2083 2171 2172
f 2085 2173 2171
f 2085 2114 2112
f 2112 2114 2200
f 2173 2112 2200
f 2200 2114 2202
f 2165 2167 2166
f 2172 2171 2173
f 2172 2166 2167
f 2172 2202 2166
f 2172 2173 2202
f 2173 2200 2202
f 2087 2114 2078
f 2086 2114 2087
f 2086 2089 2174
f 2086 2087 2089
f 2087 2078 2175
f 2175 2078 2166
f 2089 2177 2174
f 2086 2174 2203
f 2086 2115 2114
f 2115 2202 2114
f 2086 2203 2115
f 2115 2203 2202
f 2175 2166 2202
f 2174 2175 2202
f 2174 2177 2175
f 2174 2202 2203
f 2087 2088 2089
f 2088 2090 2089
f 2088 2126 2090
f 2087 2176 2088
f 2089 2090 2177
f 2090 2116 2178
f 2087 2175 2176
f 2090 2178 2177
f 2090 2126 2116
f 2116 2126 2204
f 2116 2204 2178
f 2126 2214 2204
f 2175 2177 2176
f 2176 2177 2178
f 2176 2178 2214
f 2178 2204 2214
f 2088 2091 2126
f 2088 2179 2091
f 2088 2176 2179
f 2091 2179 2216
f 2091 2128 2126
f 2126 2128 2214
f 2091 2216 2128
f 2128 2216 2214
f 2176 2214 2179
f 2179 2214 2216
f 2119 2124 2121
f 2124 2125 2121
f 2122 2125 2124
f 2125 2142 2121
f 2123 2142 2125
f 2119 2121 2207
f 2119 2212 2124
f 2123 2125 2211
f 2122 2124 2210
f 2122 2213 2125
f 2123 2132 2142
f 2132 2229 2142
f 2207 2121 2209
f 2119 2207 2212
f 2124 2212 2210
f 2122 2210 2213
f 2125 2213 2211
f 2132 2220 2229
f 2207 2209 2212
f 2212 2209 2213
f 2210 2212 2213
f 2213 2209 2229
f 2211 2213 2229
f 2211 2229 2220
f 2136 2209 2121
f 2136 2121 2137
f 2137 2121 2143
f 2143 2121 2142
f 2137 2143 2138
f 2136 2137 2223
f 2137 2138 2224
f 2138 2143 2225
f 2143 2142 2230
f 2136 2223 2209
f 2137 2224 2223
f 2138 2225 2224
f 2143 2230 2225
f 2230 2142 2229
f 2223 2224 2209
f 2224 2230 2209
f 2230 2229 2209
f 2224 2225 2230
f 1966 2135 1972
f 1972 2135 2063
f 2063 2135 2222
f 2057 2063 2222
f 1966 2111 2117
f 1966 2117 2135
f 2117 2118 2135
f 1966 2199 2111
f 2111 2205 2117
f 2117 2206 2118
f 2118 2222 2135
f 1966 2057 2199
f 2111 2199 2205
f 2117 2205 2206
f 2118 2206 2222
f 2057 2205 2199
f 2057 2222 2205
f 2205 2222 2206
f 1965 1966 1970
f 1966 1971 1970
f 1969 1970 1971
f 1966 1972 1971
f 1965 2057 1966
f 1965 1970 2056
f 1969 2061 1970
f 1971 1972 2062
f 1965 2056 2057
f 1970 2061 2056
f 1969 2060 2061
f 1972 2063 2062
f 2056 2061 2057
f 2057 2061 2062
f 2060 2062 2061
f 2057 2062 2063
f 1959 1968 1967
f 1959 1963 1968
f 1967 1968 1969
f 1967 1969 1971
f 1959 2054 1963
f 1963 2059 1968
f 1967 1971 2058
f 1968 2060 1969
f 1959 2050 2054
f 1963 2054 2059
f 1971 2062 2058
f 1968 2059 2060
f 2050 2058 2059
f 2050 2059 2054
f 2058 2060 2059
f 2058 2062 2060
f 1958 1959 1961
f 1956 1961 1959
f 1956 1960 1961
f 1956 1959 1967
f 1958 1961 2049
f 1958 2050 1959
f 1960 2052 1961
f 1956 1967 2047
f 1958 2049 2050
f 1961 2052 2049
f 1960 2051 2052
f 1967 2058 2047
f 2049 2052 2050
f 2047 2050 2052
f 2047 2052 2051
f 2047 2058 2050
f 1922 2048 1957
f 1922 2008 2048
f 1922 1957 1952
f 1922 1952 1955
f 1952 1960 1955
f 1955 1960 1956
f 1955 1956 2046
f 1952 1957 2043
f 1952 2051 1960
f 1956 2047 2046
f 1957 2048 2043
f 1952 2043 2051
f 2008 2043 2048
f 2008 2046 2043
f 2043 2046 2051
f 2046 2047 2051
f 1920 2008 1922
f 1920 2006 2008
f 1920 1922 1951
f 1922 1954 1951
f 1950 1951 1954
f 1922 1955 1954
f 1920 1951 2006
f 1950 2042 1951
f 1954 1955 2045
f 1951 2042 2006
f 1950 2041 2042
f 1955 2046 2045
f 2006 2042 2008
f 2008 2042 2045
f 2041 2045 2042
f 2008 2045 2046
f 1917 1919 1949
f 1917 2005 1919
f 1917 2003 2005
f 1917 1949 1953
f 1949 1950 1953
f 1950 1954 1953
f 1919 2040 1949
f 1949 2041 1950
f 1953 1954 2044
f 1949 2040 2041
f 1919 2005 2040
f 1954 2045 2044
f 2003 2040 2005
f 2003 2044 2040
f 2040 2044 2041
f 2041 2044 2045
f 1915 2003 1917
f 1915 2001 2003
f 1938 1953 2028
f 1938 2028 2001
f 1915 1917 1938
f 1917 1953 1938
f 1915 1938 2001
f 1953 2044 2028
f 2001 2028 2003
f 2003 2028 2044
f 2284 2313 2285
f 2284 2285 2366
f 2285 2367 2366
f 2284 2315 2313
f 2284 2293 2315
f 2313 2315 2314
f 2285 2313 2367
f 2313 2314 2395
f 2293 2397 2315
f 2313 2395 2367
f 2314 2396 2395
f 2293 2375 2397
f 2366 2367 2395
f 2366 2395 2397
f 2366 2397 2375
f 2395 2396 2397
f 2300 2302 2378
f 2302 2380 2378
f 2300 2316 2302
f 2302 2316 2318
f 2314 2318 2316
f 2314 2315 2318
f 2314 2316 2396
f 2300 2398 2316
f 2315 2400 2318
f 2316 2398 2396
f 2300 2378 2398
f 2315 2397 2400
f 2378 2380 2398
f 2380 2400 2398
f 2396 2398 2400
f 2396 2400 2397
f 2302 2304 2380
f 2304 2317 2382
f 2304 2382 2380
f 2302 2317 2304
f 2302 2325 2317
f 2302 2318 2325
f 2317 2325 2324
f 2317 2324 2399
f 2318 2407 2325
f 2317 2399 2382
f 2324 2406 2399
f 2318 2400 2407
f 2380 2382 2399
f 2380 2399 2407
f 2380 2407 2400
f 2399 2406 2407
f 2308 2326 2312
f 2308 2408 2326
f 2308 2312 2385
f 2308 2385 2408
f 2312 2389 2385
f 2324 2325 2327
f 2312 2326 2327
f 2324 2327 2326
f 2324 2326 2406
f 2312 2327 2389
f 2325 2409 2327
f 2326 2408 2406
f 2327 2409 2389
f 2325 2407 2409
f 2385 2389 2408
f 2406 2409 2407
f 2389 2409 2408
f 2406 2408 2409
f 2320 2319 2464
f 2320 2470 2471
f 2320 2401 2319
f 2320 2402 2401
f 2402 2578 2401
f 2402 2585 2584
f 2320 2464 2465
f 2320 2465 2470
f 2465 2473 2470
f 2465 2464 2579
f 2470 2473 2584
f 2470 2585 2471
f 2465 2587 2473
f 2579 2464 2578
f 2465 2579 2587
f 2470 2584 2585
f 2473 2587 2584
f 2402 2579 2578
f 2402 2584 2579
f 2579 2584 2587
f 2320 2471 2321
f 2321 2472 2474
f 2321 2474 2475
f 2320 2321 2402
f 2321 2403 2402
f 2402 2403 2585
f 2403 2588 2586
f 2403 2589 2588
f 2321 2471 2472
f 2472 2476 2474
f 2471 2586 2472
f 2474 2589 2475
f 2474 2476 2588
f 2472 2590 2476
f 2471 2585 2586
f 2474 2588 2589
f 2476 2590 2588
f 2472 2586 2590
f 2403 2586 2585
f 2586 2588 2590
f 2321 2475 2494
f 2321 2328 2403
f 2321 2499 2328
f 2328 2410 2403
f 2403 2608 2589
f 2403 2410 2613
f 2475 2608 2494
f 2321 2494 2499
f 2494 2496 2499
f 2494 2610 2496
f 2496 2613 2499
f 2475 2589 2608
f 2494 2608 2610
f 2496 2610 2613
f 2403 2613 2608
f 2608 2613 2610
f 2328 2331 2329
f 2328 2330 2331
f 2328 2500 2330
f 2328 2329 2410
f 2330 2413 2331
f 2329 2411 2410
f 2330 2412 2413
f 2410 2411 2413
f 2410 2413 2412
f 2410 2412 2614
f 2328 2499 2500
f 2330 2500 2412
f 2499 2614 2500
f 2499 2613 2614
f 2412 2500 2614
f 2410 2614 2613
f 2329 2331 2332
f 2329 2502 2333
f 2329 2332 2502
f 2329 2333 2411
f 2331 2414 2332
f 2331 2413 2414
f 2333 2415 2411
f 2411 2414 2413
f 2411 2415 2616
f 2411 2616 2414
f 2332 2501 2502
f 2332 2615 2501
f 2501 2616 2502
f 2332 2414 2615
f 2501 2615 2616
f 2414 2616 2615
f 2333 2502 2334
f 2334 2335 2336
f 2334 2502 2335
f 2333 2334 2415
f 2335 2418 2336
f 2334 2416 2415
f 2335 2417 2418
f 2415 2416 2616
f 2416 2418 2417
f 2416 2417 2616
f 2335 2502 2503
f 2335 2503 2417
f 2502 2617 2503
f 2417 2503 2617
f 2502 2616 2617
f 2417 2617 2616
f 2334 2336 2805
f 2334 2805 2416
f 2336 2419 2337
f 2416 2805 2843
f 2336 2418 2419
f 2416 2843 2418
f 2336 2337 2805
f 2337 2869 2805
f 2805 2869 2871
f 2337 2419 2919
f 2418 2843 2419
f 2419 2843 2919
f 2843 2921 2919
f 2337 2919 2869
f 2869 2921 2871
f 2869 2919 2921
f 2806 2809 2807
f 2805 2871 2806
f 2806 2808 2809
f 2806 2871 2808
f 2805 2806 2843
f 2806 2807 2844
f 2808 2847 2809
f 2808 2870 2846
f 2806 2844 2843
f 2807 2845 2844
f 2808 2846 2847
f 2844 2845 2847
f 2843 2844 2921
f 2844 2847 2846
f 2844 2846 2921
f 2808 2871 2870
f 2870 2871 2920
f 2846 2870 2920
f 2871 2921 2920
f 2846 2920 2921
f 2807 2809 2811
f 2809 2810 2813
f 2809 2813 2811
f 2811 2813 2874
f 2811 2874 2814
f 2807 2811 2845
f 2809 2848 2810
f 2810 2851 2813
f 2814 2874 2852
f 2809 2847 2848
f 2810 2848 2851
f 2811 2849 2845
f 2813 2851 2922
f 2845 2849 2847
f 2847 2851 2848
f 2847 2849 2851
f 2849 2923 2851
f 2849 2852 2923
f 2813 2873 2874
f 2813 2922 2873
f 2873 2923 2874
f 2852 2874 2923
f 2873 2922 2923
f 2851 2923 2922
f 2811 2814 2812
f 2812 2814 2815
f 2812 2815 2875
f 2811 2812 2849
f 2814 2853 2815
f 2812 2875 2820
f 2820 2881 2855
f 2812 2850 2849
f 2814 2852 2853
f 2815 2853 2924
f 2849 2850 2852
f 2850 2853 2852
f 2850 2924 2853
f 2850 2855 2924
f 2815 2924 2875
f 2820 2875 2881
f 2875 2929 2881
f 2855 2881 2929
f 2875 2924 2929
f 2855 2929 2924
f 2812 2820 2818
f 2818 2820 2821
f 2818 2821 2882
f 2818 2882 2883
f 2812 2818 2850
f 2818 2883 2854
f 2820 2856 2821
f 2818 2854 2850
f 2820 2855 2856
f 2821 2856 2930
f 2854 2883 2931
f 2850 2854 2855
f 2854 2856 2855
f 2854 2930 2856
f 2854 2931 2930
f 2821 2930 2882
f 2882 2931 2883
f 2882 2930 2931
f 2879 2511 2514
f 2877 2626 2512
f 2928 2628 2625
f 2876 2877 2878
f 2879 2512 2511
f 2877 2512 2879
f 2877 2879 2878
f 2876 2878 2925
f 2876 2926 2877
f 2878 2879 2927
f 2879 2514 2928
f 2876 2925 2926
f 2877 2926 2626
f 2878 2927 2925
f 2879 2928 2927
f 2928 2514 2628
f 2925 2927 2926
f 2928 2625 2626
f 2926 2928 2626
f 2926 2927 2928
f 2278 2289 2361
f 2278 2436 2289
f 2289 2434 2371
f 2289 2371 2361
f 2371 2434 2546
f 2361 2371 2548
f 2289 2436 2434
f 2434 2436 2435
f 2436 2437 2435
f 2434 2435 2546
f 2436 2549 2437
f 2546 2435 2547
f 2436 2548 2549
f 2371 2546 2548
f 2546 2547 2548
f 2548 2547 2549
f 2275 2432 2278
f 2275 2278 2358
f 2275 2358 2544
f 2278 2361 2358
f 2358 2361 2544
f 2278 2432 2433
f 2431 2433 2432
f 2278 2433 2436
f 2275 2544 2432
f 2431 2432 2543
f 2431 2545 2433
f 2433 2548 2436
f 2432 2544 2543
f 2431 2543 2545
f 2433 2545 2548
f 2361 2545 2544
f 2543 2544 2545
f 2361 2548 2545
f 1943 1973 1944
f 1945 1973 1946
f 1944 1945 1947
f 1944 1973 1945
f 1943 2064 1973
f 1943 1944 2031
f 1945 2035 1947
f 1945 1946 2033
f 1944 1947 2032
f 1943 2031 2064
f 1944 2032 2031
f 1946 2034 2033
f 1945 2033 2035
f 1947 2035 2032
f 2031 2032 2064
f 2033 2034 2064
f 2032 2035 2033
f 2032 2033 2064
f 1946 1973 1974
f 1946 1974 1976
f 1973 2065 1974
f 1946 1976 2034
f 1973 2064 2065
f 1976 2067 2034
f 2034 2065 2064
f 2034 2067 2065
f 1974 1975 1976
f 1975 1977 1976
f 1974 2066 1975
f 1976 1977 2067
f 1974 2065 2066
f 1977 2068 2067
f 2065 2067 2066
f 2066 2067 2068
f 1975 1978 1977
f 1977 1980 2068
f 1977 1978 1980
f 1975 2069 1978
f 1978 2071 1980
f 1975 2066 2069
f 1978 2069 2071
f 1980 2071 2068
f 2066 2068 2069
f 2068 2071 2069
f 1979 1983 1981
f 1981 1983 1982
f 1982 1983 2266
f 1983 2267 2266
f 1979 1981 2070
f 1981 1982 2072
f 1979 2074 1983
f 1979 2070 2074
f 1981 2072 2070
f 1982 2073 2072
f 2070 2072 2074
f 2072 2073 2074
f 2073 2349 2074
f 2074 2349 2350
f 1982 2266 2265
f 1982 2265 2073
f 2266 2267 2349
f 2265 2266 2348
f 2073 2265 2348
f 2266 2349 2348
f 2267 2350 2349
f 2073 2348 2349
f 1983 1984 2267
f 1984 2268 2267
f 1983 2075 1984
f 1983 2074 2075
f 2074 2350 2075
f 2075 2350 2351
f 1984 2271 2268
f 1984 2273 2271
f 1984 2274 2273
f 2268 2271 2270
f 2267 2268 2350
f 2268 2270 2351
f 2270 2271 2353
f 2271 2273 2354
f 2273 2274 2356
f 2268 2351 2350
f 2270 2353 2351
f 2271 2354 2353
f 2273 2356 2354
f 2274 2357 2356
f 2075 2351 2354
f 2075 2354 2356
f 2075 2356 2357
f 2351 2353 2354
f 1984 2139 2274
f 2075 2357 2226
f 2139 2420 2269
f 1984 2226 2139
f 1984 2075 2226
f 2226 2352 2532
f 2139 2269 2274
f 2269 2276 2274
f 2269 2359 2276
f 2274 2276 2357
f 2269 2352 2359
f 2276 2359 2357
f 2226 2357 2352
f 2352 2357 2359
f 2269 2420 2352
f 2352 2420 2532
f 2139 2140 2420
f 2139 2227 2140
f 2139 2226 2227
f 2226 2532 2227
f 2140 2421 2420
f 2140 2427 2421
f 2421 2424 2423
f 2421 2427 2424
f 2424 2427 2426
f 2420 2421 2532
f 2421 2423 2533
f 2423 2424 2535
f 2424 2426 2536
f 2426 2427 2538
f 2421 2533 2532
f 2423 2535 2533
f 2424 2536 2535
f 2426 2538 2536
f 2427 2539 2538
f 2227 2532 2533
f 2227 2533 2539
f 2533 2535 2536
f 2533 2536 2539
f 2536 2538 2539
f 2140 2228 2141
f 2140 2227 2228
f 2141 2228 2537
f 2140 2141 2427
f 2141 2422 2428
f 2141 2428 2427
f 2422 2429 2428
f 2141 2425 2422
f 2427 2428 2430
f 2422 2541 2429
f 2141 2537 2425
f 2422 2425 2534
f 2428 2429 2540
f 2427 2430 2539
f 2428 2542 2430
f 2422 2534 2541
f 2425 2537 2534
f 2428 2540 2542
f 2429 2541 2540
f 2430 2542 2539
f 2227 2539 2228
f 2228 2540 2534
f 2228 2539 2540
f 2534 2540 2541
f 2228 2534 2537
f 2539 2542 2540
f 2451 2456 2454
f 2451 2453 2456
f 2451 2454 2560
f 2453 2565 2456
f 2454 2563 2560
f 2453 2562 2565
f 2560 2563 2565
f 2560 2565 2562
f 2444 2451 2556
f 2444 2453 2451
f 2444 2452 2453
f 2452 2562 2453
f 2451 2560 2556
f 2452 2561 2562
f 2556 2560 2562
f 2556 2562 2561
f 2443 2452 2444
f 2443 2445 2452
f 2443 2444 2555
f 2445 2561 2452
f 2444 2556 2555
f 2445 2557 2561
f 2555 2556 2561
f 2555 2561 2557
f 2440 2441 2445
f 2441 2442 2445
f 2440 2445 2443
f 2440 2443 2552
f 2440 2553 2441
f 2441 2554 2442
f 2442 2557 2445
f 2443 2555 2552
f 2440 2552 2553
f 2441 2553 2554
f 2442 2554 2557
f 2552 2557 2553
f 2553 2557 2554
f 2552 2555 2557
f 2449 2458 2558
f 2449 2460 2458
f 2449 2450 2460
f 2450 2569 2460
f 2458 2567 2558
f 2450 2559 2569
f 2558 2567 2569
f 2558 2569 2559
f 2458 2461 2459
f 2458 2460 2461
f 2458 2459 2567
f 2460 2570 2461
f 2459 2568 2567
f 2460 2569 2570
f 2567 2568 2570
f 2567 2570 2569
f 2457 2459 2462
f 2459 2461 2462
f 2457 2568 2459
f 2461 2571 2462
f 2457 2566 2568
f 2461 2570 2571
f 2566 2571 2568
f 2568 2571 2570
f 2457 2517 2566
f 2457 2521 2517
f 2457 2462 2521
f 2517 2631 2566
f 2462 2571 2634
f 2517 2521 2631
f 2462 2634 2521
f 2521 2634 2631
f 2566 2631 2634
f 2566 2634 2571
f 2901 2902 3035
f 2901 2942 2902
f 2901 2941 2942
f 2941 3063 2942
f 2901 3033 3032
f 2901 3035 3033
f 3033 3035 3034
f 3032 3033 3060
f 3033 3034 3061
f 3034 3035 3062
f 3033 3061 3060
f 3034 3062 3061
f 3035 3063 3062
f 2941 3060 3061
f 2941 3061 3063
f 3061 3062 3063
f 2842 3032 2962
f 2842 2868 2941
f 2868 3009 3060
f 2842 2901 3032
f 2842 2941 2901
f 2868 3060 2941
f 2842 2964 2963
f 2842 2962 2964
f 2963 2964 3010
f 2962 3011 2964
f 2962 3009 3011
f 2964 3011 3010
f 2868 3010 3011
f 2868 3011 3009
f 2962 3032 3009
f 3009 3032 3060
f 2841 2842 2963
f 2841 2960 2958
f 2841 2963 2960
f 2841 2868 2842
f 2841 2867 2868
f 2867 3010 2868
f 2867 3005 3007
f 2867 3007 3010
f 2960 2963 2961
f 2958 2960 3005
f 2960 2961 3007
f 2961 2963 3008
f 2960 3007 3005
f 2961 3008 3007
f 2963 3010 3008
f 3007 3008 3010
f 2840 2841 2958
f 2840 2959 2956
f 2840 2958 2957
f 2840 2957 2959
f 2840 2867 2841
f 2840 2866 2867
f 2866 3005 2867
f 2866 3003 3006
f 2866 3004 3005
f 2866 3006 3004
f 2956 2959 3003
f 2957 2958 3004
f 2957 3006 2959
f 2959 3006 3003
f 2957 3004 3006
f 2958 3005 3004
f 2834 2839 2838
f 2834 2956 2839
f 2834 2840 2956
f 2838 2839 2864
f 2839 2955 2865
f 2834 2866 2840
f 2834 2861 2866
f 2839 2865 2864
f 2861 2864 2865
f 2861 2865 3003
f 2861 3003 2866
f 2839 2956 2955
f 2955 2956 3002
f 2865 2955 3002
f 2956 3003 3002
f 2865 3002 3003
f 2833 2954 2836
f 2833 2834 2838
f 2833 2837 2954
f 2833 2838 2837
f 2833 2861 2834
f 2833 2836 2860
f 2836 2954 2862
f 2837 2838 2863
f 2837 3001 2954
f 2833 2860 2861
f 2836 2862 2860
f 2838 2864 2863
f 2837 2863 3001
f 2860 2862 3001
f 2860 2864 2861
f 2860 3001 2863
f 2860 2863 2864
f 2862 2954 3001
f 2988 2987 2990
f 2990 2987 3050
f 2990 3050 2991
f 3050 2987 3047
f 2988 3026 2987
f 2988 2990 3027
f 2990 2991 3029
f 2991 3050 3030
f 2988 3027 3026
f 2990 3029 3027
f 2991 3030 3029
f 3027 3029 3026
f 3029 3077 3026
f 3029 3030 3077
f 3077 3074 3026
f 3050 3047 3077
f 3077 3047 3074
f 3030 3050 3077
f 2970 3046 2987
f 2970 2987 3000
f 3000 2987 3026
f 3000 3026 3073
f 2987 3046 3047
f 3047 3046 3074
f 3046 3073 3074
f 3074 3073 3026
f 2970 2969 3048
f 2969 2970 2999
f 2970 3000 2999
f 2999 3000 3075
f 2970 3048 3046
f 3046 3048 3073
f 3048 3075 3073
f 3000 3073 3075
f 2749 2752 2755
f 2748 2749 2750
f 2749 2755 2750
f 2750 2755 2751
f 2755 2767 2756
f 2751 2755 2760
f 2755 2756 2764
f 2756 2757 2764
f 2748 2771 2749
f 2749 2774 2752
f 2748 2750 2770
f 2750 2751 2772
f 2752 2775 2755
f 2751 2759 2773
f 2751 2760 2759
f 2755 2764 2760
f 2760 2764 2763
f 2759 2760 2780
f 2757 2783 2764
f 2760 2763 2781
f 2763 2764 2782
f 2748 2770 2771
f 2749 2771 2774
f 2750 2772 2770
f 2751 2773 2772
f 2755 2776 2767
f 2752 2774 2775
f 2755 2775 2776
f 2767 2776 2768
f 2757 2768 2783
f 2771 2775 2774
f 2770 2772 2771
f 2771 2772 2775
f 2772 2773 2775
f 2768 2776 2777
f 2768 2777 2783
f 2773 2781 2775
f 2775 2783 2776
f 2776 2783 2777
f 2759 2780 2773
f 2760 2781 2780
f 2763 2782 2781
f 2764 2783 2782
f 2773 2780 2781
f 2775 2781 2783
f 2781 2782 2783
f 2753 2754 2757
f 2753 2757 2756
f 2754 2758 2757
f 2753 2756 2765
f 2753 2766 2754
f 2754 2769 2758
f 2757 2758 2768
f 2753 2765 2766
f 2754 2766 2769
f 2756 2767 2765
f 2758 2769 2768
f 2765 2768 2766
f 2765 2767 2768
f 2766 2768 2769
f 2732 2733 2746
f 2733 2747 2746
f 2732 2762 2733
f 2732 2761 2762
f 2732 2778 2761
f 2733 2762 2747
f 2761 2779 2762
f 2732 2746 2778
f 2747 2762 2779
f 2761 2778 2779
f 2746 2747 2779
f 2746 2779 2778
f 53 63 54
f 53 74 62
f 53 54 55
f 54 63 56
f 53 55 74
f 54 56 55
f 55 56 75
f 57 61 70
f 57 71 58
f 57 58 63
f 60 61 62
f 61 63 62
f 57 63 61
f 53 62 63
f 60 73 61
f 60 62 72
f 58 75 63
f 57 70 71
f 61 73 70
f 60 72 73
f 58 71 75
f 62 74 72
f 56 63 75
f 70 75 71
f 72 74 73
f 73 74 75
f 70 73 75
f 55 75 74
f 286 287 290
f 290 292 293
f 290 303 292
f 290 293 405
f 286 327 326
f 286 290 327
f 290 331 327
f 290 411 331
f 328 327 329
f 331 329 327
f 331 330 329
f 328 367 327
f 331 370 330
f 331 411 344
f 331 344 343
f 413 384 344
f 290 405 411
f 405 412 411
f 411 413 344
f 413 2076 414
f 411 2076 413
f 286 326 567
f 286 568 287
f 287 569 290
f 290 570 303
f 303 571 304
f 293 580 405
f 293 304 580
f 567 326 366
f 328 573 367
f 328 368 573
f 331 576 370
f 331 371 576
f 572 366 367
f 368 369 574
f 575 369 370
f 413 579 384
f 371 383 577
f 578 383 384
f 441 2026 584
f 405 582 412
f 411 412 581
f 413 414 583
f 411 3246 2076
f 414 441 583
f 286 567 568
f 287 568 569
f 290 569 570
f 303 570 571
f 304 571 580
f 567 366 572
f 572 367 573
f 368 574 573
f 574 369 575
f 575 370 576
f 371 577 576
f 413 583 579
f 577 383 578
f 578 384 579
f 405 580 582
f 412 582 581
f 411 581 3246
f 441 584 583
f 567 569 568
f 569 571 570
f 569 580 571
f 567 572 573
f 567 573 569
f 569 573 577
f 569 577 581
f 573 574 575
f 573 575 577
f 575 576 577
f 577 579 581
f 577 578 579
f 569 581 580
f 580 581 582
f 579 583 581
f 583 584 3246
f 581 583 3246
f 414 2076 1908
f 1908 2076 2026
f 2026 2076 3245
f 584 2026 3245
f 2076 3246 3245
f 584 3245 3246
f 1666 1667 1669
f 1666 1669 1678
f 1668 1673 1678
f 1666 1747 1667
f 1667 1749 1669
f 1669 1750 1670
f 1668 1670 1748
f 1668 1752 1673
f 1666 1678 1677
f 1669 1670 1678
f 1668 1678 1670
f 1677 1678 1753
f 1673 1754 1678
f 1666 1746 1747
f 1667 1747 1749
f 1668 1748 1752
f 1669 1749 1750
f 1670 1750 1748
f 1673 1752 1754
f 1678 1754 1753
f 1746 1749 1747
f 1746 1754 1749
f 1748 1754 1752
f 1746 1753 1754
f 1749 1754 1750
f 1748 1750 1754
f 714 772 753
f 714 825 719
f 714 719 772
f 753 853 820
f 753 772 853
f 714 753 820
f 714 820 825
f 820 858 825
f 820 853 858
f 719 825 858
f 719 853 772
f 719 858 853
f 245 258 246
f 245 247 257
f 247 248 259
f 245 246 248
f 245 248 247
f 246 260 248
f 245 257 258
f 247 259 257
f 246 258 260
f 248 260 259
f 257 260 258
f 257 259 260
f 2872 2880 2885
f 2880 2886 2885
f 2872 2885 3099
f 2872 3100 2880
f 2885 2886 3102
f 2880 3103 2886
f 2872 3099 3100
f 2880 3100 3103
f 2885 3102 3099
f 2886 3103 3102
f 3099 3102 3100
f 3100 3102 3103

