{
  "type": "FeatureCollection",
  "features": [
    {
      "type": "Feature",
      "properties": {
        "osm_id": "12212783",
        "address": "Post Graduate Residence Bellville 7530 Cape Town",
        "building": "dormitory",
        "building:levels": "3",
        "beds": "91",
        "residential": "university",
        "footprint": {
          "type": "Polygon",
          "coordinates": [
            [
              [
                281902.9793257511,
                6242580.347685937
              ],
              [
                281908.75761422596,
                6242544.681286689
              ],
              [
                281958.9253471952,
                6242553.236955121
              ],
              [
                281952.91447216785,
                6242588.1656119265
              ],
              [
                281936.8461432011,
                6242585.820766699
              ],
              [
                281936.52058464434,
                6242587.910634566
              ],
              [
                281917.92829921865,
                6242584.708712794
              ],
              [
                281918.308055217,
                6242582.675577514
              ],
              [
                281902.9793257511,
                6242580.347685937
              ]
            ],
            [
              [
                281914.0500417282,
                6242572.357184102
              ],
              [
                281944.248109643,
                6242577.279770158
              ],
              [
                281946.9599268397,
                6242560.718654394
              ],
              [
                281916.7616565211,
                6242555.807165509
              ],
              [
                281914.0500417282,
                6242572.357184102
              ]
            ]
          ]
        },
        "plus_code": "CJXHX8XC+XMW",
        "ground_height": 60.79,
        "building_height": 9.7,
        "roof_height": 70.49
      },
      "geometry": {
        "type": "Polygon",
        "coordinates": [
          [
            [
              281902.9793257511,
              6242580.347685937
            ],
            [
              281908.75761422596,
              6242544.681286689
            ],
            [
              281958.9253471952,
              6242553.236955121
            ],
            [
              281952.91447216785,
              6242588.1656119265
            ],
            [
              281936.8461432011,
              6242585.820766699
            ],
            [
              281936.52058464434,
              6242587.910634566
            ],
            [
              281917.92829921865,
              6242584.708712794
            ],
            [
              281918.308055217,
              6242582.675577514
            ],
            [
              281902.9793257511,
              6242580.347685937
            ]
          ],
          [
            [
              281914.0500417282,
              6242572.357184102
            ],
            [
              281944.248109643,
              6242577.279770158
            ],
            [
              281946.9599268397,
              6242560.718654394
            ],
            [
              281916.7616565211,
              6242555.807165509
            ],
            [
              281914.0500417282,
              6242572.357184102
            ]
          ]
        ]
      }
    },
    {
      "type": "Feature",
      "properties": {
        "osm_id": "12212784",
        "address": "Heros House Residence Bellville 7530 Cape Town",
        "building": "dormitory",
        "building:levels": "4",
        "beds": "210",
        "residential": "university",
        "footprint": {
          "type": "Polygon",
          "coordinates": [
            [
              [
                281936.69756387884,
                6242678.345130927
              ],
              [
                281926.57776705927,
                6242676.75852868
              ],
              [
                281926.826114529,
                6242675.21064404
              ],
              [
                281902.0525774843,
                6242671.300577581
              ],
              [
                281901.7275203505,
                6242673.368262038
              ],
              [
                281889.2299436567,
                6242671.405106165
              ],
              [
                281891.0889922041,
                6242659.751504857
              ],
              [
                281893.86303267966,
                6242660.192621351
              ],
              [
                281897.7979034723,
                6242635.503263677
              ],
              [
                281895.631990972,
                6242635.1649141535
              ],
              [
                281897.5241213826,
                6242623.279033432
              ],
              [
                281908.9615365397,
                6242625.08463118
              ],
              [
                281908.63852255594,
                6242627.063585824
              ],
              [
                281933.20906692126,
                6242630.946780637
              ],
              [
                281933.5128207416,
                6242629.000673913
              ],
              [
                281946.05631489516,
                6242630.975928295
              ],
              [
                281944.14218437485,
                6242643.016667847
              ],
              [
                281942.3450442079,
                6242642.7311990075
              ],
              [
                281936.69756387884,
                6242678.345130927
              ]
            ],
            [
              [
                281902.8492575011,
                6242661.597824984
              ],
              [
                281927.5647485651,
                6242665.61752739
              ],
              [
                281931.5991844886,
                6242641.01922925
              ],
              [
                281906.88962549204,
                6242636.744435227
              ],
              [
                281902.8492575011,
                6242661.597824984
              ]
            ]
          ]
        },
        "plus_code": "CHXQXCXP+XCW",
        "ground_height": 61.1,
        "building_height": 12.5,
        "roof_height": 73.6
      },
      "geometry": {
        "type": "Polygon",
        "coordinates": [
          [
            [
              281936.69756387884,
              6242678.345130927
            ],
            [
              281926.57776705927,
              6242676.75852868
            ],
            [
              281926.826114529,
              6242675.21064404
            ],
            [
              281902.0525774843,
              6242671.300577581
            ],
            [
              281901.7275203505,
              6242673.368262038
            ],
            [
              281889.2299436567,
              6242671.405106165
            ],
            [
              281891.0889922041,
              6242659.751504857
            ],
            [
              281893.86303267966,
              6242660.192621351
            ],
            [
              281897.7979034723,
              6242635.503263677
            ],
            [
              281895.631990972,
              6242635.1649141535
            ],
            [
              281897.5241213826,
              6242623.279033432
            ],
            [
              281908.9615365397,
              6242625.08463118
            ],
            [
              281908.63852255594,
              6242627.063585824
            ],
            [
              281933.20906692126,
              6242630.946780637
            ],
            [
              281933.5128207416,
              6242629.000673913
            ],
            [
              281946.05631489516,
              6242630.975928295
            ],
            [
              281944.14218437485,
              6242643.016667847
            ],
            [
              281942.3450442079,
              6242642.7311990075
            ],
            [
              281936.69756387884,
              6242678.345130927
            ]
          ],
          [
            [
              281902.8492575011,
              6242661.597824984
            ],
            [
              281927.5647485651,
              6242665.61752739
            ],
            [
              281931.5991844886,
              6242641.01922925
            ],
            [
              281906.88962549204,
              6242636.744435227
            ],
            [
              281902.8492575011,
              6242661.597824984
            ]
          ]
        ]
      }
    },
    {
      "type": "Feature",
      "properties": {
        "osm_id": "12212785",
        "address": "New Residence Bellville 7530 Cape Town",
        "building": "dormitory",
        "building:levels": "3",
        "beds": "200",
        "residential": "university",
        "footprint": {
          "type": "Polygon",
          "coordinates": [
            [
              [
                281879.6399390503,
                6242685.388807446
              ],
              [
                281834.92405603203,
                6242677.446491057
              ],
              [
                281842.9574763841,
                6242630.213312921
              ],
              [
                281887.6787504582,
                6242637.911595345
              ],
              [
                281879.6399390503,
                6242685.388807446
              ]
            ],
            [
              [
                281850.72645680606,
                6242667.23453053
              ],
              [
                281867.65168845584,
                6242670.131888926
              ],
              [
                281868.70906541916,
                6242663.975117149
              ],
              [
                281872.3852799637,
                6242664.603452653
              ],
              [
                281873.8472895767,
                6242656.136690593
              ],
              [
                281869.41580353107,
                6242655.36891086
              ],
              [
                281870.4729234543,
                6242649.223230153
              ],
              [
                281854.31250318035,
                6242646.454442249
              ],
              [
                281850.72645680606,
                6242667.23453053
              ]
            ]
          ]
        },
        "plus_code": "C9X6XWXF+XCW",
        "ground_height": 60.57,
        "building_height": 9.7,
        "roof_height": 70.27
      },
      "geometry": {
        "type": "Polygon",
        "coordinates": [
          [
            [
              281879.6399390503,
              6242685.388807446
            ],
            [
              281834.92405603203,
              6242677.446491057
            ],
            [
              281842.9574763841,
              6242630.213312921
            ],
            [
              281887.6787504582,
              6242637.911595345
            ],
            [
              281879.6399390503,
              6242685.388807446
            ]
          ],
          [
            [
              281850.72645680606,
              6242667.23453053
            ],
            [
              281867.65168845584,
              6242670.131888926
            ],
            [
              281868.70906541916,
              6242663.975117149
            ],
            [
              281872.3852799637,
              6242664.603452653
            ],
            [
              281873.8472895767,
              6242656.136690593
            ],
            [
              281869.41580353107,
              6242655.36891086
            ],
            [
              281870.4729234543,
              6242649.223230153
            ],
            [
              281854.31250318035,
              6242646.454442249
            ],
            [
              281850.72645680606,
              6242667.23453053
            ]
          ]
        ]
      }
    },
    {
      "type": "Feature",
      "properties": {
        "osm_id": "12213843",
        "address": "Old Science Building Bellville 7530 Cape Town",
        "building": "university",
        "building:levels": "2",
        "footprint": {
          "type": "Polygon",
          "coordinates": [
            [
              [
                281759.17995709414,
                6243082.834826319
              ],
              [
                281823.79215894453,
                6243086.074991368
              ],
              [
                281824.0928200915,
                6243083.862484811
              ],
              [
                281834.4859517924,
                6243084.8451113645
              ],
              [
                281832.9514558284,
                6243119.377335313
              ],
              [
                281855.49863396556,
                6243120.395417038
              ],
              [
                281854.7473588872,
                6243131.741582638
              ],
              [
                281837.6400591885,
                6243131.092790289
              ],
              [
                281837.46960740257,
                6243138.501744183
              ],
              [
                281846.1453973062,
                6243138.945473487
              ],
              [
                281845.3792528619,
                6243150.535433451
              ],
              [
                281825.54988946934,
                6243149.590960162
              ],
              [
                281823.85678610683,
                6243169.304878927
              ],
              [
                281818.3565757538,
                6243171.153619321
              ],
              [
                281810.9005585516,
                6243171.969712602
              ],
              [
                281803.20838144666,
                6243171.792722436
              ],
              [
                281803.1458564142,
                6243174.510078419
              ],
              [
                281747.8717859899,
                6243172.250444053
              ],
              [
                281747.9626617851,
                6243168.301958787
              ],
              [
                281740.0152429942,
                6243168.36317948
              ],
              [
                281740.14594567067,
                6243162.684458934
              ],
              [
                281745.844485875,
                6243163.070850059
              ],
              [
                281747.15544119617,
                6243149.5181399975
              ],
              [
                281721.87155178445,
                6243148.436811625
              ],
              [
                281722.20114650496,
                6243134.118005297
              ],
              [
                281735.8321991755,
                6243134.686993744
              ],
              [
                281736.25235544244,
                6243127.283783213
              ],
              [
                281725.84431714495,
                6243126.544845713
              ],
              [
                281726.03732315457,
                6243118.159859097
              ],
              [
                281730.00358120166,
                6243118.251153867
              ],
              [
                281730.10033788753,
                6243114.047569323
              ],
              [
                281762.21001253254,
                6243115.163907163
              ],
              [
                281762.9310976155,
                6243094.6841111295
              ],
              [
                281753.2984269009,
                6243094.018531365
              ],
              [
                281753.8322770302,
                6243082.4787090765
              ],
              [
                281759.17995709414,
                6243082.834826319
              ]
            ],
            [
              [
                281747.54702889454,
                6243132.504160687
              ],
              [
                281811.33469261794,
                6243135.814185148
              ],
              [
                281811.2022893336,
                6243138.3523793975
              ],
              [
                281823.38876925875,
                6243138.987877347
              ],
              [
                281823.870473654,
                6243129.710670812
              ],
              [
                281761.6448088451,
                6243126.458870349
              ],
              [
                281761.5244453104,
                6243128.875273621
              ],
              [
                281747.7672856365,
                6243128.159156419
              ],
              [
                281747.54702889454,
                6243132.504160687
              ]
            ],
            [
              [
                281765.9115278836,
                6243115.504328035
              ],
              [
                281821.6788982152,
                6243118.019368279
              ],
              [
                281823.03358212416,
                6243096.9327163845
              ],
              [
                281766.53819624777,
                6243093.901549725
              ],
              [
                281765.9115278836,
                6243115.504328035
              ]
            ]
          ]
        },
        "plus_code": "C8X9XXXW+XPW",
        "ground_height": 62.3,
        "building_height": 6.9,
        "roof_height": 69.2
      },
      "geometry": {
        "type": "Polygon",
        "coordinates": [
          [
            [
              281759.17995709414,
              6243082.834826319
            ],
            [
              281823.79215894453,
              6243086.074991368
            ],
            [
              281824.0928200915,
              6243083.862484811
            ],
            [
              281834.4859517924,
              6243084.8451113645
            ],
            [
              281832.9514558284,
              6243119.377335313
            ],
            [
              281855.49863396556,
              6243120.395417038
            ],
            [
              281854.7473588872,
              6243131.741582638
            ],
            [
              281837.6400591885,
              6243131.092790289
            ],
            [
              281837.46960740257,
              6243138.501744183
            ],
            [
              281846.1453973062,
              6243138.945473487
            ],
            [
              281845.3792528619,
              6243150.535433451
            ],
            [
              281825.54988946934,
              6243149.590960162
            ],
            [
              281823.85678610683,
              6243169.304878927
            ],
            [
              281818.3565757538,
              6243171.153619321
            ],
            [
              281810.9005585516,
              6243171.969712602
            ],
            [
              281803.20838144666,
              6243171.792722436
            ],
            [
              281803.1458564142,
              6243174.510078419
            ],
            [
              281747.8717859899,
              6243172.250444053
            ],
            [
              281747.9626617851,
              6243168.301958787
            ],
            [
              281740.0152429942,
              6243168.36317948
            ],
            [
              281740.14594567067,
              6243162.684458934
            ],
            [
              281745.844485875,
              6243163.070850059
            ],
            [
              281747.15544119617,
              6243149.5181399975
            ],
            [
              281721.87155178445,
              6243148.436811625
            ],
            [
              281722.20114650496,
              6243134.118005297
            ],
            [
              281735.8321991755,
              6243134.686993744
            ],
            [
              281736.25235544244,
              6243127.283783213
            ],
            [
              281725.84431714495,
              6243126.544845713
            ],
            [
              281726.03732315457,
              6243118.159859097
            ],
            [
              281730.00358120166,
              6243118.251153867
            ],
            [
              281730.10033788753,
              6243114.047569323
            ],
            [
              281762.21001253254,
              6243115.163907163
            ],
            [
              281762.9310976155,
              6243094.6841111295
            ],
            [
              281753.2984269009,
              6243094.018531365
            ],
            [
              281753.8322770302,
              6243082.4787090765
            ],
            [
              281759.17995709414,
              6243082.834826319
            ]
          ],
          [
            [
              281747.54702889454,
              6243132.504160687
            ],
            [
              281811.33469261794,
              6243135.814185148
            ],
            [
              281811.2022893336,
              6243138.3523793975
            ],
            [
              281823.38876925875,
              6243138.987877347
            ],
            [
              281823.870473654,
              6243129.710670812
            ],
            [
              281761.6448088451,
              6243126.458870349
            ],
            [
              281761.5244453104,
              6243128.875273621
            ],
            [
              281747.7672856365,
              6243128.159156419
            ],
            [
              281747.54702889454,
              6243132.504160687
            ]
          ],
          [
            [
              281765.9115278836,
              6243115.504328035
            ],
            [
              281821.6788982152,
              6243118.019368279
            ],
            [
              281823.03358212416,
              6243096.9327163845
            ],
            [
              281766.53819624777,
              6243093.901549725
            ],
            [
              281765.9115278836,
              6243115.504328035
            ]
          ]
        ]
      }
    },
    {
      "type": "Feature",
      "properties": {
        "osm_id": "12213853",
        "address": "BTB Labratories Bellville Cape Town",
        "building": "university",
        "building:levels": "2",
        "footprint": {
          "type": "Polygon",
          "coordinates": [
            [
              [
                281595.6789838511,
                6243183.383577869
              ],
              [
                281579.3036778127,
                6243177.857346147
              ],
              [
                281580.2366136806,
                6243175.104549423
              ],
              [
                281575.61963419046,
                6243173.544480044
              ],
              [
                281584.2614879649,
                6243148.153522953
              ],
              [
                281585.2895636185,
                6243148.499019399
              ],
              [
                281586.46073447587,
                6243145.0414924845
              ],
              [
                281609.72022188304,
                6243152.890203666
              ],
              [
                281608.6787002393,
                6243155.940124578
              ],
              [
                281610.13799063617,
                6243156.439811923
              ],
              [
                281601.2479523108,
                6243182.568580037
              ],
              [
                281596.49305134855,
                6243180.972053489
              ],
              [
                281595.6789838511,
                6243183.383577869
              ]
            ],
            [
              [
                281588.1094100855,
                6243167.440202462
              ],
              [
                281595.25176169054,
                6243169.801937496
              ],
              [
                281597.5463392639,
                6243162.952364266
              ],
              [
                281590.3947471272,
                6243160.59041776
              ],
              [
                281588.1094100855,
                6243167.440202462
              ]
            ]
          ]
        },
        "plus_code": "CJX5XMX5+XRR",
        "ground_height": 62.29,
        "building_height": 6.9,
        "roof_height": 69.19
      },
      "geometry": {
        "type": "Polygon",
        "coordinates": [
          [
            [
              281595.6789838511,
              6243183.383577869
            ],
            [
              281579.3036778127,
              6243177.857346147
            ],
            [
              281580.2366136806,
              6243175.104549423
            ],
            [
              281575.61963419046,
              6243173.544480044
            ],
            [
              281584.2614879649,
              6243148.153522953
            ],
            [
              281585.2895636185,
              6243148.499019399
            ],
            [
              281586.46073447587,
              6243145.0414924845
            ],
            [
              281609.72022188304,
              6243152.890203666
            ],
            [
              281608.6787002393,
              6243155.940124578
            ],
            [
              281610.13799063617,
              6243156.439811923
            ],
            [
              281601.2479523108,
              6243182.568580037
            ],
            [
              281596.49305134855,
              6243180.972053489
            ],
            [
              281595.6789838511,
              6243183.383577869
            ]
          ],
          [
            [
              281588.1094100855,
              6243167.440202462
            ],
            [
              281595.25176169054,
              6243169.801937496
            ],
            [
              281597.5463392639,
              6243162.952364266
            ],
            [
              281590.3947471272,
              6243160.59041776
            ],
            [
              281588.1094100855,
              6243167.440202462
            ]
          ]
        ]
      }
    },
    {
      "type": "Feature",
      "properties": {
        "osm_id": "12279396",
        "address": "Richard Sacco Residence Bellville 7530 Cape Town",
        "building": "dormitory",
        "building:levels": "2",
        "beds": "333",
        "residential": "university",
        "footprint": {
          "type": "Polygon",
          "coordinates": [
            [
              [
                281786.1280940831,
                6242942.854416247
              ],
              [
                281792.30578853167,
                6242907.541263012
              ],
              [
                281795.6500364082,
                6242908.128690518
              ],
              [
                281796.16169621027,
                6242905.188629359
              ],
              [
                281800.79618013534,
                6242905.983300377
              ],
              [
                281801.95908044185,
                6242899.263008134
              ],
              [
                281807.3306206774,
                6242900.185608348
              ],
              [
                281805.6121958111,
                6242910.1445754375
              ],
              [
                281818.21643033245,
                6242912.310021014
              ],
              [
                281821.2370556856,
                6242894.801679964
              ],
              [
                281829.29924186296,
                6242896.1745779235
              ],
              [
                281820.15531603084,
                6242949.4523200095
              ],
              [
                281815.824879961,
                6242948.7090447955
              ],
              [
                281815.3219600626,
                6242951.671501877
              ],
              [
                281818.7956572287,
                6242952.261898565
              ],
              [
                281818.3145462463,
                6242955.080594939
              ],
              [
                281823.7236106483,
                6242955.981852529
              ],
              [
                281824.28245149483,
                6242952.598991203
              ],
              [
                281827.673708186,
                6242953.154196337
              ],
              [
                281829.6186131551,
                6242941.3916070275
              ],
              [
                281831.1759446113,
                6242941.649381271
              ],
              [
                281832.73595928634,
                6242932.1417489275
              ],
              [
                281880.84189786005,
                6242939.940024128
              ],
              [
                281880.9544915041,
                6242940.675023962
              ],
              [
                281887.08237850846,
                6242941.692654885
              ],
              [
                281886.4591600506,
                6242945.462436551
              ],
              [
                281895.130301646,
                6242946.904767757
              ],
              [
                281887.53284256335,
                6242992.4834264545
              ],
              [
                281878.28099606594,
                6242990.950053638
              ],
              [
                281877.65904840885,
                6242994.664378559
              ],
              [
                281871.73401198006,
                6242993.673604649
              ],
              [
                281871.5526048221,
                6242994.723657861
              ],
              [
                281866.02409295057,
                6242993.786390347
              ],
              [
                281866.22654263664,
                6242992.625850074
              ],
              [
                281823.14106368634,
                6242985.320339024
              ],
              [
                281824.8951225739,
                6242975.018179441
              ],
              [
                281828.79257738835,
                6242975.684904644
              ],
              [
                281830.7367756349,
                6242964.355086818
              ],
              [
                281823.46681058384,
                6242963.1224911325
              ],
              [
                281824.05466327944,
                6242959.684811742
              ],
              [
                281812.7123621111,
                6242957.748164455
              ],
              [
                281811.9962084828,
                6242961.937495658
              ],
              [
                281816.8425953047,
                6242962.770323938
              ],
              [
                281815.11314394686,
                6242972.8067179695
              ],
              [
                281777.91606570507,
                6242966.4798633875
              ],
              [
                281780.0312202354,
                6242954.155244357
              ],
              [
                281786.77573047695,
                6242955.309199199
              ],
              [
                281787.03258332534,
                6242953.794803817
              ],
              [
                281778.1593264687,
                6242952.292236185
              ],
              [
                281777.5819786121,
                6242955.674670093
              ],
              [
                281770.7450167903,
                6242954.518580926
              ],
              [
                281768.88262173627,
                6242965.506263515
              ],
              [
                281771.8128973235,
                6242965.995393455
              ],
              [
                281770.07803706825,
                6242976.264697989
              ],
              [
                281724.2087914272,
                6242968.539551493
              ],
              [
                281728.02965588024,
                6242946.011550941
              ],
              [
                281726.93305279524,
                6242945.830948103
              ],
              [
                281728.5671347834,
                6242936.325030154
              ],
              [
                281729.9583059602,
                6242936.567899231
              ],
              [
                281733.8189942304,
                6242914.318242133
              ],
              [
                281738.96942146687,
                6242915.202499656
              ],
              [
                281738.8421402509,
                6242915.909786261
              ],
              [
                281778.73379632516,
                6242922.909166351
              ],
              [
                281777.10767910077,
                6242932.071261601
              ],
              [
                281778.5540661422,
                6242932.326491395
              ],
              [
                281776.43681373616,
                6242944.340342472
              ],
              [
                281779.44027862954,
                6242944.8644463
              ],
              [
                281778.8021000008,
                6242948.478519985
              ],
              [
                281784.56942367443,
                6242949.487919468
              ],
              [
                281785.0903331167,
                6242946.548071555
              ],
              [
                281788.5450264628,
                6242947.160236495
              ],
              [
                281789.21451021434,
                6242943.391523076
              ],
              [
                281786.1280940831,
                6242942.854416247
              ]
            ],
            [
              [
                281814.7053576242,
                6242933.846429445
              ],
              [
                281817.35900162195,
                6242919.825239112
              ],
              [
                281804.3908209552,
                6242917.396184361
              ],
              [
                281801.7464030482,
                6242931.4175848
              ],
              [
                281814.7053576242,
                6242933.846429445
              ]
            ],
            [
              [
                281878.1998567229,
                6242987.641246047
              ],
              [
                281884.84134885005,
                6242949.442379449
              ],
              [
                281880.3360168162,
                6242948.661819566
              ],
              [
                281879.68557016563,
                6242952.408780405
              ],
              [
                281873.3650585015,
                6242951.320131364
              ],
              [
                281873.5790483363,
                6242950.059982382
              ],
              [
                281837.16660314315,
                6242943.806890912
              ],
              [
                281835.19263741706,
                6242955.224801651
              ],
              [
                281846.22162221826,
                6242957.109825162
              ],
              [
                281844.49245791684,
                6242967.135131748
              ],
              [
                281832.9107908376,
                6242965.148614019
              ],
              [
                281830.9255312714,
                6242976.655041305
              ],
              [
                281868.2595621926,
                6242983.062513113
              ],
              [
                281868.4404593336,
                6242982.0346424375
              ],
              [
                281874.0331706344,
                6242982.995580101
              ],
              [
                281873.37194438337,
                6242986.808875396
              ],
              [
                281878.1998567229,
                6242987.641246047
              ]
            ],
            [
              [
                281809.24801061174,
                6242950.721648501
              ],
              [
                281809.9487947355,
                6242946.79829473
              ],
              [
                281806.33744301496,
                6242946.1603385545
              ],
              [
                281808.113127531,
                6242936.125009218
              ],
              [
                281801.29568918154,
                6242934.925001973
              ],
              [
                281799.4776569371,
                6242945.192395713
              ],
              [
                281796.12415046885,
                6242944.604757512
              ],
              [
                281795.4746912281,
                6242948.307349265
              ],
              [
                281809.24801061174,
                6242950.721648501
              ]
            ],
            [
              [
                281765.02490671445,
                6242964.318862713
              ],
              [
                281766.9263847178,
                6242953.642799631
              ],
              [
                281754.7014092703,
                6242951.474921414
              ],
              [
                281756.50641671836,
                6242941.37368984
              ],
              [
                281769.14588089404,
                6242943.617688892
              ],
              [
                281771.24904740823,
                6242931.814360008
              ],
              [
                281738.5535789578,
                6242926.034824861
              ],
              [
                281738.19354423543,
                6242928.012923957
              ],
              [
                281740.349255212,
                6242928.395458383
              ],
              [
                281738.5547531586,
                6242938.441444352
              ],
              [
                281742.71876776934,
                6242939.180924933
              ],
              [
                281740.8608819889,
                6242949.569463227
              ],
              [
                281737.15759057977,
                6242948.907169992
              ],
              [
                281735.5547718617,
                6242957.858951835
              ],
              [
                281732.929080841,
                6242957.399015764
              ],
              [
                281732.70735867403,
                6242958.592402179
              ],
              [
                281765.02490671445,
                6242964.318862713
              ]
            ],
            [
              [
                281789.24408310547,
                6242958.1846729815
              ],
              [
                281808.3393904795,
                6242961.2652031295
              ],
              [
                281808.97443810094,
                6242957.384725273
              ],
              [
                281793.6579272009,
                6242954.9016228635
              ],
              [
                281793.2053099025,
                6242957.687682839
              ],
              [
                281789.41753017285,
                6242957.078951841
              ],
              [
                281789.24408310547,
                6242958.1846729815
              ]
            ]
          ]
        },
        "plus_code": "CCX6XHXF+XMR",
        "ground_height": 62.81,
        "building_height": 6.9,
        "roof_height": 69.71
      },
      "geometry": {
        "type": "Polygon",
        "coordinates": [
          [
            [
              281786.1280940831,
              6242942.854416247
            ],
            [
              281792.30578853167,
              6242907.541263012
            ],
            [
              281795.6500364082,
              6242908.128690518
            ],
            [
              281796.16169621027,
              6242905.188629359
            ],
            [
              281800.79618013534,
              6242905.983300377
            ],
            [
              281801.95908044185,
              6242899.263008134
            ],
            [
              281807.3306206774,
              6242900.185608348
            ],
            [
              281805.6121958111,
              6242910.1445754375
            ],
            [
              281818.21643033245,
              6242912.310021014
            ],
            [
              281821.2370556856,
              6242894.801679964
            ],
            [
              281829.29924186296,
              6242896.1745779235
            ],
            [
              281820.15531603084,
              6242949.4523200095
            ],
            [
              281815.824879961,
              6242948.7090447955
            ],
            [
              281815.3219600626,
              6242951.671501877
            ],
            [
              281818.7956572287,
              6242952.261898565
            ],
            [
              281818.3145462463,
              6242955.080594939
            ],
            [
              281823.7236106483,
              6242955.981852529
            ],
            [
              281824.28245149483,
              6242952.598991203
            ],
            [
              281827.673708186,
              6242953.154196337
            ],
            [
              281829.6186131551,
              6242941.3916070275
            ],
            [
              281831.1759446113,
              6242941.649381271
            ],
            [
              281832.73595928634,
              6242932.1417489275
            ],
            [
              281880.84189786005,
              6242939.940024128
            ],
            [
              281880.9544915041,
              6242940.675023962
            ],
            [
              281887.08237850846,
              6242941.692654885
            ],
            [
              281886.4591600506,
              6242945.462436551
            ],
            [
              281895.130301646,
              6242946.904767757
            ],
            [
              281887.53284256335,
              6242992.4834264545
            ],
            [
              281878.28099606594,
              6242990.950053638
            ],
            [
              281877.65904840885,
              6242994.664378559
            ],
            [
              281871.73401198006,
              6242993.673604649
            ],
            [
              281871.5526048221,
              6242994.723657861
            ],
            [
              281866.02409295057,
              6242993.786390347
            ],
            [
              281866.22654263664,
              6242992.625850074
            ],
            [
              281823.14106368634,
              6242985.320339024
            ],
            [
              281824.8951225739,
              6242975.018179441
            ],
            [
              281828.79257738835,
              6242975.684904644
            ],
            [
              281830.7367756349,
              6242964.355086818
            ],
            [
              281823.46681058384,
              6242963.1224911325
            ],
            [
              281824.05466327944,
              6242959.684811742
            ],
            [
              281812.7123621111,
              6242957.748164455
            ],
            [
              281811.9962084828,
              6242961.937495658
            ],
            [
              281816.8425953047,
              6242962.770323938
            ],
            [
              281815.11314394686,
              6242972.8067179695
            ],
            [
              281777.91606570507,
              6242966.4798633875
            ],
            [
              281780.0312202354,
              6242954.155244357
            ],
            [
              281786.77573047695,
              6242955.309199199
            ],
            [
              281787.03258332534,
              6242953.794803817
            ],
            [
              281778.1593264687,
              6242952.292236185
            ],
            [
              281777.5819786121,
              6242955.674670093
            ],
            [
              281770.7450167903,
              6242954.518580926
            ],
            [
              281768.88262173627,
              6242965.506263515
            ],
            [
              281771.8128973235,
              6242965.995393455
            ],
            [
              281770.07803706825,
              6242976.264697989
            ],
            [
              281724.2087914272,
              6242968.539551493
            ],
            [
              281728.02965588024,
              6242946.011550941
            ],
            [
              281726.93305279524,
              6242945.830948103
            ],
            [
              281728.5671347834,
              6242936.325030154
            ],
            [
              281729.9583059602,
              6242936.567899231
            ],
            [
              281733.8189942304,
              6242914.318242133
            ],
            [
              281738.96942146687,
              6242915.202499656
            ],
            [
              281738.8421402509,
              6242915.909786261
            ],
            [
              281778.73379632516,
              6242922.909166351
            ],
            [
              281777.10767910077,
              6242932.071261601
            ],
            [
              281778.5540661422,
              6242932.326491395
            ],
            [
              281776.43681373616,
              6242944.340342472
            ],
            [
              281779.44027862954,
              6242944.8644463
            ],
            [
              281778.8021000008,
              6242948.478519985
            ],
            [
              281784.56942367443,
              6242949.487919468
            ],
            [
              281785.0903331167,
              6242946.548071555
            ],
            [
              281788.5450264628,
              6242947.160236495
            ],
            [
              281789.21451021434,
              6242943.391523076
            ],
            [
              281786.1280940831,
              6242942.854416247
            ]
          ],
          [
            [
              281814.7053576242,
              6242933.846429445
            ],
            [
              281817.35900162195,
              6242919.825239112
            ],
            [
              281804.3908209552,
              6242917.396184361
            ],
            [
              281801.7464030482,
              6242931.4175848
            ],
            [
              281814.7053576242,
              6242933.846429445
            ]
          ],
          [
            [
              281878.1998567229,
              6242987.641246047
            ],
            [
              281884.84134885005,
              6242949.442379449
            ],
            [
              281880.3360168162,
              6242948.661819566
            ],
            [
              281879.68557016563,
              6242952.408780405
            ],
            [
              281873.3650585015,
              6242951.320131364
            ],
            [
              281873.5790483363,
              6242950.059982382
            ],
            [
              281837.16660314315,
              6242943.806890912
            ],
            [
              281835.19263741706,
              6242955.224801651
            ],
            [
              281846.22162221826,
              6242957.109825162
            ],
            [
              281844.49245791684,
              6242967.135131748
            ],
            [
              281832.9107908376,
              6242965.148614019
            ],
            [
              281830.9255312714,
              6242976.655041305
            ],
            [
              281868.2595621926,
              6242983.062513113
            ],
            [
              281868.4404593336,
              6242982.0346424375
            ],
            [
              281874.0331706344,
              6242982.995580101
            ],
            [
              281873.37194438337,
              6242986.808875396
            ],
            [
              281878.1998567229,
              6242987.641246047
            ]
          ],
          [
            [
              281809.24801061174,
              6242950.721648501
            ],
            [
              281809.9487947355,
              6242946.79829473
            ],
            [
              281806.33744301496,
              6242946.1603385545
            ],
            [
              281808.113127531,
              6242936.125009218
            ],
            [
              281801.29568918154,
              6242934.925001973
            ],
            [
              281799.4776569371,
              6242945.192395713
            ],
            [
              281796.12415046885,
              6242944.604757512
            ],
            [
              281795.4746912281,
              6242948.307349265
            ],
            [
              281809.24801061174,
              6242950.721648501
            ]
          ],
          [
            [
              281765.02490671445,
              6242964.318862713
            ],
            [
              281766.9263847178,
              6242953.642799631
            ],
            [
              281754.7014092703,
              6242951.474921414
            ],
            [
              281756.50641671836,
              6242941.37368984
            ],
            [
              281769.14588089404,
              6242943.617688892
            ],
            [
              281771.24904740823,
              6242931.814360008
            ],
            [
              281738.5535789578,
              6242926.034824861
            ],
            [
              281738.19354423543,
              6242928.012923957
            ],
            [
              281740.349255212,
              6242928.395458383
            ],
            [
              281738.5547531586,
              6242938.441444352
            ],
            [
              281742.71876776934,
              6242939.180924933
            ],
            [
              281740.8608819889,
              6242949.569463227
            ],
            [
              281737.15759057977,
              6242948.907169992
            ],
            [
              281735.5547718617,
              6242957.858951835
            ],
            [
              281732.929080841,
              6242957.399015764
            ],
            [
              281732.70735867403,
              6242958.592402179
            ],
            [
              281765.02490671445,
              6242964.318862713
            ]
          ],
          [
            [
              281789.24408310547,
              6242958.1846729815
            ],
            [
              281808.3393904795,
              6242961.2652031295
            ],
            [
              281808.97443810094,
              6242957.384725273
            ],
            [
              281793.6579272009,
              6242954.9016228635
            ],
            [
              281793.2053099025,
              6242957.687682839
            ],
            [
              281789.41753017285,
              6242957.078951841
            ],
            [
              281789.24408310547,
              6242958.1846729815
            ]
          ]
        ]
      }
    },
    {
      "type": "Feature",
      "properties": {
        "osm_id": "12295766",
        "address": "Mechanical and Industrial Engineering - Mechatronics Bellville 7530 Cape Town",
        "building": "university",
        "building:levels": "2",
        "footprint": {
          "type": "Polygon",
          "coordinates": [
            [
              [
                282278.6808926113,
                6242605.839212099
              ],
              [
                282276.2330754516,
                6242619.388033515
              ],
              [
                282281.7233904847,
                6242620.368587323
              ],
              [
                282280.0387533291,
                6242629.68474903
              ],
              [
                282283.18004176544,
                6242630.24515542
              ],
              [
                282280.00111503934,
                6242647.838723504
              ],
              [
                282276.8598207934,
                6242647.27831636
              ],
              [
                282271.0478678575,
                6242679.6371303
              ],
              [
                282267.5013157759,
                6242679.000831913
              ],
              [
                282266.8012415249,
                6242682.902027879
              ],
              [
                282264.7100345001,
                6242682.532188553
              ],
              [
                282262.43718123296,
                6242695.308229291
              ],
              [
                282264.0864179517,
                6242695.590239587
              ],
              [
                282262.48106537876,
                6242704.675181136
              ],
              [
                282267.1796770935,
                6242705.493296212
              ],
              [
                282264.16678741213,
                6242722.702275619
              ],
              [
                282250.5131576025,
                6242720.324658865
              ],
              [
                282251.21527765424,
                6242716.334733902
              ],
              [
                282247.74190774735,
                6242715.733401058
              ],
              [
                282247.2845151674,
                6242718.3307128735
              ],
              [
                282189.4632731996,
                6242708.291378332
              ],
              [
                282189.0702520134,
                6242710.501768922
              ],
              [
                282175.0573724526,
                6242708.060302703
              ],
              [
                282182.781782471,
                6242664.1378954165
              ],
              [
                282186.23664105486,
                6242664.738828479
              ],
              [
                282187.1727501125,
                6242659.422629977
              ],
              [
                282183.57073969697,
                6242658.785025235
              ],
              [
                282189.6664161188,
                6242624.557351148
              ],
              [
                282187.02257120784,
                6242624.086020941
              ],
              [
                282192.70908242324,
                6242592.367986767
              ],
              [
                282200.18013378116,
                6242593.693714352
              ],
              [
                282200.51953715214,
                6242591.80390753
              ],
              [
                282278.6808926113,
                6242605.839212099
              ]
            ],
            [
              [
                282229.7140649756,
                6242669.821270749
              ],
              [
                282224.95541402465,
                6242696.988626708
              ],
              [
                282231.0269279425,
                6242698.038041633
              ],
              [
                282230.7606500419,
                6242699.563324537
              ],
              [
                282246.62564160046,
                6242702.313575358
              ],
              [
                282250.7359785607,
                6242678.804461149
              ],
              [
                282257.5260375589,
                6242679.98133295
              ],
              [
                282258.431060881,
                6242674.808678672
              ],
              [
                282229.7140649756,
                6242669.821270749
              ]
            ],
            [
              [
                282218.662810166,
                6242668.113714315
              ],
              [
                282201.4252333736,
                6242665.121036789
              ],
              [
                282197.2172305658,
                6242688.849837117
              ],
              [
                282191.7135587877,
                6242688.046483584
              ],
              [
                282191.3659263182,
                6242689.8917127475
              ],
              [
                282193.6780273706,
                6242691.920110036
              ],
              [
                282194.21284892596,
                6242692.7979695005
              ],
              [
                282194.2932858773,
                6242694.530964293
              ],
              [
                282205.05382762675,
                6242696.009927211
              ],
              [
                282205.4987831902,
                6242692.7465051655
              ],
              [
                282213.9678576192,
                6242694.117335321
              ],
              [
                282218.662810166,
                6242668.113714315
              ]
            ],
            [
              [
                282227.6766861741,
                6242636.904882725
              ],
              [
                282201.5446273944,
                6242632.542704754
              ],
              [
                282198.72748091805,
                6242649.2789939195
              ],
              [
                282224.87782077095,
                6242653.652693215
              ],
              [
                282225.9700849773,
                6242647.1748843305
              ],
              [
                282224.95646083023,
                6242647.007340057
              ],
              [
                282225.65316580655,
                6242642.850835314
              ],
              [
                282226.648299773,
                6242643.017954845
              ],
              [
                282227.6766861741,
                6242636.904882725
              ]
            ],
            [
              [
                282232.0683983506,
                6242637.79364843
              ],
              [
                282231.13086108246,
                6242643.575894672
              ],
              [
                282231.9323624305,
                6242643.716371989
              ],
              [
                282231.1453972729,
                6242648.581017846
              ],
              [
                282229.96918645815,
                6242648.243283344
              ],
              [
                282229.1462263885,
                6242654.272297202
              ],
              [
                282254.59634438617,
                6242658.92945096
              ],
              [
                282254.50182785734,
                6242660.225640006
              ],
              [
                282260.43413705245,
                6242661.294034911
              ],
              [
                282261.28791451757,
                6242656.741640668
              ],
              [
                282255.7857872534,
                6242655.871776146
              ],
              [
                282255.15694054693,
                6242653.449265256
              ],
              [
                282255.03774611105,
                6242647.7648169175
              ],
              [
                282257.46369224053,
                6242642.016751987
              ],
              [
                282232.0683983506,
                6242637.79364843
              ]
            ]
          ]
        },
        "plus_code": "C9XQXXXQ+X8R",
        "ground_height": 62.05,
        "building_height": 6.9,
        "roof_height": 68.95
      },
      "geometry": {
        "type": "Polygon",
        "coordinates": [
          [
            [
              282278.6808926113,
              6242605.839212099
            ],
            [
              282276.2330754516,
              6242619.388033515
            ],
            [
              282281.7233904847,
              6242620.368587323
            ],
            [
              282280.0387533291,
              6242629.68474903
            ],
            [
              282283.18004176544,
              6242630.24515542
            ],
            [
              282280.00111503934,
              6242647.838723504
            ],
            [
              282276.8598207934,
              6242647.27831636
            ],
            [
              282271.0478678575,
              6242679.6371303
            ],
            [
              282267.5013157759,
              6242679.000831913
            ],
            [
              282266.8012415249,
              6242682.902027879
            ],
            [
              282264.7100345001,
              6242682.532188553
            ],
            [
              282262.43718123296,
              6242695.308229291
            ],
            [
              282264.0864179517,
              6242695.590239587
            ],
            [
              282262.48106537876,
              6242704.675181136
            ],
            [
              282267.1796770935,
              6242705.493296212
            ],
            [
              282264.16678741213,
              6242722.702275619
            ],
            [
              282250.5131576025,
              6242720.324658865
            ],
            [
              282251.21527765424,
              6242716.334733902
            ],
            [
              282247.74190774735,
              6242715.733401058
            ],
            [
              282247.2845151674,
              6242718.3307128735
            ],
            [
              282189.4632731996,
              6242708.291378332
            ],
            [
              282189.0702520134,
              6242710.501768922
            ],
            [
              282175.0573724526,
              6242708.060302703
            ],
            [
              282182.781782471,
              6242664.1378954165
            ],
            [
              282186.23664105486,
              6242664.738828479
            ],
            [
              282187.1727501125,
              6242659.422629977
            ],
            [
              282183.57073969697,
              6242658.785025235
            ],
            [
              282189.6664161188,
              6242624.557351148
            ],
            [
              282187.02257120784,
              6242624.086020941
            ],
            [
              282192.70908242324,
              6242592.367986767
            ],
            [
              282200.18013378116,
              6242593.693714352
            ],
            [
              282200.51953715214,
              6242591.80390753
            ],
            [
              282278.6808926113,
              6242605.839212099
            ]
          ],
          [
            [
              282229.7140649756,
              6242669.821270749
            ],
            [
              282224.95541402465,
              6242696.988626708
            ],
            [
              282231.0269279425,
              6242698.038041633
            ],
            [
              282230.7606500419,
              6242699.563324537
            ],
            [
              282246.62564160046,
              6242702.313575358
            ],
            [
              282250.7359785607,
              6242678.804461149
            ],
            [
              282257.5260375589,
              6242679.98133295
            ],
            [
              282258.431060881,
              6242674.808678672
            ],
            [
              282229.7140649756,
              6242669.821270749
            ]
          ],
          [
            [
              282218.662810166,
              6242668.113714315
            ],
            [
              282201.4252333736,
              6242665.121036789
            ],
            [
              282197.2172305658,
              6242688.849837117
            ],
            [
              282191.7135587877,
              6242688.046483584
            ],
            [
              282191.3659263182,
              6242689.8917127475
            ],
            [
              282193.6780273706,
              6242691.920110036
            ],
            [
              282194.21284892596,
              6242692.7979695005
            ],
            [
              282194.2932858773,
              6242694.530964293
            ],
            [
              282205.05382762675,
              6242696.009927211
            ],
            [
              282205.4987831902,
              6242692.7465051655
            ],
            [
              282213.9678576192,
              6242694.117335321
            ],
            [
              282218.662810166,
              6242668.113714315
            ]
          ],
          [
            [
              282227.6766861741,
              6242636.904882725
            ],
            [
              282201.5446273944,
              6242632.542704754
            ],
            [
              282198.72748091805,
              6242649.2789939195
            ],
            [
              282224.87782077095,
              6242653.652693215
            ],
            [
              282225.9700849773,
              6242647.1748843305
            ],
            [
              282224.95646083023,
              6242647.007340057
            ],
            [
              282225.65316580655,
              6242642.850835314
            ],
            [
              282226.648299773,
              6242643.017954845
            ],
            [
              282227.6766861741,
              6242636.904882725
            ]
          ],
          [
            [
              282232.0683983506,
              6242637.79364843
            ],
            [
              282231.13086108246,
              6242643.575894672
            ],
            [
              282231.9323624305,
              6242643.716371989
            ],
            [
              282231.1453972729,
              6242648.581017846
            ],
            [
              282229.96918645815,
              6242648.243283344
            ],
            [
              282229.1462263885,
              6242654.272297202
            ],
            [
              282254.59634438617,
              6242658.92945096
            ],
            [
              282254.50182785734,
              6242660.225640006
            ],
            [
              282260.43413705245,
              6242661.294034911
            ],
            [
              282261.28791451757,
              6242656.741640668
            ],
            [
              282255.7857872534,
              6242655.871776146
            ],
            [
              282255.15694054693,
              6242653.449265256
            ],
            [
              282255.03774611105,
              6242647.7648169175
            ],
            [
              282257.46369224053,
              6242642.016751987
            ],
            [
              282232.0683983506,
              6242637.79364843
            ]
          ]
        ]
      }
    },
    {
      "type": "Feature",
      "properties": {
        "osm_id": "12303540",
        "address": "Horticulture Bellville 7530 Cape Town",
        "building": "university",
        "building:levels": "2",
        "footprint": {
          "type": "Polygon",
          "coordinates": [
            [
              [
                281638.5907315959,
                6243019.912230501
              ],
              [
                281654.8282264289,
                6243020.164065941
              ],
              [
                281654.67504384107,
                6243029.22689927
              ],
              [
                281652.6318383657,
                6243029.179851621
              ],
              [
                281652.53632428555,
                6243045.379471566
              ],
              [
                281700.01451032184,
                6243046.716740372
              ],
              [
                281699.7729629042,
                6243057.209066644
              ],
              [
                281679.22761041444,
                6243056.835937592
              ],
              [
                281679.15942951,
                6243059.797302563
              ],
              [
                281682.00110939774,
                6243060.117961524
              ],
              [
                281681.55088813254,
                6243085.298088717
              ],
              [
                281662.8262913673,
                6243084.989042057
              ],
              [
                281662.0293677439,
                6243092.683201516
              ],
              [
                281658.1642724471,
                6243104.268392781
              ],
              [
                281673.4798429264,
                6243109.614736496
              ],
              [
                281672.955620818,
                6243111.089682842
              ],
              [
                281683.8489085073,
                6243114.858271534
              ],
              [
                281679.40148127906,
                6243127.229056529
              ],
              [
                281680.0800207615,
                6243127.488815375
              ],
              [
                281673.61446094874,
                6243147.159436924
              ],
              [
                281661.24539988476,
                6243142.802003324
              ],
              [
                281667.14845516457,
                6243126.270023111
              ],
              [
                281657.3605168271,
                6243122.7044210145
              ],
              [
                281652.03474544303,
                6243139.072134571
              ],
              [
                281655.10794228036,
                6243140.186027226
              ],
              [
                281653.566167107,
                6243145.277403292
              ],
              [
                281641.0797352175,
                6243140.795171564
              ],
              [
                281641.21422740014,
                6243140.176828899
              ],
              [
                281600.84086930426,
                6243126.341099306
              ],
              [
                281604.75926524797,
                6243115.256524768
              ],
              [
                281614.49523385684,
                6243118.266129323
              ],
              [
                281614.35927545675,
                6243113.324771652
              ],
              [
                281607.2881094126,
                6243113.095338114
              ],
              [
                281607.520202038,
                6243089.763399567
              ],
              [
                281600.699954664,
                6243089.4842529595
              ],
              [
                281600.60467250244,
                6243093.621291688
              ],
              [
                281580.3943605921,
                6243093.155796781
              ],
              [
                281580.9532439718,
                6243074.514374443
              ],
              [
                281588.0166694917,
                6243074.677068619
              ],
              [
                281588.0406831482,
                6243073.634490433
              ],
              [
                281593.8624248194,
                6243073.890649125
              ],
              [
                281593.8412218382,
                6243074.811223464
              ],
              [
                281600.7872678613,
                6243074.849136051
              ],
              [
                281600.76513235836,
                6243078.621653922
              ],
              [
                281605.04725022934,
                6243078.653694047
              ],
              [
                281605.11332048324,
                6243072.973480093
              ],
              [
                281647.45968706365,
                6243073.826603066
              ],
              [
                281647.5294099115,
                6243070.798690342
              ],
              [
                281652.11202120467,
                6243071.037377333
              ],
              [
                281652.221583472,
                6243066.27922881
              ],
              [
                281656.12954028783,
                6243066.491282098
              ],
              [
                281656.1520605031,
                6243059.88900489
              ],
              [
                281639.4720002363,
                6243059.571499828
              ],
              [
                281639.55015436193,
                6243056.177575534
              ],
              [
                281636.88623071817,
                6243056.171716902
              ],
              [
                281637.131934347,
                6243045.501928588
              ],
              [
                281640.04726567207,
                6243045.435896754
              ],
              [
                281640.49126137514,
                6243028.966871684
              ],
              [
                281638.26315031725,
                6243028.9155629715
              ],
              [
                281638.5907315959,
                6243019.912230501
              ]
            ],
            [
              [
                281664.4234118966,
                6243073.074201512
              ],
              [
                281668.37964096636,
                6243073.198583921
              ],
              [
                281668.7621434307,
                6243060.201549124
              ],
              [
                281670.07472110284,
                6243060.242867686
              ],
              [
                281670.17881256924,
                6243056.927221088
              ],
              [
                281663.0517078127,
                6243056.718732319
              ],
              [
                281662.6267528073,
                6243071.157417607
              ],
              [
                281664.4755602509,
                6243071.2110835705
              ],
              [
                281664.4234118966,
                6243073.074201512
              ]
            ],
            [
              [
                281618.28388254746,
                6243084.2962630475
              ],
              [
                281617.6267627292,
                6243115.641642807
              ],
              [
                281622.4605533185,
                6243115.819544238
              ],
              [
                281622.8708663845,
                6243119.291300261
              ],
              [
                281643.6995968957,
                6243125.44157711
              ],
              [
                281650.98789018963,
                6243102.582843943
              ],
              [
                281646.95411027,
                6243102.612029364
              ],
              [
                281647.04763264814,
                6243084.8920567455
              ],
              [
                281618.28388254746,
                6243084.2962630475
              ]
            ]
          ]
        },
        "plus_code": "CPXHX5XJ+XQR",
        "ground_height": 62.25,
        "building_height": 6.9,
        "roof_height": 69.15
      },
      "geometry": {
        "type": "Polygon",
        "coordinates": [
          [
            [
              281638.5907315959,
              6243019.912230501
            ],
            [
              281654.8282264289,
              6243020.164065941
            ],
            [
              281654.67504384107,
              6243029.22689927
            ],
            [
              281652.6318383657,
              6243029.179851621
            ],
            [
              281652.53632428555,
              6243045.379471566
            ],
            [
              281700.01451032184,
              6243046.716740372
            ],
            [
              281699.7729629042,
              6243057.209066644
            ],
            [
              281679.22761041444,
              6243056.835937592
            ],
            [
              281679.15942951,
              6243059.797302563
            ],
            [
              281682.00110939774,
              6243060.117961524
            ],
            [
              281681.55088813254,
              6243085.298088717
            ],
            [
              281662.8262913673,
              6243084.989042057
            ],
            [
              281662.0293677439,
              6243092.683201516
            ],
            [
              281658.1642724471,
              6243104.268392781
            ],
            [
              281673.4798429264,
              6243109.614736496
            ],
            [
              281672.955620818,
              6243111.089682842
            ],
            [
              281683.8489085073,
              6243114.858271534
            ],
            [
              281679.40148127906,
              6243127.229056529
            ],
            [
              281680.0800207615,
              6243127.488815375
            ],
            [
              281673.61446094874,
              6243147.159436924
            ],
            [
              281661.24539988476,
              6243142.802003324
            ],
            [
              281667.14845516457,
              6243126.270023111
            ],
            [
              281657.3605168271,
              6243122.7044210145
            ],
            [
              281652.03474544303,
              6243139.072134571
            ],
            [
              281655.10794228036,
              6243140.186027226
            ],
            [
              281653.566167107,
              6243145.277403292
            ],
            [
              281641.0797352175,
              6243140.795171564
            ],
            [
              281641.21422740014,
              6243140.176828899
            ],
            [
              281600.84086930426,
              6243126.341099306
            ],
            [
              281604.75926524797,
              6243115.256524768
            ],
            [
              281614.49523385684,
              6243118.266129323
            ],
            [
              281614.35927545675,
              6243113.324771652
            ],
            [
              281607.2881094126,
              6243113.095338114
            ],
            [
              281607.520202038,
              6243089.763399567
            ],
            [
              281600.699954664,
              6243089.4842529595
            ],
            [
              281600.60467250244,
              6243093.621291688
            ],
            [
              281580.3943605921,
              6243093.155796781
            ],
            [
              281580.9532439718,
              6243074.514374443
            ],
            [
              281588.0166694917,
              6243074.677068619
            ],
            [
              281588.0406831482,
              6243073.634490433
            ],
            [
              281593.8624248194,
              6243073.890649125
            ],
            [
              281593.8412218382,
              6243074.811223464
            ],
            [
              281600.7872678613,
              6243074.849136051
            ],
            [
              281600.76513235836,
              6243078.621653922
            ],
            [
              281605.04725022934,
              6243078.653694047
            ],
            [
              281605.11332048324,
              6243072.973480093
            ],
            [
              281647.45968706365,
              6243073.826603066
            ],
            [
              281647.5294099115,
              6243070.798690342
            ],
            [
              281652.11202120467,
              6243071.037377333
            ],
            [
              281652.221583472,
              6243066.27922881
            ],
            [
              281656.12954028783,
              6243066.491282098
            ],
            [
              281656.1520605031,
              6243059.88900489
            ],
            [
              281639.4720002363,
              6243059.571499828
            ],
            [
              281639.55015436193,
              6243056.177575534
            ],
            [
              281636.88623071817,
              6243056.171716902
            ],
            [
              281637.131934347,
              6243045.501928588
            ],
            [
              281640.04726567207,
              6243045.435896754
            ],
            [
              281640.49126137514,
              6243028.966871684
            ],
            [
              281638.26315031725,
              6243028.9155629715
            ],
            [
              281638.5907315959,
              6243019.912230501
            ]
          ],
          [
            [
              281664.4234118966,
              6243073.074201512
            ],
            [
              281668.37964096636,
              6243073.198583921
            ],
            [
              281668.7621434307,
              6243060.201549124
            ],
            [
              281670.07472110284,
              6243060.242867686
            ],
            [
              281670.17881256924,
              6243056.927221088
            ],
            [
              281663.0517078127,
              6243056.718732319
            ],
            [
              281662.6267528073,
              6243071.157417607
            ],
            [
              281664.4755602509,
              6243071.2110835705
            ],
            [
              281664.4234118966,
              6243073.074201512
            ]
          ],
          [
            [
              281618.28388254746,
              6243084.2962630475
            ],
            [
              281617.6267627292,
              6243115.641642807
            ],
            [
              281622.4605533185,
              6243115.819544238
            ],
            [
              281622.8708663845,
              6243119.291300261
            ],
            [
              281643.6995968957,
              6243125.44157711
            ],
            [
              281650.98789018963,
              6243102.582843943
            ],
            [
              281646.95411027,
              6243102.612029364
            ],
            [
              281647.04763264814,
              6243084.8920567455
            ],
            [
              281618.28388254746,
              6243084.2962630475
            ]
          ]
        ]
      }
    },
    {
      "type": "Feature",
      "properties": {
        "osm_id": "12405081",
        "address": "Freedom Square Residence Bellville 7530 Cape Town",
        "building": "dormitory",
        "building:levels": "4",
        "beds": "390",
        "residential": "university",
        "footprint": {
          "type": "Polygon",
          "coordinates": [
            [
              [
                282127.10830401327,
                6242615.795905082
              ],
              [
                282024.30031540466,
                6242598.374066645
              ],
              [
                282033.0286513285,
                6242547.827639146
              ],
              [
                282074.0483213987,
                6242555.18472846
              ],
              [
                282075.6059036532,
                6242546.575882744
              ],
              [
                282081.9063904778,
                6242547.719441448
              ],
              [
                282080.3490688572,
                6242556.317196658
              ],
              [
                282088.50521653565,
                6242557.614373906
              ],
              [
                282089.9596310946,
                6242549.46923409
              ],
              [
                282095.4979020839,
                6242550.373322457
              ],
              [
                282093.98623909627,
                6242558.59482674
              ],
              [
                282135.70444140595,
                6242565.745755604
              ],
              [
                282127.10830401327,
                6242615.795905082
              ]
            ],
            [
              [
                282067.3197951393,
                6242592.782431125
              ],
              [
                282071.92638634157,
                6242567.420453586
              ],
              [
                282043.2010419562,
                6242562.410063989
              ],
              [
                282039.0769554219,
                6242588.104941938
              ],
              [
                282067.3197951393,
                6242592.782431125
              ]
            ],
            [
              [
                282116.79068139277,
                6242601.48767508
              ],
              [
                282121.16442219156,
                6242575.787419161
              ],
              [
                282092.83816099423,
                6242571.119267851
              ],
              [
                282088.0177198526,
                6242596.5318218
              ],
              [
                282116.79068139277,
                6242601.48767508
              ]
            ]
          ]
        },
        "plus_code": "C3X2X2XP+XFX",
        "ground_height": 61.73,
        "building_height": 12.5,
        "roof_height": 74.23
      },
      "geometry": {
        "type": "Polygon",
        "coordinates": [
          [
            [
              282127.10830401327,
              6242615.795905082
            ],
            [
              282024.30031540466,
              6242598.374066645
            ],
            [
              282033.0286513285,
              6242547.827639146
            ],
            [
              282074.0483213987,
              6242555.18472846
            ],
            [
              282075.6059036532,
              6242546.575882744
            ],
            [
              282081.9063904778,
              6242547.719441448
            ],
            [
              282080.3490688572,
              6242556.317196658
            ],
            [
              282088.50521653565,
              6242557.614373906
            ],
            [
              282089.9596310946,
              6242549.46923409
            ],
            [
              282095.4979020839,
              6242550.373322457
            ],
            [
              282093.98623909627,
              6242558.59482674
            ],
            [
              282135.70444140595,
              6242565.745755604
            ],
            [
              282127.10830401327,
              6242615.795905082
            ]
          ],
          [
            [
              282067.3197951393,
              6242592.782431125
            ],
            [
              282071.92638634157,
              6242567.420453586
            ],
            [
              282043.2010419562,
              6242562.410063989
            ],
            [
              282039.0769554219,
              6242588.104941938
            ],
            [
              282067.3197951393,
              6242592.782431125
            ]
          ],
          [
            [
              282116.79068139277,
              6242601.48767508
            ],
            [
              282121.16442219156,
              6242575.787419161
            ],
            [
              282092.83816099423,
              6242571.119267851
            ],
            [
              282088.0177198526,
              6242596.5318218
            ],
            [
              282116.79068139277,
              6242601.48767508
            ]
          ]
        ]
      }
    },
    {
      "type": "Feature",
      "properties": {
        "osm_id": "12442311",
        "address": "Electrical Engineering Bellville Cape Town",
        "building": "university",
        "building:levels": "3",
        "footprint": {
          "type": "Polygon",
          "coordinates": [
            [
              [
                282139.89087284997,
                6242846.487628395
              ],
              [
                282139.4109508711,
                6242849.661468544
              ],
              [
                282133.0722456811,
                6242884.79349968
              ],
              [
                282119.4936329692,
                6242882.361948279
              ],
              [
                282119.20451180765,
                6242884.075355078
              ],
              [
                282104.3333713474,
                6242881.536401559
              ],
              [
                282104.6122305782,
                6242879.867147593
              ],
              [
                282091.09528631385,
                6242877.570136912
              ],
              [
                282098.8940425804,
                6242833.249984218
              ],
              [
                282112.39862027665,
                6242835.679869514
              ],
              [
                282111.4483037526,
                6242840.807086285
              ],
              [
                282125.4765500662,
                6242843.39324791
              ],
              [
                282126.5748943563,
                6242837.45934344
              ],
              [
                282141.0466463814,
                6242840.066770138
              ],
              [
                282139.89087284997,
                6242846.487628395
              ]
            ],
            [
              [
                282107.4527682505,
                6242866.54931987
              ],
              [
                282120.97665016924,
                6242868.946341504
              ],
              [
                282123.34464420227,
                6242855.662040766
              ],
              [
                282109.8205263006,
                6242853.276112776
              ],
              [
                282107.4527682505,
                6242866.54931987
              ]
            ]
          ]
        },
        "plus_code": "C5XFXVX6+X3W",
        "ground_height": 63.28,
        "building_height": 9.7,
        "roof_height": 72.98
      },
      "geometry": {
        "type": "Polygon",
        "coordinates": [
          [
            [
              282139.89087284997,
              6242846.487628395
            ],
            [
              282139.4109508711,
              6242849.661468544
            ],
            [
              282133.0722456811,
              6242884.79349968
            ],
            [
              282119.4936329692,
              6242882.361948279
            ],
            [
              282119.20451180765,
              6242884.075355078
            ],
            [
              282104.3333713474,
              6242881.536401559
            ],
            [
              282104.6122305782,
              6242879.867147593
            ],
            [
              282091.09528631385,
              6242877.570136912
            ],
            [
              282098.8940425804,
              6242833.249984218
            ],
            [
              282112.39862027665,
              6242835.679869514
            ],
            [
              282111.4483037526,
              6242840.807086285
            ],
            [
              282125.4765500662,
              6242843.39324791
            ],
            [
              282126.5748943563,
              6242837.45934344
            ],
            [
              282141.0466463814,
              6242840.066770138
            ],
            [
              282139.89087284997,
              6242846.487628395
            ]
          ],
          [
            [
              282107.4527682505,
              6242866.54931987
            ],
            [
              282120.97665016924,
              6242868.946341504
            ],
            [
              282123.34464420227,
              6242855.662040766
            ],
            [
              282109.8205263006,
              6242853.276112776
            ],
            [
              282107.4527682505,
              6242866.54931987
            ]
          ]
        ]
      }
    },
    {
      "type": "Feature",
      "properties": {
        "osm_id": "12445159",
        "address": "Civil Engineering and Geomatics Bellville 7530 Cape Town",
        "building": "university",
        "building:levels": "3",
        "footprint": {
          "type": "Polygon",
          "coordinates": [
            [
              [
                282164.16207909246,
                6242969.723649222
              ],
              [
                282155.87868199905,
                6242968.312670249
              ],
              [
                282154.9815608368,
                6242973.540985458
              ],
              [
                282126.3992974761,
                6242968.689590896
              ],
              [
                282134.1748849093,
                6242923.359054324
              ],
              [
                282144.10777035827,
                6242925.040992462
              ],
              [
                282144.32095909386,
                6242923.814112905
              ],
              [
                282154.12466878677,
                6242925.481975434
              ],
              [
                282154.02795724367,
                6242926.06789959
              ],
              [
                282170.1249590911,
                6242928.801386958
              ],
              [
                282171.6931828163,
                6242919.726699204
              ],
              [
                282190.3236738569,
                6242922.906751614
              ],
              [
                282190.64332045836,
                6242921.071976792
              ],
              [
                282197.6829153636,
                6242922.265707752
              ],
              [
                282197.42536487046,
                6242923.813384671
              ],
              [
                282214.3108290449,
                6242926.8534317855
              ],
              [
                282205.22207505105,
                6242980.64311787
              ],
              [
                282190.7927539672,
                6242978.192140482
              ],
              [
                282190.44952078676,
                6242980.248315311
              ],
              [
                282178.61868556874,
                6242978.234307711
              ],
              [
                282178.9498735148,
                6242976.299924436
              ],
              [
                282163.4886684068,
                6242973.669841337
              ],
              [
                282164.16207909246,
                6242969.723649222
              ]
            ],
            [
              [
                282166.68953533913,
                6242941.04023962
              ],
              [
                282162.04577147804,
                6242940.24553737
              ],
              [
                282159.2594919081,
                6242956.4387697205
              ],
              [
                282163.9032636847,
                6242957.233472928
              ],
              [
                282166.68953533913,
                6242941.04023962
              ]
            ]
          ]
        },
        "plus_code": "C8X9XXXQ+XGR",
        "ground_height": 63.75,
        "building_height": 9.7,
        "roof_height": 73.45
      },
      "geometry": {
        "type": "Polygon",
        "coordinates": [
          [
            [
              282164.16207909246,
              6242969.723649222
            ],
            [
              282155.87868199905,
              6242968.312670249
            ],
            [
              282154.9815608368,
              6242973.540985458
            ],
            [
              282126.3992974761,
              6242968.689590896
            ],
            [
              282134.1748849093,
              6242923.359054324
            ],
            [
              282144.10777035827,
              6242925.040992462
            ],
            [
              282144.32095909386,
              6242923.814112905
            ],
            [
              282154.12466878677,
              6242925.481975434
            ],
            [
              282154.02795724367,
              6242926.06789959
            ],
            [
              282170.1249590911,
              6242928.801386958
            ],
            [
              282171.6931828163,
              6242919.726699204
            ],
            [
              282190.3236738569,
              6242922.906751614
            ],
            [
              282190.64332045836,
              6242921.071976792
            ],
            [
              282197.6829153636,
              6242922.265707752
            ],
            [
              282197.42536487046,
              6242923.813384671
            ],
            [
              282214.3108290449,
              6242926.8534317855
            ],
            [
              282205.22207505105,
              6242980.64311787
            ],
            [
              282190.7927539672,
              6242978.192140482
            ],
            [
              282190.44952078676,
              6242980.248315311
            ],
            [
              282178.61868556874,
              6242978.234307711
            ],
            [
              282178.9498735148,
              6242976.299924436
            ],
            [
              282163.4886684068,
              6242973.669841337
            ],
            [
              282164.16207909246,
              6242969.723649222
            ]
          ],
          [
            [
              282166.68953533913,
              6242941.04023962
            ],
            [
              282162.04577147804,
              6242940.24553737
            ],
            [
              282159.2594919081,
              6242956.4387697205
            ],
            [
              282163.9032636847,
              6242957.233472928
            ],
            [
              282166.68953533913,
              6242941.04023962
            ]
          ]
        ]
      }
    },
    {
      "type": "Feature",
      "properties": {
        "osm_id": "13076003",
        "address": "Food Technology Bellville Cape Town",
        "building": "university",
        "building:levels": "2",
        "footprint": {
          "type": "Polygon",
          "coordinates": [
            [
              [
                281649.27331050124,
                6242845.234026163
              ],
              [
                281709.4579356859,
                6242855.097995117
              ],
              [
                281710.3132131306,
                6242850.090683059
              ],
              [
                281716.9194776686,
                6242851.219316808
              ],
              [
                281716.2258602502,
                6242855.231608714
              ],
              [
                281720.20646668895,
                6242855.900297006
              ],
              [
                281707.2418581225,
                6242932.072186552
              ],
              [
                281703.03085638466,
                6242931.364899654
              ],
              [
                281702.44219406415,
                6242934.835847588
              ],
              [
                281696.4524894849,
                6242933.843471429
              ],
              [
                281694.6400128034,
                6242944.2663412765
              ],
              [
                281674.0385090842,
                6242940.718109123
              ],
              [
                281674.7100816562,
                6242936.860671415
              ],
              [
                281670.2322457359,
                6242936.09174045
              ],
              [
                281667.26802946953,
                6242953.146370087
              ],
              [
                281682.3138551074,
                6242955.734417918
              ],
              [
                281681.17267621786,
                6242962.310939011
              ],
              [
                281633.6765894054,
                6242954.137294337
              ],
              [
                281635.4462792326,
                6242943.968680081
              ],
              [
                281665.74052572134,
                6242949.182811873
              ],
              [
                281668.14043334965,
                6242935.344455831
              ],
              [
                281648.54310375825,
                6242931.974647842
              ],
              [
                281646.6230530643,
                6242943.049766434
              ],
              [
                281638.89290190744,
                6242941.717652367
              ],
              [
                281640.8237392809,
                6242930.576200232
              ],
              [
                281648.3327632964,
                6242931.869929938
              ],
              [
                281649.9423038354,
                6242922.629785852
              ],
              [
                281645.979906669,
                6242921.972586369
              ],
              [
                281646.5247128184,
                6242918.800253232
              ],
              [
                281643.17071045726,
                6242918.2347425185
              ],
              [
                281647.25813618564,
                6242894.181493124
              ],
              [
                281701.52122302086,
                6242903.320977422
              ],
              [
                281702.1414504793,
                6242899.684299166
              ],
              [
                281697.9122286081,
                6242898.965492269
              ],
              [
                281698.65100703586,
                6242894.599132585
              ],
              [
                281703.21203064313,
                6242895.369966654
              ],
              [
                281703.618755838,
                6242892.971252127
              ],
              [
                281702.6236004025,
                6242892.804078665
              ],
              [
                281702.83710191876,
                6242891.566114857
              ],
              [
                281687.2934159591,
                6242888.911143772
              ],
              [
                281686.78070095414,
                6242891.895565819
              ],
              [
                281670.68460726563,
                6242889.127974395
              ],
              [
                281671.18654989277,
                6242886.209887624
              ],
              [
                281646.2909958883,
                6242881.9523679055
              ],
              [
                281648.1171082009,
                6242871.341165798
              ],
              [
                281651.11155583756,
                6242871.8540076725
              ],
              [
                281653.6774311295,
                6242856.432584317
              ],
              [
                281647.6366510057,
                6242855.250345703
              ],
              [
                281649.27331050124,
                6242845.234026163
              ]
            ],
            [
              [
                281699.4086904249,
                6242877.760028073
              ],
              [
                281701.615572118,
                6242865.071324983
              ],
              [
                281662.4396954685,
                6242858.3322176505
              ],
              [
                281660.1896514394,
                6242871.286252972
              ],
              [
                281673.650546342,
                6242873.604788497
              ],
              [
                281673.94797233096,
                6242871.935969086
              ],
              [
                281690.2096830349,
                6242874.740661679
              ],
              [
                281689.9648695757,
                6242876.133264318
              ],
              [
                281699.4086904249,
                6242877.760028073
              ]
            ]
          ]
        },
        "plus_code": "CRXVXMX2+XRV",
        "ground_height": 61.01,
        "building_height": 6.9,
        "roof_height": 67.91
      },
      "geometry": {
        "type": "Polygon",
        "coordinates": [
          [
            [
              281649.27331050124,
              6242845.234026163
            ],
            [
              281709.4579356859,
              6242855.097995117
            ],
            [
              281710.3132131306,
              6242850.090683059
            ],
            [
              281716.9194776686,
              6242851.219316808
            ],
            [
              281716.2258602502,
              6242855.231608714
            ],
            [
              281720.20646668895,
              6242855.900297006
            ],
            [
              281707.2418581225,
              6242932.072186552
            ],
            [
              281703.03085638466,
              6242931.364899654
            ],
            [
              281702.44219406415,
              6242934.835847588
            ],
            [
              281696.4524894849,
              6242933.843471429
            ],
            [
              281694.6400128034,
              6242944.2663412765
            ],
            [
              281674.0385090842,
              6242940.718109123
            ],
            [
              281674.7100816562,
              6242936.860671415
            ],
            [
              281670.2322457359,
              6242936.09174045
            ],
            [
              281667.26802946953,
              6242953.146370087
            ],
            [
              281682.3138551074,
              6242955.734417918
            ],
            [
              281681.17267621786,
              6242962.310939011
            ],
            [
              281633.6765894054,
              6242954.137294337
            ],
            [
              281635.4462792326,
              6242943.968680081
            ],
            [
              281665.74052572134,
              6242949.182811873
            ],
            [
              281668.14043334965,
              6242935.344455831
            ],
            [
              281648.54310375825,
              6242931.974647842
            ],
            [
              281646.6230530643,
              6242943.049766434
            ],
            [
              281638.89290190744,
              6242941.717652367
            ],
            [
              281640.8237392809,
              6242930.576200232
            ],
            [
              281648.3327632964,
              6242931.869929938
            ],
            [
              281649.9423038354,
              6242922.629785852
            ],
            [
              281645.979906669,
              6242921.972586369
            ],
            [
              281646.5247128184,
              6242918.800253232
            ],
            [
              281643.17071045726,
              6242918.2347425185
            ],
            [
              281647.25813618564,
              6242894.181493124
            ],
            [
              281701.52122302086,
              6242903.320977422
            ],
            [
              281702.1414504793,
              6242899.684299166
            ],
            [
              281697.9122286081,
              6242898.965492269
            ],
            [
              281698.65100703586,
              6242894.599132585
            ],
            [
              281703.21203064313,
              6242895.369966654
            ],
            [
              281703.618755838,
              6242892.971252127
            ],
            [
              281702.6236004025,
              6242892.804078665
            ],
            [
              281702.83710191876,
              6242891.566114857
            ],
            [
              281687.2934159591,
              6242888.911143772
            ],
            [
              281686.78070095414,
              6242891.895565819
            ],
            [
              281670.68460726563,
              6242889.127974395
            ],
            [
              281671.18654989277,
              6242886.209887624
            ],
            [
              281646.2909958883,
              6242881.9523679055
            ],
            [
              281648.1171082009,
              6242871.341165798
            ],
            [
              281651.11155583756,
              6242871.8540076725
            ],
            [
              281653.6774311295,
              6242856.432584317
            ],
            [
              281647.6366510057,
              6242855.250345703
            ],
            [
              281649.27331050124,
              6242845.234026163
            ]
          ],
          [
            [
              281699.4086904249,
              6242877.760028073
            ],
            [
              281701.615572118,
              6242865.071324983
            ],
            [
              281662.4396954685,
              6242858.3322176505
            ],
            [
              281660.1896514394,
              6242871.286252972
            ],
            [
              281673.650546342,
              6242873.604788497
            ],
            [
              281673.94797233096,
              6242871.935969086
            ],
            [
              281690.2096830349,
              6242874.740661679
            ],
            [
              281689.9648695757,
              6242876.133264318
            ],
            [
              281699.4086904249,
              6242877.760028073
            ]
          ]
        ]
      }
    },
    {
      "type": "Feature",
      "properties": {
        "osm_id": "14252583",
        "address": "Education Building Bellville Cape Town",
        "building": "university",
        "building:levels": "1",
        "footprint": {
          "type": "Polygon",
          "coordinates": [
            [
              [
                281726.1656069412,
                6242609.503511902
              ],
              [
                281725.75812663906,
                6242611.935501225
              ],
              [
                281722.5336598428,
                6242611.372992752
              ],
              [
                281722.2891095542,
                6242612.754504897
              ],
              [
                281710.7145875265,
                6242610.878939228
              ],
              [
                281715.5937147754,
                6242582.560402877
              ],
              [
                281707.67921507894,
                6242581.212981548
              ],
              [
                281709.2062853018,
                6242572.337137553
              ],
              [
                281720.8706542003,
                6242574.325748589
              ],
              [
                281722.9630153648,
                6242562.189261886
              ],
              [
                281729.62429074186,
                6242563.330265649
              ],
              [
                281732.3997191301,
                6242547.236727691
              ],
              [
                281823.28157677606,
                6242562.756088834
              ],
              [
                281820.62228864356,
                6242578.230875243
              ],
              [
                281784.49611492385,
                6242572.061738139
              ],
              [
                281780.79215013597,
                6242593.538217176
              ],
              [
                281817.0295989335,
                6242599.698825883
              ],
              [
                281814.35518063506,
                6242615.428496929
              ],
              [
                281817.1931543903,
                6242615.904399715
              ],
              [
                281815.75908617943,
                6242624.3607027605
              ],
              [
                281802.75822157454,
                6242622.163902417
              ],
              [
                281804.22386472125,
                6242613.541870165
              ],
              [
                281733.53398154397,
                6242601.62771935
              ],
              [
                281732.2173631487,
                6242609.398696646
              ],
              [
                281726.34549511067,
                6242608.5200080145
              ],
              [
                281726.1656069412,
                6242609.503511902
              ]
            ],
            [
              [
                281730.62919557444,
                6242585.170374281
              ],
              [
                281774.0386566068,
                6242592.38403162
              ],
              [
                281777.78625338885,
                6242570.620032862
              ],
              [
                281739.6978729933,
                6242564.10593429
              ],
              [
                281739.3671113256,
                6242566.018124644
              ],
              [
                281734.0877044644,
                6242565.119786408
              ],
              [
                281730.62919557444,
                6242585.170374281
              ]
            ]
          ]
        },
        "plus_code": "C3XMXCXH+X8R",
        "ground_height": 59.64,
        "building_height": 4.1,
        "roof_height": 63.74
      },
      "geometry": {
        "type": "Polygon",
        "coordinates": [
          [
            [
              281726.1656069412,
              6242609.503511902
            ],
            [
              281725.75812663906,
              6242611.935501225
            ],
            [
              281722.5336598428,
              6242611.372992752
            ],
            [
              281722.2891095542,
              6242612.754504897
            ],
            [
              281710.7145875265,
              6242610.878939228
            ],
            [
              281715.5937147754,
              6242582.560402877
            ],
            [
              281707.67921507894,
              6242581.212981548
            ],
            [
              281709.2062853018,
              6242572.337137553
            ],
            [
              281720.8706542003,
              6242574.325748589
            ],
            [
              281722.9630153648,
              6242562.189261886
            ],
            [
              281729.62429074186,
              6242563.330265649
            ],
            [
              281732.3997191301,
              6242547.236727691
            ],
            [
              281823.28157677606,
              6242562.756088834
            ],
            [
              281820.62228864356,
              6242578.230875243
            ],
            [
              281784.49611492385,
              6242572.061738139
            ],
            [
              281780.79215013597,
              6242593.538217176
            ],
            [
              281817.0295989335,
              6242599.698825883
            ],
            [
              281814.35518063506,
              6242615.428496929
            ],
            [
              281817.1931543903,
              6242615.904399715
            ],
            [
              281815.75908617943,
              6242624.3607027605
            ],
            [
              281802.75822157454,
              6242622.163902417
            ],
            [
              281804.22386472125,
              6242613.541870165
            ],
            [
              281733.53398154397,
              6242601.62771935
            ],
            [
              281732.2173631487,
              6242609.398696646
            ],
            [
              281726.34549511067,
              6242608.5200080145
            ],
            [
              281726.1656069412,
              6242609.503511902
            ]
          ],
          [
            [
              281730.62919557444,
              6242585.170374281
            ],
            [
              281774.0386566068,
              6242592.38403162
            ],
            [
              281777.78625338885,
              6242570.620032862
            ],
            [
              281739.6978729933,
              6242564.10593429
            ],
            [
              281739.3671113256,
              6242566.018124644
            ],
            [
              281734.0877044644,
              6242565.119786408
            ],
            [
              281730.62919557444,
              6242585.170374281
            ]
          ]
        ]
      }
    },
    {
      "type": "Feature",
      "properties": {
        "osm_id": "897473388",
        "address": "Construction Engineering Bellville 7530 Cape Town",
        "building": "university",
        "building:levels": "3",
        "footprint": {
          "type": "Polygon",
          "coordinates": [
            [
              [
                282031.1943989474,
                6242903.636481158
              ],
              [
                282032.0282117103,
                6242898.75072749
              ],
              [
                282044.1080373204,
                6242900.792844959
              ],
              [
                282044.3435533424,
                6242899.400023326
              ],
              [
                282063.47219702165,
                6242902.636169588
              ],
              [
                282063.10866235226,
                6242904.769555017
              ],
              [
                282076.0177575037,
                6242906.9527590405
              ],
              [
                282067.54900259944,
                6242956.672887013
              ],
              [
                282054.40022995137,
                6242954.4508762695
              ],
              [
                282054.04644741095,
                6242956.56229141
              ],
              [
                282035.8761345366,
                6242953.48132841
              ],
              [
                282036.2932956667,
                6242951.027360257
              ],
              [
                282023.47634157166,
                6242948.857321434
              ],
              [
                282031.1943989474,
                6242903.636481158
              ]
            ]
          ]
        },
        "plus_code": "CVXFXQX2+X7V",
        "ground_height": 63.15,
        "building_height": 9.7,
        "roof_height": 72.85
      },
      "geometry": {
        "type": "Polygon",
        "coordinates": [
          [
            [
              282031.1943989474,
              6242903.636481158
            ],
            [
              282032.0282117103,
              6242898.75072749
            ],
            [
              282044.1080373204,
              6242900.792844959
            ],
            [
              282044.3435533424,
              6242899.400023326
            ],
            [
              282063.47219702165,
              6242902.636169588
            ],
            [
              282063.10866235226,
              6242904.769555017
            ],
            [
              282076.0177575037,
              6242906.9527590405
            ],
            [
              282067.54900259944,
              6242956.672887013
            ],
            [
              282054.40022995137,
              6242954.4508762695
            ],
            [
              282054.04644741095,
              6242956.56229141
            ],
            [
              282035.8761345366,
              6242953.48132841
            ],
            [
              282036.2932956667,
              6242951.027360257
            ],
            [
              282023.47634157166,
              6242948.857321434
            ],
            [
              282031.1943989474,
              6242903.636481158
            ]
          ]
        ]
      }
    },
    {
      "type": "Feature",
      "properties": {
        "osm_id": "897473390",
        "address": "Major Sport Hall Bellville 7530 Cape Town",
        "building": "university",
        "building:levels": "3",
        "footprint": {
          "type": "Polygon",
          "coordinates": [
            [
              [
                281966.4516893375,
                6242914.576746501
              ],
              [
                281960.775807362,
                6242913.613948319
              ],
              [
                281957.696971923,
                6242931.653637473
              ],
              [
                281950.767818787,
                6242930.484461019
              ],
              [
                281950.22311524116,
                6242933.656806444
              ],
              [
                281928.78180115065,
                6242930.023236749
              ],
              [
                281929.3809001554,
                6242926.497035346
              ],
              [
                281920.9861090167,
                6242925.105478605
              ],
              [
                281922.1121987075,
                6242918.37323425
              ],
              [
                281919.5597095204,
                6242917.948324475
              ],
              [
                281926.0197427046,
                6242879.989403667
              ],
              [
                281929.1433781479,
                6242880.516224925
              ],
              [
                281930.22865312116,
                6242873.949497985
              ],
              [
                281937.78464484296,
                6242875.210788388
              ],
              [
                281938.31985096657,
                6242872.049322009
              ],
              [
                281959.83161593694,
                6242875.429266363
              ],
              [
                281959.01217591995,
                6242880.492900785
              ],
              [
                281966.08073439146,
                6242881.631988175
              ],
              [
                281965.73094981734,
                6242884.775524905
              ],
              [
                281965.1162444883,
                6242888.578796594
              ],
              [
                281962.68942758953,
                6242901.5953907985
              ],
              [
                281968.49422418827,
                6242902.583346887
              ],
              [
                281966.4516893375,
                6242914.576746501
              ]
            ]
          ]
        },
        "plus_code": "CJX6X9XW+X5W",
        "ground_height": 62.44,
        "building_height": 9.7,
        "roof_height": 72.14
      },
      "geometry": {
        "type": "Polygon",
        "coordinates": [
          [
            [
              281966.4516893375,
              6242914.576746501
            ],
            [
              281960.775807362,
              6242913.613948319
            ],
            [
              281957.696971923,
              6242931.653637473
            ],
            [
              281950.767818787,
              6242930.484461019
            ],
            [
              281950.22311524116,
              6242933.656806444
            ],
            [
              281928.78180115065,
              6242930.023236749
            ],
            [
              281929.3809001554,
              6242926.497035346
            ],
            [
              281920.9861090167,
              6242925.105478605
            ],
            [
              281922.1121987075,
              6242918.37323425
            ],
            [
              281919.5597095204,
              6242917.948324475
            ],
            [
              281926.0197427046,
              6242879.989403667
            ],
            [
              281929.1433781479,
              6242880.516224925
            ],
            [
              281930.22865312116,
              6242873.949497985
            ],
            [
              281937.78464484296,
              6242875.210788388
            ],
            [
              281938.31985096657,
              6242872.049322009
            ],
            [
              281959.83161593694,
              6242875.429266363
            ],
            [
              281959.01217591995,
              6242880.492900785
            ],
            [
              281966.08073439146,
              6242881.631988175
            ],
            [
              281965.73094981734,
              6242884.775524905
            ],
            [
              281965.1162444883,
              6242888.578796594
            ],
            [
              281962.68942758953,
              6242901.5953907985
            ],
            [
              281968.49422418827,
              6242902.583346887
            ],
            [
              281966.4516893375,
              6242914.576746501
            ]
          ]
        ]
      }
    },
    {
      "type": "Feature",
      "properties": {
        "osm_id": "897473391",
        "address": "CPUT Athletics Stadium",
        "building": "grandstand",
        "building:levels": "2",
        "footprint": {
          "type": "Polygon",
          "coordinates": [
            [
              [
                282262.6972197346,
                6242943.389601336
              ],
              [
                282255.4819462936,
                6242942.191886101
              ],
              [
                282254.83936669794,
                6242946.005624885
              ],
              [
                282251.1717628594,
                6242945.399839392
              ],
              [
                282253.60483320185,
                6242930.885237689
              ],
              [
                282247.07167328347,
                6242929.791955953
              ],
              [
                282250.7378258754,
                6242907.903914582
              ],
              [
                282256.9669003454,
                6242908.94582363
              ],
              [
                282259.4004671938,
                6242894.409038141
              ],
              [
                282263.399601917,
                6242895.077920362
              ],
              [
                282262.6803406145,
                6242899.411461713
              ],
              [
                282269.85885575286,
                6242900.597232748
              ],
              [
                282262.6972197346,
                6242943.389601336
              ]
            ]
          ]
        },
        "plus_code": "CFXVXQX8+XXR",
        "ground_height": 63.76,
        "building_height": 6.9,
        "roof_height": 70.66
      },
      "geometry": {
        "type": "Polygon",
        "coordinates": [
          [
            [
              282262.6972197346,
              6242943.389601336
            ],
            [
              282255.4819462936,
              6242942.191886101
            ],
            [
              282254.83936669794,
              6242946.005624885
            ],
            [
              282251.1717628594,
              6242945.399839392
            ],
            [
              282253.60483320185,
              6242930.885237689
            ],
            [
              282247.07167328347,
              6242929.791955953
            ],
            [
              282250.7378258754,
              6242907.903914582
            ],
            [
              282256.9669003454,
              6242908.94582363
            ],
            [
              282259.4004671938,
              6242894.409038141
            ],
            [
              282263.399601917,
              6242895.077920362
            ],
            [
              282262.6803406145,
              6242899.411461713
            ],
            [
              282269.85885575286,
              6242900.597232748
            ],
            [
              282262.6972197346,
              6242943.389601336
            ]
          ]
        ]
      }
    },
    {
      "type": "Feature",
      "properties": {
        "osm_id": "897473393",
        "address": "Electrical, Electronic and Computer Engineering (Block B) Bellville 7530 Cape Town",
        "building": "university",
        "building:levels": "3",
        "footprint": {
          "type": "Polygon",
          "coordinates": [
            [
              [
                282209.5802252634,
                6242823.120137433
              ],
              [
                282203.9126109282,
                6242822.202060352
              ],
              [
                282188.1157051302,
                6242819.297957346
              ],
              [
                282195.9695243866,
                6242775.378517951
              ],
              [
                282243.88311592804,
                6242783.86969262
              ],
              [
                282236.03876297944,
                6242827.789372599
              ],
              [
                282209.5802252634,
                6242823.120137433
              ]
            ]
          ]
        },
        "plus_code": "C9XRX2X2+XGW",
        "ground_height": 63.09,
        "building_height": 9.7,
        "roof_height": 72.79
      },
      "geometry": {
        "type": "Polygon",
        "coordinates": [
          [
            [
              282209.5802252634,
              6242823.120137433
            ],
            [
              282203.9126109282,
              6242822.202060352
            ],
            [
              282188.1157051302,
              6242819.297957346
            ],
            [
              282195.9695243866,
              6242775.378517951
            ],
            [
              282243.88311592804,
              6242783.86969262
            ],
            [
              282236.03876297944,
              6242827.789372599
            ],
            [
              282209.5802252634,
              6242823.120137433
            ]
          ]
        ]
      }
    },
    {
      "type": "Feature",
      "properties": {
        "osm_id": "897473395",
        "address": "Electrical Engineering Bellville 7530 Cape Town",
        "building": "university",
        "building:levels": "3",
        "footprint": {
          "type": "Polygon",
          "coordinates": [
            [
              [
                282146.0339503087,
                6242850.867864512
              ],
              [
                282146.58783064823,
                6242847.69572345
              ],
              [
                282147.1529944319,
                6242844.4350648355
              ],
              [
                282150.00902751787,
                6242844.933470918
              ],
              [
                282152.4092283846,
                6242831.0506625725
              ],
              [
                282175.369428181,
                6242834.9960593395
              ],
              [
                282172.9371940484,
                6242849.06678571
              ],
              [
                282175.7565038366,
                6242849.55324311
              ],
              [
                282170.1893590861,
                6242881.706798162
              ],
              [
                282141.5534306191,
                6242876.787613204
              ],
              [
                282146.0339503087,
                6242850.867864512
              ]
            ]
          ]
        },
        "plus_code": "C6XWXGXQ+XPW",
        "ground_height": 63.45,
        "building_height": 9.7,
        "roof_height": 73.15
      },
      "geometry": {
        "type": "Polygon",
        "coordinates": [
          [
            [
              282146.0339503087,
              6242850.867864512
            ],
            [
              282146.58783064823,
              6242847.69572345
            ],
            [
              282147.1529944319,
              6242844.4350648355
            ],
            [
              282150.00902751787,
              6242844.933470918
            ],
            [
              282152.4092283846,
              6242831.0506625725
            ],
            [
              282175.369428181,
              6242834.9960593395
            ],
            [
              282172.9371940484,
              6242849.06678571
            ],
            [
              282175.7565038366,
              6242849.55324311
            ],
            [
              282170.1893590861,
              6242881.706798162
            ],
            [
              282141.5534306191,
              6242876.787613204
            ],
            [
              282146.0339503087,
              6242850.867864512
            ]
          ]
        ]
      }
    },
    {
      "type": "Feature",
      "properties": {
        "osm_id": "897473397",
        "address": "Post Graduate Study and Student Services Bellville 7530 Cape Town",
        "building": "university",
        "building:levels": "3",
        "footprint": {
          "type": "Polygon",
          "coordinates": [
            [
              [
                282074.2519612461,
                6242798.648833886
              ],
              [
                282069.7179382432,
                6242797.912088437
              ],
              [
                282066.501620836,
                6242797.3942787135
              ],
              [
                282067.1909401127,
                6242793.159931197
              ],
              [
                282050.81454346486,
                6242790.519701464
              ],
              [
                282055.16471246653,
                6242763.842377097
              ],
              [
                282066.1495655115,
                6242765.6262708185
              ],
              [
                282066.4607538711,
                6242763.758012593
              ],
              [
                282088.54166015505,
                6242767.317219188
              ],
              [
                282088.2284368957,
                6242769.274207881
              ],
              [
                282098.83578407305,
                6242770.982804197
              ],
              [
                282094.4195620854,
                6242798.124699739
              ],
              [
                282078.5960697202,
                6242795.574905512
              ],
              [
                282078.0029614557,
                6242799.245512427
              ],
              [
                282074.2519612461,
                6242798.648833886
              ]
            ]
          ]
        },
        "plus_code": "C2XPXRXG+XQV",
        "ground_height": 62.61,
        "building_height": 9.7,
        "roof_height": 72.31
      },
      "geometry": {
        "type": "Polygon",
        "coordinates": [
          [
            [
              282074.2519612461,
              6242798.648833886
            ],
            [
              282069.7179382432,
              6242797.912088437
            ],
            [
              282066.501620836,
              6242797.3942787135
            ],
            [
              282067.1909401127,
              6242793.159931197
            ],
            [
              282050.81454346486,
              6242790.519701464
            ],
            [
              282055.16471246653,
              6242763.842377097
            ],
            [
              282066.1495655115,
              6242765.6262708185
            ],
            [
              282066.4607538711,
              6242763.758012593
            ],
            [
              282088.54166015505,
              6242767.317219188
            ],
            [
              282088.2284368957,
              6242769.274207881
            ],
            [
              282098.83578407305,
              6242770.982804197
            ],
            [
              282094.4195620854,
              6242798.124699739
            ],
            [
              282078.5960697202,
              6242795.574905512
            ],
            [
              282078.0029614557,
              6242799.245512427
            ],
            [
              282074.2519612461,
              6242798.648833886
            ]
          ]
        ]
      }
    },
    {
      "type": "Feature",
      "properties": {
        "osm_id": "897473399",
        "address": "Student Centre Bellville Cape Town",
        "building": "university",
        "building:levels": "3",
        "footprint": {
          "type": "Polygon",
          "coordinates": [
            [
              [
                281981.9270182096,
                6242859.058625443
              ],
              [
                281982.7246396707,
                6242854.138750675
              ],
              [
                281983.1497185121,
                6242851.34095536
              ],
              [
                281975.0146179178,
                6242849.922121588
              ],
              [
                281977.79514529137,
                6242834.394614024
              ],
              [
                281983.8199975128,
                6242835.4653034555
              ],
              [
                281988.2874929139,
                6242810.532940539
              ],
              [
                281999.3237841436,
                6242812.495644778
              ],
              [
                281999.8969682193,
                6242809.2906611115
              ],
              [
                282022.84477369057,
                6242813.369315337
              ],
              [
                282022.19744778855,
                6242816.983188372
              ],
              [
                282032.6810874823,
                6242818.8443709
              ],
              [
                282024.61463352374,
                6242865.943712234
              ],
              [
                282008.7060457614,
                6242863.46953243
              ],
              [
                282011.11028266384,
                6242849.420380773
              ],
              [
                281998.13936486695,
                6242847.113591922
              ],
              [
                281995.83603979135,
                6242861.198353181
              ],
              [
                281981.9270182096,
                6242859.058625443
              ]
            ]
          ]
        },
        "plus_code": "CQX4XMXX+XGR",
        "ground_height": 62.25,
        "building_height": 9.7,
        "roof_height": 71.95
      },
      "geometry": {
        "type": "Polygon",
        "coordinates": [
          [
            [
              281981.9270182096,
              6242859.058625443
            ],
            [
              281982.7246396707,
              6242854.138750675
            ],
            [
              281983.1497185121,
              6242851.34095536
            ],
            [
              281975.0146179178,
              6242849.922121588
            ],
            [
              281977.79514529137,
              6242834.394614024
            ],
            [
              281983.8199975128,
              6242835.4653034555
            ],
            [
              281988.2874929139,
              6242810.532940539
            ],
            [
              281999.3237841436,
              6242812.495644778
            ],
            [
              281999.8969682193,
              6242809.2906611115
            ],
            [
              282022.84477369057,
              6242813.369315337
            ],
            [
              282022.19744778855,
              6242816.983188372
            ],
            [
              282032.6810874823,
              6242818.8443709
            ],
            [
              282024.61463352374,
              6242865.943712234
            ],
            [
              282008.7060457614,
              6242863.46953243
            ],
            [
              282011.11028266384,
              6242849.420380773
            ],
            [
              281998.13936486695,
              6242847.113591922
            ],
            [
              281995.83603979135,
              6242861.198353181
            ],
            [
              281981.9270182096,
              6242859.058625443
            ]
          ]
        ]
      }
    },
    {
      "type": "Feature",
      "properties": {
        "osm_id": "897473401",
        "address": "Auditorium Bellville 7530 Cape Town",
        "building": "university",
        "building:levels": "3",
        "footprint": {
          "type": "Polygon",
          "coordinates": [
            [
              [
                281969.81001876004,
                6242860.244828835
              ],
              [
                281962.48337876075,
                6242859.066517071
              ],
              [
                281961.7932451878,
                6242863.334132943
              ],
              [
                281940.0226450169,
                6242859.948238427
              ],
              [
                281940.76641089644,
                6242855.360040482
              ],
              [
                281932.4107037167,
                6242853.880611061
              ],
              [
                281937.54164428276,
                6242823.836652941
              ],
              [
                281945.5126034663,
                6242825.151872076
              ],
              [
                281947.1240135629,
                6242815.012875384
              ],
              [
                281969.55683875916,
                6242818.558251485
              ],
              [
                281967.7943432474,
                6242829.63703063
              ],
              [
                281974.50383655226,
                6242830.701275239
              ],
              [
                281970.863703392,
                6242852.234748262
              ],
              [
                281970.15100306424,
                6242856.679399367
              ],
              [
                281969.81001876004,
                6242860.244828835
              ]
            ]
          ]
        },
        "plus_code": "CJXMXJX4+XVR",
        "ground_height": 62.15,
        "building_height": 9.7,
        "roof_height": 71.85
      },
      "geometry": {
        "type": "Polygon",
        "coordinates": [
          [
            [
              281969.81001876004,
              6242860.244828835
            ],
            [
              281962.48337876075,
              6242859.066517071
            ],
            [
              281961.7932451878,
              6242863.334132943
            ],
            [
              281940.0226450169,
              6242859.948238427
            ],
            [
              281940.76641089644,
              6242855.360040482
            ],
            [
              281932.4107037167,
              6242853.880611061
            ],
            [
              281937.54164428276,
              6242823.836652941
            ],
            [
              281945.5126034663,
              6242825.151872076
            ],
            [
              281947.1240135629,
              6242815.012875384
            ],
            [
              281969.55683875916,
              6242818.558251485
            ],
            [
              281967.7943432474,
              6242829.63703063
            ],
            [
              281974.50383655226,
              6242830.701275239
            ],
            [
              281970.863703392,
              6242852.234748262
            ],
            [
              281970.15100306424,
              6242856.679399367
            ],
            [
              281969.81001876004,
              6242860.244828835
            ]
          ]
        ]
      }
    },
    {
      "type": "Feature",
      "properties": {
        "osm_id": "897485638",
        "address": "Health and Wellness Sciences Bellville 7530 Cape Town",
        "building": "university",
        "building:levels": "2",
        "footprint": {
          "type": "Polygon",
          "coordinates": [
            [
              [
                281722.2891095542,
                6242612.754504897
              ],
              [
                281722.5336598428,
                6242611.372992752
              ],
              [
                281725.75812663906,
                6242611.935501225
              ],
              [
                281726.1656069412,
                6242609.503511902
              ],
              [
                281812.9879783412,
                6242624.596554836
              ],
              [
                281810.9753887905,
                6242635.281164359
              ],
              [
                281724.0623110672,
                6242620.507839023
              ],
              [
                281721.92392425425,
                6242632.232671931
              ],
              [
                281808.85928462585,
                6242647.6501552025
              ],
              [
                281807.2422638504,
                6242657.223057283
              ],
              [
                281720.1327997709,
                6242642.533968555
              ],
              [
                281718.0198946532,
                6242654.758758733
              ],
              [
                281765.30907040165,
                6242663.016105655
              ],
              [
                281761.45876770664,
                6242685.221622273
              ],
              [
                281779.54326224624,
                6242688.38995751
              ],
              [
                281776.58591587306,
                6242705.156240674
              ],
              [
                281716.74907978316,
                6242694.6902937135
              ],
              [
                281719.87717622274,
                6242676.940307143
              ],
              [
                281754.60927896074,
                6242683.010990385
              ],
              [
                281756.35368774924,
                6242673.130305929
              ],
              [
                281716.98802550987,
                6242666.231637221
              ],
              [
                281715.1365715724,
                6242676.742389876
              ],
              [
                281702.8469956721,
                6242674.584026663
              ],
              [
                281713.9211267347,
                6242611.818341749
              ],
              [
                281722.2034046523,
                6242613.263000123
              ],
              [
                281722.2891095542,
                6242612.754504897
              ]
            ]
          ]
        },
        "plus_code": "C3X9X3X5+XXX",
        "ground_height": 60.46,
        "building_height": 6.9,
        "roof_height": 67.36
      },
      "geometry": {
        "type": "Polygon",
        "coordinates": [
          [
            [
              281722.2891095542,
              6242612.754504897
            ],
            [
              281722.5336598428,
              6242611.372992752
            ],
            [
              281725.75812663906,
              6242611.935501225
            ],
            [
              281726.1656069412,
              6242609.503511902
            ],
            [
              281812.9879783412,
              6242624.596554836
            ],
            [
              281810.9753887905,
              6242635.281164359
            ],
            [
              281724.0623110672,
              6242620.507839023
            ],
            [
              281721.92392425425,
              6242632.232671931
            ],
            [
              281808.85928462585,
              6242647.6501552025
            ],
            [
              281807.2422638504,
              6242657.223057283
            ],
            [
              281720.1327997709,
              6242642.533968555
            ],
            [
              281718.0198946532,
              6242654.758758733
            ],
            [
              281765.30907040165,
              6242663.016105655
            ],
            [
              281761.45876770664,
              6242685.221622273
            ],
            [
              281779.54326224624,
              6242688.38995751
            ],
            [
              281776.58591587306,
              6242705.156240674
            ],
            [
              281716.74907978316,
              6242694.6902937135
            ],
            [
              281719.87717622274,
              6242676.940307143
            ],
            [
              281754.60927896074,
              6242683.010990385
            ],
            [
              281756.35368774924,
              6242673.130305929
            ],
            [
              281716.98802550987,
              6242666.231637221
            ],
            [
              281715.1365715724,
              6242676.742389876
            ],
            [
              281702.8469956721,
              6242674.584026663
            ],
            [
              281713.9211267347,
              6242611.818341749
            ],
            [
              281722.2034046523,
              6242613.263000123
            ],
            [
              281722.2891095542,
              6242612.754504897
            ]
          ]
        ]
      }
    },
    {
      "type": "Feature",
      "properties": {
        "osm_id": "897485639",
        "address": "Matthew Goniwe Residence 1 Bellville 7530 Cape Town",
        "building": "dormitory",
        "building:levels": "2",
        "beds": "240",
        "residential": "university",
        "footprint": {
          "type": "Polygon",
          "coordinates": [
            [
              [
                281821.79712896445,
                6242773.1789732
              ],
              [
                281822.39754004695,
                6242769.597319989
              ],
              [
                281831.9624721153,
                6242771.182356818
              ],
              [
                281833.0437266865,
                6242764.793097265
              ],
              [
                281828.41033210483,
                6242763.954073463
              ],
              [
                281830.5211197294,
                6242752.217494467
              ],
              [
                281834.8961591355,
                6242753.028378808
              ],
              [
                281835.8308823818,
                6242747.379254874
              ],
              [
                281825.706623876,
                6242745.581601522
              ],
              [
                281822.52807725745,
                6242745.031284654
              ],
              [
                281819.8225566353,
                6242744.425268792
              ],
              [
                281821.2797128312,
                6242735.769748717
              ],
              [
                281825.2140476245,
                6242736.437331557
              ],
              [
                281828.19921246753,
                6242736.94990659
              ],
              [
                281873.8005400717,
                6242744.612981329
              ],
              [
                281872.2322959119,
                6242753.676543805
              ],
              [
                281839.0661761765,
                6242747.875387249
              ],
              [
                281838.0223013099,
                6242753.444319997
              ],
              [
                281840.83079627284,
                6242753.997214083
              ],
              [
                281838.9141665313,
                6242765.738261787
              ],
              [
                281835.51449805265,
                6242765.149570676
              ],
              [
                281834.3821135121,
                6242771.349002784
              ],
              [
                281868.1767209576,
                6242777.175725601
              ],
              [
                281867.81110262976,
                6242779.397835925
              ],
              [
                281873.395213046,
                6242780.325293855
              ],
              [
                281877.58921257465,
                6242755.231309654
              ],
              [
                281873.57166284183,
                6242754.561834968
              ],
              [
                281875.2219713598,
                6242744.745555939
              ],
              [
                281879.0921074733,
                6242745.389444765
              ],
              [
                281882.4799367231,
                6242725.181841303
              ],
              [
                281828.52803190064,
                6242716.228039578
              ],
              [
                281829.9754228657,
                6242707.594488224
              ],
              [
                281892.92975045496,
                6242718.053741155
              ],
              [
                281888.01892065466,
                6242747.37034
              ],
              [
                281889.9265096218,
                6242747.680552694
              ],
              [
                281888.30726809567,
                6242757.353285226
              ],
              [
                281886.3629523405,
                6242757.031130367
              ],
              [
                281882.21080380084,
                6242781.91523416
              ],
              [
                281873.5672962408,
                6242780.484612368
              ],
              [
                281872.5065998174,
                6242786.785570455
              ],
              [
                281820.94962771726,
                6242778.253052771
              ],
              [
                281821.79712896445,
                6242773.1789732
              ]
            ]
          ]
        },
        "plus_code": "C9XJX4X6+X9V",
        "ground_height": 61.25,
        "building_height": 6.9,
        "roof_height": 68.15
      },
      "geometry": {
        "type": "Polygon",
        "coordinates": [
          [
            [
              281821.79712896445,
              6242773.1789732
            ],
            [
              281822.39754004695,
              6242769.597319989
            ],
            [
              281831.9624721153,
              6242771.182356818
            ],
            [
              281833.0437266865,
              6242764.793097265
            ],
            [
              281828.41033210483,
              6242763.954073463
            ],
            [
              281830.5211197294,
              6242752.217494467
            ],
            [
              281834.8961591355,
              6242753.028378808
            ],
            [
              281835.8308823818,
              6242747.379254874
            ],
            [
              281825.706623876,
              6242745.581601522
            ],
            [
              281822.52807725745,
              6242745.031284654
            ],
            [
              281819.8225566353,
              6242744.425268792
            ],
            [
              281821.2797128312,
              6242735.769748717
            ],
            [
              281825.2140476245,
              6242736.437331557
            ],
            [
              281828.19921246753,
              6242736.94990659
            ],
            [
              281873.8005400717,
              6242744.612981329
            ],
            [
              281872.2322959119,
              6242753.676543805
            ],
            [
              281839.0661761765,
              6242747.875387249
            ],
            [
              281838.0223013099,
              6242753.444319997
            ],
            [
              281840.83079627284,
              6242753.997214083
            ],
            [
              281838.9141665313,
              6242765.738261787
            ],
            [
              281835.51449805265,
              6242765.149570676
            ],
            [
              281834.3821135121,
              6242771.349002784
            ],
            [
              281868.1767209576,
              6242777.175725601
            ],
            [
              281867.81110262976,
              6242779.397835925
            ],
            [
              281873.395213046,
              6242780.325293855
            ],
            [
              281877.58921257465,
              6242755.231309654
            ],
            [
              281873.57166284183,
              6242754.561834968
            ],
            [
              281875.2219713598,
              6242744.745555939
            ],
            [
              281879.0921074733,
              6242745.389444765
            ],
            [
              281882.4799367231,
              6242725.181841303
            ],
            [
              281828.52803190064,
              6242716.228039578
            ],
            [
              281829.9754228657,
              6242707.594488224
            ],
            [
              281892.92975045496,
              6242718.053741155
            ],
            [
              281888.01892065466,
              6242747.37034
            ],
            [
              281889.9265096218,
              6242747.680552694
            ],
            [
              281888.30726809567,
              6242757.353285226
            ],
            [
              281886.3629523405,
              6242757.031130367
            ],
            [
              281882.21080380084,
              6242781.91523416
            ],
            [
              281873.5672962408,
              6242780.484612368
            ],
            [
              281872.5065998174,
              6242786.785570455
            ],
            [
              281820.94962771726,
              6242778.253052771
            ],
            [
              281821.79712896445,
              6242773.1789732
            ]
          ]
        ]
      }
    },
    {
      "type": "Feature",
      "properties": {
        "osm_id": "897485641",
        "address": "HIV/AIDS Unit Bellville 7530 Cape Town",
        "building": "university",
        "building:levels": "1",
        "footprint": {
          "type": "Polygon",
          "coordinates": [
            [
              [
                281770.8478045821,
                6242767.989296538
              ],
              [
                281774.6986905507,
                6242768.666075995
              ],
              [
                281792.00033065677,
                6242771.694288692
              ],
              [
                281789.30985631,
                6242786.913117418
              ],
              [
                281771.6119286567,
                6242783.820295332
              ],
              [
                281769.50596940075,
                6242795.745628877
              ],
              [
                281792.12367008365,
                6242799.695183819
              ],
              [
                281789.47425663273,
                6242814.737403356
              ],
              [
                281745.15073988005,
                6242807.003483924
              ],
              [
                281747.7794356772,
                6242792.060668838
              ],
              [
                281765.47737447673,
                6242795.1535349535
              ],
              [
                281767.657499342,
                6242782.819315089
              ],
              [
                281751.20332186023,
                6242779.943731635
              ],
              [
                281753.831749376,
                6242765.0120064225
              ],
              [
                281770.8478045821,
                6242767.989296538
              ]
            ]
          ]
        },
        "plus_code": "C5XCXGXW+X2X",
        "ground_height": 61.25,
        "building_height": 4.1,
        "roof_height": 65.35
      },
      "geometry": {
        "type": "Polygon",
        "coordinates": [
          [
            [
              281770.8478045821,
              6242767.989296538
            ],
            [
              281774.6986905507,
              6242768.666075995
            ],
            [
              281792.00033065677,
              6242771.694288692
            ],
            [
              281789.30985631,
              6242786.913117418
            ],
            [
              281771.6119286567,
              6242783.820295332
            ],
            [
              281769.50596940075,
              6242795.745628877
            ],
            [
              281792.12367008365,
              6242799.695183819
            ],
            [
              281789.47425663273,
              6242814.737403356
            ],
            [
              281745.15073988005,
              6242807.003483924
            ],
            [
              281747.7794356772,
              6242792.060668838
            ],
            [
              281765.47737447673,
              6242795.1535349535
            ],
            [
              281767.657499342,
              6242782.819315089
            ],
            [
              281751.20332186023,
              6242779.943731635
            ],
            [
              281753.831749376,
              6242765.0120064225
            ],
            [
              281770.8478045821,
              6242767.989296538
            ]
          ]
        ]
      }
    },
    {
      "type": "Feature",
      "properties": {
        "osm_id": "897485642",
        "address": "Matthew Goniwe Residence 2 Bellville 7530 Cape Town",
        "building": "dormitory",
        "building:levels": "2",
        "beds": "196",
        "residential": "university",
        "footprint": {
          "type": "Polygon",
          "coordinates": [
            [
              [
                281746.72891529603,
                6242756.525661378
              ],
              [
                281746.1384866013,
                6242760.074250313
              ],
              [
                281741.6678190133,
                6242787.12602609
              ],
              [
                281681.6312780894,
                6242777.276737487
              ],
              [
                281683.3615716048,
                6242766.807587711
              ],
              [
                281734.08171109424,
                6242775.121853378
              ],
              [
                281735.907916959,
                6242764.100049481
              ],
              [
                281688.1457788497,
                6242756.27558857
              ],
              [
                281689.9294389732,
                6242745.496946931
              ],
              [
                281719.1598312846,
                6242750.286962789
              ],
              [
                281720.0951347706,
                6242744.615664236
              ],
              [
                281722.3435082504,
                6242744.98924209
              ],
              [
                281724.1494482097,
                6242734.044652728
              ],
              [
                281727.6880314903,
                6242734.625485841
              ],
              [
                281728.7724192729,
                6242728.1031394
              ],
              [
                281695.18326674134,
                6242722.602448767
              ],
              [
                281696.55968184717,
                6242714.244703084
              ],
              [
                281741.5563418701,
                6242722.049866293
              ],
              [
                281740.203360933,
                6242730.5968062775
              ],
              [
                281731.43794064526,
                6242729.240923656
              ],
              [
                281730.4164290568,
                6242735.442900789
              ],
              [
                281734.0102276557,
                6242736.036099703
              ],
              [
                281732.343888605,
                6242746.140521493
              ],
              [
                281724.5663918972,
                6242744.862861492
              ],
              [
                281723.3732090206,
                6242752.092919714
              ],
              [
                281746.82565156097,
                6242755.939740047
              ],
              [
                281746.72891529603,
                6242756.525661378
              ]
            ]
          ]
        },
        "plus_code": "C2X8X7X3+XWV",
        "ground_height": 60.89,
        "building_height": 6.9,
        "roof_height": 67.79
      },
      "geometry": {
        "type": "Polygon",
        "coordinates": [
          [
            [
              281746.72891529603,
              6242756.525661378
            ],
            [
              281746.1384866013,
              6242760.074250313
            ],
            [
              281741.6678190133,
              6242787.12602609
            ],
            [
              281681.6312780894,
              6242777.276737487
            ],
            [
              281683.3615716048,
              6242766.807587711
            ],
            [
              281734.08171109424,
              6242775.121853378
            ],
            [
              281735.907916959,
              6242764.100049481
            ],
            [
              281688.1457788497,
              6242756.27558857
            ],
            [
              281689.9294389732,
              6242745.496946931
            ],
            [
              281719.1598312846,
              6242750.286962789
            ],
            [
              281720.0951347706,
              6242744.615664236
            ],
            [
              281722.3435082504,
              6242744.98924209
            ],
            [
              281724.1494482097,
              6242734.044652728
            ],
            [
              281727.6880314903,
              6242734.625485841
            ],
            [
              281728.7724192729,
              6242728.1031394
            ],
            [
              281695.18326674134,
              6242722.602448767
            ],
            [
              281696.55968184717,
              6242714.244703084
            ],
            [
              281741.5563418701,
              6242722.049866293
            ],
            [
              281740.203360933,
              6242730.5968062775
            ],
            [
              281731.43794064526,
              6242729.240923656
            ],
            [
              281730.4164290568,
              6242735.442900789
            ],
            [
              281734.0102276557,
              6242736.036099703
            ],
            [
              281732.343888605,
              6242746.140521493
            ],
            [
              281724.5663918972,
              6242744.862861492
            ],
            [
              281723.3732090206,
              6242752.092919714
            ],
            [
              281746.82565156097,
              6242755.939740047
            ],
            [
              281746.72891529603,
              6242756.525661378
            ]
          ]
        ]
      }
    },
    {
      "type": "Feature",
      "properties": {
        "osm_id": "897489428",
        "address": "Bellville 7530 Cape Town",
        "building": "yes",
        "building:levels": "1",
        "footprint": {
          "type": "Polygon",
          "coordinates": [
            [
              [
                281816.37788779876,
                6242818.951987632
              ],
              [
                281793.39830119495,
                6242815.049652103
              ],
              [
                281794.2209474468,
                6242810.252430186
              ],
              [
                281817.20077766373,
                6242814.143673066
              ],
              [
                281816.37788779876,
                6242818.951987632
              ]
            ]
          ]
        },
        "plus_code": "C7X7X7XX+XRX",
        "ground_height": 61.49,
        "building_height": 4.1,
        "roof_height": 65.59
      },
      "geometry": {
        "type": "Polygon",
        "coordinates": [
          [
            [
              281816.37788779876,
              6242818.951987632
            ],
            [
              281793.39830119495,
              6242815.049652103
            ],
            [
              281794.2209474468,
              6242810.252430186
            ],
            [
              281817.20077766373,
              6242814.143673066
            ],
            [
              281816.37788779876,
              6242818.951987632
            ]
          ]
        ]
      }
    },
    {
      "type": "Feature",
      "properties": {
        "osm_id": "897489429",
        "address": "Bellville 7530 Cape Town",
        "building": "yes",
        "building:levels": "1",
        "footprint": {
          "type": "Polygon",
          "coordinates": [
            [
              [
                281797.5287807102,
                6242805.989576607
              ],
              [
                281798.39688400493,
                6242801.226691956
              ],
              [
                281818.6904678701,
                6242804.8785601
              ],
              [
                281817.8223747327,
                6242809.641446084
              ],
              [
                281797.5287807102,
                6242805.989576607
              ]
            ]
          ]
        },
        "plus_code": "C7XCX4X5+XRX",
        "ground_height": 61.28,
        "building_height": 4.1,
        "roof_height": 65.38
      },
      "geometry": {
        "type": "Polygon",
        "coordinates": [
          [
            [
              281797.5287807102,
              6242805.989576607
            ],
            [
              281798.39688400493,
              6242801.226691956
            ],
            [
              281818.6904678701,
              6242804.8785601
            ],
            [
              281817.8223747327,
              6242809.641446084
            ],
            [
              281797.5287807102,
              6242805.989576607
            ]
          ]
        ]
      }
    },
    {
      "type": "Feature",
      "properties": {
        "osm_id": "897489430",
        "address": "Bellville 7530 Cape Town",
        "building": "yes",
        "building:levels": "1",
        "footprint": {
          "type": "Polygon",
          "coordinates": [
            [
              [
                281817.24847558077,
                6242783.12830163
              ],
              [
                281792.99194347806,
                6242779.651556797
              ],
              [
                281793.9371022419,
                6242773.148196415
              ],
              [
                281818.1843726538,
                6242776.624726951
              ],
              [
                281817.24847558077,
                6242783.12830163
              ]
            ]
          ]
        },
        "plus_code": "C7X7XHXQ+XMX",
        "ground_height": 61.03,
        "building_height": 4.1,
        "roof_height": 65.13
      },
      "geometry": {
        "type": "Polygon",
        "coordinates": [
          [
            [
              281817.24847558077,
              6242783.12830163
            ],
            [
              281792.99194347806,
              6242779.651556797
            ],
            [
              281793.9371022419,
              6242773.148196415
            ],
            [
              281818.1843726538,
              6242776.624726951
            ],
            [
              281817.24847558077,
              6242783.12830163
            ]
          ]
        ]
      }
    },
    {
      "type": "Feature",
      "properties": {
        "osm_id": "897489431",
        "address": "Bellville 7530 Cape Town",
        "building": "university",
        "building:levels": "1",
        "footprint": {
          "type": "Polygon",
          "coordinates": [
            [
              [
                281754.72246118134,
                6242878.622748006
              ],
              [
                281745.147925887,
                6242877.04851685
              ],
              [
                281748.198096229,
                6242858.664195562
              ],
              [
                281767.9550116614,
                6242861.926508731
              ],
              [
                281766.3443708231,
                6242871.621621483
              ],
              [
                281756.16170644853,
                6242869.944627406
              ],
              [
                281754.72246118134,
                6242878.622748006
              ]
            ]
          ]
        },
        "plus_code": "C4XVX4XR+X4W",
        "ground_height": 61.45,
        "building_height": 4.1,
        "roof_height": 65.55
      },
      "geometry": {
        "type": "Polygon",
        "coordinates": [
          [
            [
              281754.72246118134,
              6242878.622748006
            ],
            [
              281745.147925887,
              6242877.04851685
            ],
            [
              281748.198096229,
              6242858.664195562
            ],
            [
              281767.9550116614,
              6242861.926508731
            ],
            [
              281766.3443708231,
              6242871.621621483
            ],
            [
              281756.16170644853,
              6242869.944627406
            ],
            [
              281754.72246118134,
              6242878.622748006
            ]
          ]
        ]
      }
    },
    {
      "type": "Feature",
      "properties": {
        "osm_id": "897589021",
        "address": "Bellville 7530 Cape Town",
        "building": "yes",
        "building:levels": "1",
        "footprint": {
          "type": "Polygon",
          "coordinates": [
            [
              [
                281683.4066717964,
                6242989.82778332
              ],
              [
                281647.3318236909,
                6242983.370894173
              ],
              [
                281648.5205305417,
                6242976.739984207
              ],
              [
                281684.6045987278,
                6242983.197082991
              ],
              [
                281683.4066717964,
                6242989.82778332
              ]
            ]
          ]
        },
        "plus_code": "CRX7XXX9+X7R",
        "ground_height": 61.39,
        "building_height": 4.1,
        "roof_height": 65.49
      },
      "geometry": {
        "type": "Polygon",
        "coordinates": [
          [
            [
              281683.4066717964,
              6242989.82778332
            ],
            [
              281647.3318236909,
              6242983.370894173
            ],
            [
              281648.5205305417,
              6242976.739984207
            ],
            [
              281684.6045987278,
              6242983.197082991
            ],
            [
              281683.4066717964,
              6242989.82778332
            ]
          ]
        ]
      }
    },
    {
      "type": "Feature",
      "properties": {
        "osm_id": "897589022",
        "address": "Bellville 7530 Cape Town",
        "building": "yes",
        "building:levels": "1",
        "footprint": {
          "type": "Polygon",
          "coordinates": [
            [
              [
                281644.9264833506,
                6242980.974008943
              ],
              [
                281626.0796641288,
                6242977.144266737
              ],
              [
                281627.6860589206,
                6242969.246806425
              ],
              [
                281646.5423631992,
                6242973.065667884
              ],
              [
                281644.9264833506,
                6242980.974008943
              ]
            ]
          ]
        },
        "plus_code": "CPXRX8X6+X2W",
        "ground_height": 61.46,
        "building_height": 4.1,
        "roof_height": 65.56
      },
      "geometry": {
        "type": "Polygon",
        "coordinates": [
          [
            [
              281644.9264833506,
              6242980.974008943
            ],
            [
              281626.0796641288,
              6242977.144266737
            ],
            [
              281627.6860589206,
              6242969.246806425
            ],
            [
              281646.5423631992,
              6242973.065667884
            ],
            [
              281644.9264833506,
              6242980.974008943
            ]
          ]
        ]
      }
    },
    {
      "type": "Feature",
      "properties": {
        "osm_id": "897589025",
        "address": "Bellville 7530 Cape Town",
        "building": "university",
        "building:levels": "2",
        "footprint": {
          "type": "Polygon",
          "coordinates": [
            [
              [
                281759.17995709414,
                6243082.834826319
              ],
              [
                281753.8322770302,
                6243082.4787090765
              ],
              [
                281753.2984269009,
                6243094.018531365
              ],
              [
                281753.1965744536,
                6243098.443940766
              ],
              [
                281735.5726106372,
                6243097.738680022
              ],
              [
                281737.7677246185,
                6243042.55879638
              ],
              [
                281734.82874595723,
                6243042.446759691
              ],
              [
                281735.2080775651,
                6243033.200485146
              ],
              [
                281737.4813936618,
                6243033.297200048
              ],
              [
                281737.6454743603,
                6243029.383690145
              ],
              [
                281759.3256865964,
                6243030.282187052
              ],
              [
                281759.64642732183,
                6243022.776813681
              ],
              [
                281842.531449022,
                6243026.237669276
              ],
              [
                281842.01044340106,
                6243038.832011348
              ],
              [
                281839.2381371587,
                6243038.712744366
              ],
              [
                281837.80560612696,
                6243078.462962065
              ],
              [
                281807.1886447262,
                6243077.203664247
              ],
              [
                281807.28667848883,
                6243074.95320413
              ],
              [
                281802.8969424062,
                6243074.7745161075
              ],
              [
                281803.7616710178,
                6243053.676588722
              ],
              [
                281762.96929504705,
                6243052.027636631
              ],
              [
                281762.247812916,
                6243069.710948863
              ],
              [
                281759.70637433155,
                6243069.608069742
              ],
              [
                281759.17995709414,
                6243082.834826319
              ]
            ]
          ]
        },
        "plus_code": "C8X2XWXF+X9X",
        "ground_height": 62.68,
        "building_height": 6.9,
        "roof_height": 69.58
      },
      "geometry": {
        "type": "Polygon",
        "coordinates": [
          [
            [
              281759.17995709414,
              6243082.834826319
            ],
            [
              281753.8322770302,
              6243082.4787090765
            ],
            [
              281753.2984269009,
              6243094.018531365
            ],
            [
              281753.1965744536,
              6243098.443940766
            ],
            [
              281735.5726106372,
              6243097.738680022
            ],
            [
              281737.7677246185,
              6243042.55879638
            ],
            [
              281734.82874595723,
              6243042.446759691
            ],
            [
              281735.2080775651,
              6243033.200485146
            ],
            [
              281737.4813936618,
              6243033.297200048
            ],
            [
              281737.6454743603,
              6243029.383690145
            ],
            [
              281759.3256865964,
              6243030.282187052
            ],
            [
              281759.64642732183,
              6243022.776813681
            ],
            [
              281842.531449022,
              6243026.237669276
            ],
            [
              281842.01044340106,
              6243038.832011348
            ],
            [
              281839.2381371587,
              6243038.712744366
            ],
            [
              281837.80560612696,
              6243078.462962065
            ],
            [
              281807.1886447262,
              6243077.203664247
            ],
            [
              281807.28667848883,
              6243074.95320413
            ],
            [
              281802.8969424062,
              6243074.7745161075
            ],
            [
              281803.7616710178,
              6243053.676588722
            ],
            [
              281762.96929504705,
              6243052.027636631
            ],
            [
              281762.247812916,
              6243069.710948863
            ],
            [
              281759.70637433155,
              6243069.608069742
            ],
            [
              281759.17995709414,
              6243082.834826319
            ]
          ]
        ]
      }
    },
    {
      "type": "Feature",
      "properties": {
        "osm_id": "897590437",
        "address": "Oxidative Stress Research Centre Design Way Bellville 7530 Cape Town",
        "building": "university",
        "building:levels": "2",
        "footprint": {
          "type": "Polygon",
          "coordinates": [
            [
              [
                281568.1166640664,
                6243170.774926444
              ],
              [
                281545.1859048778,
                6243163.111241538
              ],
              [
                281544.6295803272,
                6243164.774094267
              ],
              [
                281538.9380520083,
                6243162.878531948
              ],
              [
                281538.6099571863,
                6243163.869716444
              ],
              [
                281535.2591454685,
                6243162.760487234
              ],
              [
                281535.81547161634,
                6243161.097634969
              ],
              [
                281528.27890760975,
                6243158.582508694
              ],
              [
                281535.11143707955,
                6243138.254589131
              ],
              [
                281545.81515998335,
                6243141.819221785
              ],
              [
                281543.17370751436,
                6243149.670634255
              ],
              [
                281550.95836004685,
                6243152.258046882
              ],
              [
                281555.0690456554,
                6243140.057106408
              ],
              [
                281571.0050932232,
                6243145.373519573
              ],
              [
                281572.0479038256,
                6243142.268145911
              ],
              [
                281575.31575838826,
                6243143.364354452
              ],
              [
                281570.02314266923,
                6243159.089162298
              ],
              [
                281571.8499488862,
                6243159.697195324
              ],
              [
                281568.1166640664,
                6243170.774926444
              ]
            ]
          ]
        },
        "plus_code": "CGXGX7XX+XXR",
        "ground_height": 62.58,
        "building_height": 6.9,
        "roof_height": 69.48
      },
      "geometry": {
        "type": "Polygon",
        "coordinates": [
          [
            [
              281568.1166640664,
              6243170.774926444
            ],
            [
              281545.1859048778,
              6243163.111241538
            ],
            [
              281544.6295803272,
              6243164.774094267
            ],
            [
              281538.9380520083,
              6243162.878531948
            ],
            [
              281538.6099571863,
              6243163.869716444
            ],
            [
              281535.2591454685,
              6243162.760487234
            ],
            [
              281535.81547161634,
              6243161.097634969
            ],
            [
              281528.27890760975,
              6243158.582508694
            ],
            [
              281535.11143707955,
              6243138.254589131
            ],
            [
              281545.81515998335,
              6243141.819221785
            ],
            [
              281543.17370751436,
              6243149.670634255
            ],
            [
              281550.95836004685,
              6243152.258046882
            ],
            [
              281555.0690456554,
              6243140.057106408
            ],
            [
              281571.0050932232,
              6243145.373519573
            ],
            [
              281572.0479038256,
              6243142.268145911
            ],
            [
              281575.31575838826,
              6243143.364354452
            ],
            [
              281570.02314266923,
              6243159.089162298
            ],
            [
              281571.8499488862,
              6243159.697195324
            ],
            [
              281568.1166640664,
              6243170.774926444
            ]
          ]
        ]
      }
    },
    {
      "type": "Feature",
      "properties": {
        "osm_id": "897614592",
        "address": "Bellville 7530 Cape Town",
        "building": "yes",
        "building:levels": "1",
        "footprint": {
          "type": "Polygon",
          "coordinates": [
            [
              [
                281696.0486138834,
                6243081.969805427
              ],
              [
                281696.41370425944,
                6243067.718395686
              ],
              [
                281707.32265815017,
                6243067.9917250695
              ],
              [
                281706.9575841997,
                6243082.243134392
              ],
              [
                281696.0486138834,
                6243081.969805427
              ]
            ]
          ]
        },
        "plus_code": "C2X3XMXP+X7R",
        "ground_height": 62.03,
        "building_height": 4.1,
        "roof_height": 66.13
      },
      "geometry": {
        "type": "Polygon",
        "coordinates": [
          [
            [
              281696.0486138834,
              6243081.969805427
            ],
            [
              281696.41370425944,
              6243067.718395686
            ],
            [
              281707.32265815017,
              6243067.9917250695
            ],
            [
              281706.9575841997,
              6243082.243134392
            ],
            [
              281696.0486138834,
              6243081.969805427
            ]
          ]
        ]
      }
    },
    {
      "type": "Feature",
      "properties": {
        "osm_id": "897614593",
        "address": "Bellville 7530 Cape Town",
        "building": "yes",
        "building:levels": "2",
        "footprint": {
          "type": "Polygon",
          "coordinates": [
            [
              [
                281692.2161409876,
                6243070.040935085
              ],
              [
                281692.0059939708,
                6243079.169037059
              ],
              [
                281683.57707047195,
                6243078.852914511
              ],
              [
                281683.4146042714,
                6243069.838301944
              ],
              [
                281692.2161409876,
                6243070.040935085
              ]
            ]
          ]
        },
        "plus_code": "CVX9XRX4+XFV",
        "ground_height": 62.07,
        "building_height": 6.9,
        "roof_height": 68.97
      },
      "geometry": {
        "type": "Polygon",
        "coordinates": [
          [
            [
              281692.2161409876,
              6243070.040935085
            ],
            [
              281692.0059939708,
              6243079.169037059
            ],
            [
              281683.57707047195,
              6243078.852914511
            ],
            [
              281683.4146042714,
              6243069.838301944
            ],
            [
              281692.2161409876,
              6243070.040935085
            ]
          ]
        ]
      }
    },
    {
      "type": "Feature",
      "properties": {
        "osm_id": "897617666",
        "address": "Bellville 7530 Cape Town",
        "building": "greenhouse",
        "building:levels": "1",
        "footprint": {
          "type": "Polygon",
          "coordinates": [
            [
              [
                282075.26220490463,
                6243149.529102539
              ],
              [
                282070.5245993022,
                6243138.323127786
              ],
              [
                282088.28946840286,
                6243130.885728756
              ],
              [
                282093.02708974143,
                6243142.091693883
              ],
              [
                282075.26220490463,
                6243149.529102539
              ]
            ]
          ]
        },
        "plus_code": "C3X3XQXG+X8W",
        "ground_height": 62.24,
        "building_height": 4.1,
        "roof_height": 66.34
      },
      "geometry": {
        "type": "Polygon",
        "coordinates": [
          [
            [
              282075.26220490463,
              6243149.529102539
            ],
            [
              282070.5245993022,
              6243138.323127786
            ],
            [
              282088.28946840286,
              6243130.885728756
            ],
            [
              282093.02708974143,
              6243142.091693883
            ],
            [
              282075.26220490463,
              6243149.529102539
            ]
          ]
        ]
      }
    },
    {
      "type": "Feature",
      "properties": {
        "osm_id": "897617667",
        "address": "Bellville 7530 Cape Town",
        "building": "greenhouse",
        "building:levels": "1",
        "footprint": {
          "type": "Polygon",
          "coordinates": [
            [
              [
                282065.83745698066,
                6243138.204311442
              ],
              [
                282061.1052420824,
                6243128.374494795
              ],
              [
                282091.0709102954,
                6243114.104251839
              ],
              [
                282095.79390120425,
                6243123.933840078
              ],
              [
                282065.83745698066,
                6243138.204311442
              ]
            ]
          ]
        },
        "plus_code": "C2XWXFX2+X4W",
        "ground_height": 62.15,
        "building_height": 4.1,
        "roof_height": 66.25
      },
      "geometry": {
        "type": "Polygon",
        "coordinates": [
          [
            [
              282065.83745698066,
              6243138.204311442
            ],
            [
              282061.1052420824,
              6243128.374494795
            ],
            [
              282091.0709102954,
              6243114.104251839
            ],
            [
              282095.79390120425,
              6243123.933840078
            ],
            [
              282065.83745698066,
              6243138.204311442
            ]
          ]
        ]
      }
    },
    {
      "type": "Feature",
      "properties": {
        "osm_id": "897617668",
        "address": "Bellville 7530 Cape Town",
        "building": "greenhouse",
        "building:levels": "1",
        "footprint": {
          "type": "Polygon",
          "coordinates": [
            [
              [
                282067.80845651013,
                6243120.061463635
              ],
              [
                282063.6770596116,
                6243109.44646433
              ],
              [
                282082.9216447286,
                6243102.020891992
              ],
              [
                282087.06204892986,
                6243112.647185803
              ],
              [
                282067.80845651013,
                6243120.061463635
              ]
            ]
          ]
        },
        "plus_code": "C2XQX9X9+XMW",
        "ground_height": 62.2,
        "building_height": 4.1,
        "roof_height": 66.3
      },
      "geometry": {
        "type": "Polygon",
        "coordinates": [
          [
            [
              282067.80845651013,
              6243120.061463635
            ],
            [
              282063.6770596116,
              6243109.44646433
            ],
            [
              282082.9216447286,
              6243102.020891992
            ],
            [
              282087.06204892986,
              6243112.647185803
            ],
            [
              282067.80845651013,
              6243120.061463635
            ]
          ]
        ]
      }
    },
    {
      "type": "Feature",
      "properties": {
        "osm_id": "897617669",
        "address": "Bellville 7530 Cape Town",
        "building": "greenhouse",
        "building:levels": "1",
        "footprint": {
          "type": "Polygon",
          "coordinates": [
            [
              [
                282071.5489463106,
                6243102.203417832
              ],
              [
                282047.5457923467,
                6243113.825272076
              ],
              [
                282032.1814831292,
                6243082.422429605
              ],
              [
                282046.025906531,
                6243075.716183172
              ],
              [
                282050.1610043057,
                6243084.156246468
              ],
              [
                282070.96497689106,
                6243074.081044086
              ],
              [
                282076.301635136,
                6243084.97897335
              ],
              [
                282065.64709170535,
                6243090.1383985225
              ],
              [
                282071.5489463106,
                6243102.203417832
              ]
            ]
          ]
        },
        "plus_code": "CVXMXQX3+X6W",
        "ground_height": 62.22,
        "building_height": 4.1,
        "roof_height": 66.32
      },
      "geometry": {
        "type": "Polygon",
        "coordinates": [
          [
            [
              282071.5489463106,
              6243102.203417832
            ],
            [
              282047.5457923467,
              6243113.825272076
            ],
            [
              282032.1814831292,
              6243082.422429605
            ],
            [
              282046.025906531,
              6243075.716183172
            ],
            [
              282050.1610043057,
              6243084.156246468
            ],
            [
              282070.96497689106,
              6243074.081044086
            ],
            [
              282076.301635136,
              6243084.97897335
            ],
            [
              282065.64709170535,
              6243090.1383985225
            ],
            [
              282071.5489463106,
              6243102.203417832
            ]
          ]
        ]
      }
    },
    {
      "type": "Feature",
      "properties": {
        "osm_id": "897617670",
        "address": "South African Renewable Energy Technology Centre (SARETEC) Bellville 7530 Cape Town",
        "building": "university",
        "building:levels": "1",
        "footprint": {
          "type": "Polygon",
          "coordinates": [
            [
              [
                281997.68402832607,
                6243177.131091516
              ],
              [
                281998.1665039114,
                6243165.800942572
              ],
              [
                281972.73555415845,
                6243124.445504879
              ],
              [
                281994.1630171379,
                6243111.39967259
              ],
              [
                282002.58955508645,
                6243125.098570444
              ],
              [
                282008.35932986136,
                6243121.580262007
              ],
              [
                282014.3474975842,
                6243120.230905959
              ],
              [
                282021.1733662434,
                6243120.265746199
              ],
              [
                282021.13575267163,
                6243128.7430683775
              ],
              [
                282045.65537813026,
                6243128.862782561
              ],
              [
                282058.5925474012,
                6243149.157099153
              ],
              [
                282021.3720927102,
                6243149.045102226
              ],
              [
                282017.04010524676,
                6243150.377049398
              ],
              [
                282021.38128567237,
                6243157.900801411
              ],
              [
                282018.6503422245,
                6243159.6024651425
              ],
              [
                282017.8668048131,
                6243177.994547244
              ],
              [
                281997.68402832607,
                6243177.131091516
              ]
            ]
          ]
        },
        "plus_code": "CQXRXVXF+X4V",
        "ground_height": 61.95,
        "building_height": 4.1,
        "roof_height": 66.05
      },
      "geometry": {
        "type": "Polygon",
        "coordinates": [
          [
            [
              281997.68402832607,
              6243177.131091516
            ],
            [
              281998.1665039114,
              6243165.800942572
            ],
            [
              281972.73555415845,
              6243124.445504879
            ],
            [
              281994.1630171379,
              6243111.39967259
            ],
            [
              282002.58955508645,
              6243125.098570444
            ],
            [
              282008.35932986136,
              6243121.580262007
            ],
            [
              282014.3474975842,
              6243120.230905959
            ],
            [
              282021.1733662434,
              6243120.265746199
            ],
            [
              282021.13575267163,
              6243128.7430683775
            ],
            [
              282045.65537813026,
              6243128.862782561
            ],
            [
              282058.5925474012,
              6243149.157099153
            ],
            [
              282021.3720927102,
              6243149.045102226
            ],
            [
              282017.04010524676,
              6243150.377049398
            ],
            [
              282021.38128567237,
              6243157.900801411
            ],
            [
              282018.6503422245,
              6243159.6024651425
            ],
            [
              282017.8668048131,
              6243177.994547244
            ],
            [
              281997.68402832607,
              6243177.131091516
            ]
          ]
        ]
      }
    },
    {
      "type": "Feature",
      "properties": {
        "osm_id": "897617671",
        "address": "Maintenance Bellville 7530 Cape Town",
        "building": "yes",
        "building:levels": "1",
        "footprint": {
          "type": "Polygon",
          "coordinates": [
            [
              [
                281921.2571690298,
                6243238.716112617
              ],
              [
                281914.8206246616,
                6243227.781700842
              ],
              [
                281917.27711254876,
                6243226.351180393
              ],
              [
                281906.0417121503,
                6243207.283188628
              ],
              [
                281902.69441140664,
                6243209.23697692
              ],
              [
                281897.299321135,
                6243200.079845634
              ],
              [
                281901.162260972,
                6243197.827199424
              ],
              [
                281888.9564264796,
                6243177.116683912
              ],
              [
                281912.29397510865,
                6243163.482417476
              ],
              [
                281914.94732727803,
                6243167.971186636
              ],
              [
                281912.7815417787,
                6243169.230837321
              ],
              [
                281936.71270764584,
                6243209.830643052
              ],
              [
                281940.0600007031,
                6243207.876843109
              ],
              [
                281948.76718020043,
                6243222.647561537
              ],
              [
                281921.2571690298,
                6243238.716112617
              ]
            ]
          ]
        },
        "plus_code": "CGXRX7X3+XVX",
        "ground_height": 62.21,
        "building_height": 4.1,
        "roof_height": 66.31
      },
      "geometry": {
        "type": "Polygon",
        "coordinates": [
          [
            [
              281921.2571690298,
              6243238.716112617
            ],
            [
              281914.8206246616,
              6243227.781700842
            ],
            [
              281917.27711254876,
              6243226.351180393
            ],
            [
              281906.0417121503,
              6243207.283188628
            ],
            [
              281902.69441140664,
              6243209.23697692
            ],
            [
              281897.299321135,
              6243200.079845634
            ],
            [
              281901.162260972,
              6243197.827199424
            ],
            [
              281888.9564264796,
              6243177.116683912
            ],
            [
              281912.29397510865,
              6243163.482417476
            ],
            [
              281914.94732727803,
              6243167.971186636
            ],
            [
              281912.7815417787,
              6243169.230837321
            ],
            [
              281936.71270764584,
              6243209.830643052
            ],
            [
              281940.0600007031,
              6243207.876843109
            ],
            [
              281948.76718020043,
              6243222.647561537
            ],
            [
              281921.2571690298,
              6243238.716112617
            ]
          ]
        ]
      }
    },
    {
      "type": "Feature",
      "properties": {
        "osm_id": "897617672",
        "address": "H - Horticulture Research 1 Bellville 7530 Cape Town",
        "building": "greenhouse",
        "building:levels": "1",
        "footprint": {
          "type": "Polygon",
          "coordinates": [
            [
              [
                282171.5527363765,
                6243112.679711362
              ],
              [
                282175.2727211376,
                6243140.807509018
              ],
              [
                282162.6452029665,
                6243142.459430368
              ],
              [
                282158.9252541041,
                6243114.3316259645
              ],
              [
                282171.5527363765,
                6243112.679711362
              ]
            ]
          ]
        },
        "plus_code": "C7X9X3XX+XHX",
        "ground_height": 62.29,
        "building_height": 4.1,
        "roof_height": 66.39
      },
      "geometry": {
        "type": "Polygon",
        "coordinates": [
          [
            [
              282171.5527363765,
              6243112.679711362
            ],
            [
              282175.2727211376,
              6243140.807509018
            ],
            [
              282162.6452029665,
              6243142.459430368
            ],
            [
              282158.9252541041,
              6243114.3316259645
            ],
            [
              282171.5527363765,
              6243112.679711362
            ]
          ]
        ]
      }
    },
    {
      "type": "Feature",
      "properties": {
        "osm_id": "897617673",
        "address": "G - Horticulture Research 2 Bellville 7530 Cape Town",
        "building": "greenhouse",
        "building:levels": "1",
        "footprint": {
          "type": "Polygon",
          "coordinates": [
            [
              [
                282159.6089034134,
                6243142.556136757
              ],
              [
                282146.21215769614,
                6243143.868550111
              ],
              [
                282144.21587975824,
                6243123.659271378
              ],
              [
                282157.6033523938,
                6243122.346649849
              ],
              [
                282159.6089034134,
                6243142.556136757
              ]
            ]
          ]
        },
        "plus_code": "C6XHXWX6+X3X",
        "ground_height": 62.23,
        "building_height": 4.1,
        "roof_height": 66.33
      },
      "geometry": {
        "type": "Polygon",
        "coordinates": [
          [
            [
              282159.6089034134,
              6243142.556136757
            ],
            [
              282146.21215769614,
              6243143.868550111
            ],
            [
              282144.21587975824,
              6243123.659271378
            ],
            [
              282157.6033523938,
              6243122.346649849
            ],
            [
              282159.6089034134,
              6243142.556136757
            ]
          ]
        ]
      }
    },
    {
      "type": "Feature",
      "properties": {
        "osm_id": "897625897",
        "address": "De Beers Residence Bellville 7530 Cape Town",
        "building": "dormitory",
        "building:levels": "3",
        "beds": "112",
        "residential": "university",
        "footprint": {
          "type": "Polygon",
          "coordinates": [
            [
              [
                282171.8388442359,
                6242624.70263543
              ],
              [
                282163.8310592728,
                6242623.3867494725
              ],
              [
                282163.39162548864,
                6242626.006665828
              ],
              [
                282143.5724586124,
                6242622.654939944
              ],
              [
                282144.0205628894,
                6242619.657921871
              ],
              [
                282136.16044708533,
                6242618.356502224
              ],
              [
                282137.5451983977,
                6242610.021106746
              ],
              [
                282160.4344604316,
                6242613.809591389
              ],
              [
                282165.4328940377,
                6242583.862390483
              ],
              [
                282141.5483229335,
                6242579.9178766515
              ],
              [
                282143.2019063255,
                6242569.946286745
              ],
              [
                282180.7793834418,
                6242576.158483848
              ],
              [
                282178.9549890836,
                6242587.124892013
              ],
              [
                282175.2782838909,
                6242586.518857217
              ],
              [
                282170.4704965325,
                6242615.416216656
              ],
              [
                282173.3087350655,
                6242615.880920778
              ],
              [
                282171.8388442359,
                6242624.70263543
              ]
            ]
          ]
        },
        "plus_code": "C7XCX4XG+X3V",
        "ground_height": 61.99,
        "building_height": 9.7,
        "roof_height": 71.69
      },
      "geometry": {
        "type": "Polygon",
        "coordinates": [
          [
            [
              282171.8388442359,
              6242624.70263543
            ],
            [
              282163.8310592728,
              6242623.3867494725
            ],
            [
              282163.39162548864,
              6242626.006665828
            ],
            [
              282143.5724586124,
              6242622.654939944
            ],
            [
              282144.0205628894,
              6242619.657921871
            ],
            [
              282136.16044708533,
              6242618.356502224
            ],
            [
              282137.5451983977,
              6242610.021106746
            ],
            [
              282160.4344604316,
              6242613.809591389
            ],
            [
              282165.4328940377,
              6242583.862390483
            ],
            [
              282141.5483229335,
              6242579.9178766515
            ],
            [
              282143.2019063255,
              6242569.946286745
            ],
            [
              282180.7793834418,
              6242576.158483848
            ],
            [
              282178.9549890836,
              6242587.124892013
            ],
            [
              282175.2782838909,
              6242586.518857217
            ],
            [
              282170.4704965325,
              6242615.416216656
            ],
            [
              282173.3087350655,
              6242615.880920778
            ],
            [
              282171.8388442359,
              6242624.70263543
            ]
          ]
        ]
      }
    },
    {
      "type": "Feature",
      "properties": {
        "osm_id": "897625901",
        "address": "Anglo Residence Bellville 7530 Cape Town",
        "building": "dormitory",
        "building:levels": "3",
        "beds": "112",
        "residential": "university",
        "footprint": {
          "type": "Polygon",
          "coordinates": [
            [
              [
                282017.10985163786,
                6242588.465484794
              ],
              [
                282015.4432533749,
                6242598.192626729
              ],
              [
                282006.7824349984,
                6242596.717328339
              ],
              [
                282006.38758771657,
                6242599.005352385
              ],
              [
                281986.0715835816,
                6242595.5419920515
              ],
              [
                281986.44539569074,
                6242593.364455945
              ],
              [
                281978.18058176606,
                6242591.964819534
              ],
              [
                281979.80411774025,
                6242582.503021857
              ],
              [
                281983.8305874565,
                6242583.183758876
              ],
              [
                281988.98903487145,
                6242553.14041492
              ],
              [
                281984.64927514386,
                6242552.408086502
              ],
              [
                281986.36926704005,
                6242542.371456026
              ],
              [
                282025.09426999005,
                6242548.954682432
              ],
              [
                282023.1508532639,
                6242560.26234812
              ],
              [
                281999.3426286843,
                6242556.219349297
              ],
              [
                281994.47156864766,
                6242584.626931539
              ],
              [
                282017.10985163786,
                6242588.465484794
              ]
            ]
          ]
        },
        "plus_code": "CPXHX7XX+XVW",
        "ground_height": 60.95,
        "building_height": 9.7,
        "roof_height": 70.65
      },
      "geometry": {
        "type": "Polygon",
        "coordinates": [
          [
            [
              282017.10985163786,
              6242588.465484794
            ],
            [
              282015.4432533749,
              6242598.192626729
            ],
            [
              282006.7824349984,
              6242596.717328339
            ],
            [
              282006.38758771657,
              6242599.005352385
            ],
            [
              281986.0715835816,
              6242595.5419920515
            ],
            [
              281986.44539569074,
              6242593.364455945
            ],
            [
              281978.18058176606,
              6242591.964819534
            ],
            [
              281979.80411774025,
              6242582.503021857
            ],
            [
              281983.8305874565,
              6242583.183758876
            ],
            [
              281988.98903487145,
              6242553.14041492
            ],
            [
              281984.64927514386,
              6242552.408086502
            ],
            [
              281986.36926704005,
              6242542.371456026
            ],
            [
              282025.09426999005,
              6242548.954682432
            ],
            [
              282023.1508532639,
              6242560.26234812
            ],
            [
              281999.3426286843,
              6242556.219349297
            ],
            [
              281994.47156864766,
              6242584.626931539
            ],
            [
              282017.10985163786,
              6242588.465484794
            ]
          ]
        ]
      }
    },
    {
      "type": "Feature",
      "properties": {
        "osm_id": "902360613",
        "address": null,
        "building": "yes",
        "building:levels": "1",
        "footprint": {
          "type": "Polygon",
          "coordinates": [
            [
              [
                281671.7436966308,
                6242776.849318189
              ],
              [
                281665.4695424426,
                6242775.761587661
              ],
              [
                281667.22534099873,
                6242765.792398119
              ],
              [
                281673.4899881977,
                6242766.891006205
              ],
              [
                281671.7436966308,
                6242776.849318189
              ]
            ]
          ]
        },
        "plus_code": "CRXFXFXJ+XHW",
        "ground_height": 60.98,
        "building_height": 4.1,
        "roof_height": 65.08
      },
      "geometry": {
        "type": "Polygon",
        "coordinates": [
          [
            [
              281671.7436966308,
              6242776.849318189
            ],
            [
              281665.4695424426,
              6242775.761587661
            ],
            [
              281667.22534099873,
              6242765.792398119
            ],
            [
              281673.4899881977,
              6242766.891006205
            ],
            [
              281671.7436966308,
              6242776.849318189
            ]
          ]
        ]
      }
    },
    {
      "type": "Feature",
      "properties": {
        "osm_id": "904201083",
        "address": "Administration Bellville 7530 Cape Town",
        "building": "university",
        "building:levels": "3",
        "footprint": {
          "type": "Polygon",
          "coordinates": [
            [
              [
                281904.47820028616,
                6242821.200786507
              ],
              [
                281909.47167432855,
                6242822.070247043
              ],
              [
                281897.0130460503,
                6242895.213311677
              ],
              [
                281892.0839943494,
                6242894.356426435
              ],
              [
                281891.1361663755,
                6242899.772212207
              ],
              [
                281860.68586307566,
                6242894.510817159
              ],
              [
                281862.23104542354,
                6242885.6464737905
              ],
              [
                281860.17652748595,
                6242885.28848889
              ],
              [
                281862.4257864213,
                6242872.356602596
              ],
              [
                281859.72870665696,
                6242871.784086637
              ],
              [
                281861.14936418703,
                6242863.105529571
              ],
              [
                281859.6747409459,
                6242862.871856343
              ],
              [
                281863.630776065,
                6242838.072023982
              ],
              [
                281864.8935241631,
                6242838.267531201
              ],
              [
                281866.3507041439,
                6242830.011504453
              ],
              [
                281869.06932408456,
                6242830.451349498
              ],
              [
                281871.32908588066,
                6242817.464217797
              ],
              [
                281873.3466089159,
                6242817.821350314
              ],
              [
                281874.7108788319,
                6242809.984876006
              ],
              [
                281905.51094747416,
                6242815.309777008
              ],
              [
                281904.47820028616,
                6242821.200786507
              ]
            ]
          ]
        },
        "plus_code": "CFX5X4XG+XVX",
        "ground_height": 62.25,
        "building_height": 9.7,
        "roof_height": 71.95
      },
      "geometry": {
        "type": "Polygon",
        "coordinates": [
          [
            [
              281904.47820028616,
              6242821.200786507
            ],
            [
              281909.47167432855,
              6242822.070247043
            ],
            [
              281897.0130460503,
              6242895.213311677
            ],
            [
              281892.0839943494,
              6242894.356426435
            ],
            [
              281891.1361663755,
              6242899.772212207
            ],
            [
              281860.68586307566,
              6242894.510817159
            ],
            [
              281862.23104542354,
              6242885.6464737905
            ],
            [
              281860.17652748595,
              6242885.28848889
            ],
            [
              281862.4257864213,
              6242872.356602596
            ],
            [
              281859.72870665696,
              6242871.784086637
            ],
            [
              281861.14936418703,
              6242863.105529571
            ],
            [
              281859.6747409459,
              6242862.871856343
            ],
            [
              281863.630776065,
              6242838.072023982
            ],
            [
              281864.8935241631,
              6242838.267531201
            ],
            [
              281866.3507041439,
              6242830.011504453
            ],
            [
              281869.06932408456,
              6242830.451349498
            ],
            [
              281871.32908588066,
              6242817.464217797
            ],
            [
              281873.3466089159,
              6242817.821350314
            ],
            [
              281874.7108788319,
              6242809.984876006
            ],
            [
              281905.51094747416,
              6242815.309777008
            ],
            [
              281904.47820028616,
              6242821.200786507
            ]
          ]
        ]
      }
    },
    {
      "type": "Feature",
      "properties": {
        "osm_id": "904207930",
        "address": "Bellville 7530 Cape Town",
        "building": "university",
        "building:levels": "1",
        "footprint": {
          "type": "Polygon",
          "coordinates": [
            [
              [
                281632.7427795816,
                6242951.70771018
              ],
              [
                281630.4029280462,
                6242951.2876193635
              ],
              [
                281630.30985941296,
                6242952.51725858
              ],
              [
                281625.67663765675,
                6242951.667048493
              ],
              [
                281625.82390093,
                6242950.494143076
              ],
              [
                281613.41889787454,
                6242948.111088755
              ],
              [
                281615.15596146905,
                6242939.761656439
              ],
              [
                281634.2409838475,
                6242943.286192037
              ],
              [
                281632.7427795816,
                6242951.70771018
              ]
            ]
          ]
        },
        "plus_code": "CPX5XVX8+XGV",
        "ground_height": 61.29,
        "building_height": 4.1,
        "roof_height": 65.39
      },
      "geometry": {
        "type": "Polygon",
        "coordinates": [
          [
            [
              281632.7427795816,
              6242951.70771018
            ],
            [
              281630.4029280462,
              6242951.2876193635
            ],
            [
              281630.30985941296,
              6242952.51725858
            ],
            [
              281625.67663765675,
              6242951.667048493
            ],
            [
              281625.82390093,
              6242950.494143076
            ],
            [
              281613.41889787454,
              6242948.111088755
            ],
            [
              281615.15596146905,
              6242939.761656439
            ],
            [
              281634.2409838475,
              6242943.286192037
            ],
            [
              281632.7427795816,
              6242951.70771018
            ]
          ]
        ]
      }
    },
    {
      "type": "Feature",
      "properties": {
        "osm_id": "905562892",
        "address": null,
        "building": "yes",
        "building:levels": "1",
        "footprint": {
          "type": "Polygon",
          "coordinates": [
            [
              [
                281986.8839646693,
                6243055.43607213
              ],
              [
                281988.9347769802,
                6243043.8867451735
              ],
              [
                281998.4424935244,
                6243045.559052756
              ],
              [
                281998.7716797428,
                6243043.713403929
              ],
              [
                282002.1252290299,
                6243044.300968023
              ],
              [
                282001.8696847743,
                6243045.759911194
              ],
              [
                282011.7644311795,
                6243047.496588305
              ],
              [
                282009.639750625,
                6243059.443715789
              ],
              [
                281986.8839646693,
                6243055.43607213
              ]
            ]
          ]
        },
        "plus_code": "CPXXX8XF+XFV",
        "ground_height": 62.49,
        "building_height": 4.1,
        "roof_height": 66.59
      },
      "geometry": {
        "type": "Polygon",
        "coordinates": [
          [
            [
              281986.8839646693,
              6243055.43607213
            ],
            [
              281988.9347769802,
              6243043.8867451735
            ],
            [
              281998.4424935244,
              6243045.559052756
            ],
            [
              281998.7716797428,
              6243043.713403929
            ],
            [
              282002.1252290299,
              6243044.300968023
            ],
            [
              282001.8696847743,
              6243045.759911194
            ],
            [
              282011.7644311795,
              6243047.496588305
            ],
            [
              282009.639750625,
              6243059.443715789
            ],
            [
              281986.8839646693,
              6243055.43607213
            ]
          ]
        ]
      }
    },
    {
      "type": "Feature",
      "properties": {
        "osm_id": "905562893",
        "address": null,
        "building": "public",
        "building:levels": "1",
        "footprint": {
          "type": "Polygon",
          "coordinates": [
            [
              [
                281982.9848372155,
                6243043.172898952
              ],
              [
                281982.3003177673,
                6243047.196508033
              ],
              [
                281972.07248992426,
                6243045.463238502
              ],
              [
                281972.76651399257,
                6243041.428751264
              ],
              [
                281982.9848372155,
                6243043.172898952
              ]
            ]
          ]
        },
        "plus_code": "CMXVXGXH+XVX",
        "ground_height": 62.55,
        "building_height": 4.1,
        "roof_height": 66.65
      },
      "geometry": {
        "type": "Polygon",
        "coordinates": [
          [
            [
              281982.9848372155,
              6243043.172898952
            ],
            [
              281982.3003177673,
              6243047.196508033
            ],
            [
              281972.07248992426,
              6243045.463238502
            ],
            [
              281972.76651399257,
              6243041.428751264
            ],
            [
              281982.9848372155,
              6243043.172898952
            ]
          ]
        ]
      }
    },
    {
      "type": "Feature",
      "properties": {
        "osm_id": "908473962",
        "address": "Bellville 7530 Cape Town",
        "building": "service",
        "building:levels": "1",
        "footprint": {
          "type": "Polygon",
          "coordinates": [
            [
              [
                281864.0695174658,
                6242611.94492542
              ],
              [
                281855.5450757315,
                6242610.572500265
              ],
              [
                281854.8987124107,
                6242614.1420004275
              ],
              [
                281846.93176807964,
                6242612.660326324
              ],
              [
                281847.63641072717,
                6242608.970099043
              ],
              [
                281847.08171948104,
                6242608.957336007
              ],
              [
                281848.6423214827,
                6242600.226513503
              ],
              [
                281865.62448989355,
                6242603.458108535
              ],
              [
                281864.0695174658,
                6242611.94492542
              ]
            ]
          ]
        },
        "plus_code": "C9XRX8XW+XQW",
        "ground_height": 60.25,
        "building_height": 4.1,
        "roof_height": 64.35
      },
      "geometry": {
        "type": "Polygon",
        "coordinates": [
          [
            [
              281864.0695174658,
              6242611.94492542
            ],
            [
              281855.5450757315,
              6242610.572500265
            ],
            [
              281854.8987124107,
              6242614.1420004275
            ],
            [
              281846.93176807964,
              6242612.660326324
            ],
            [
              281847.63641072717,
              6242608.970099043
            ],
            [
              281847.08171948104,
              6242608.957336007
            ],
            [
              281848.6423214827,
              6242600.226513503
            ],
            [
              281865.62448989355,
              6242603.458108535
            ],
            [
              281864.0695174658,
              6242611.94492542
            ]
          ]
        ]
      }
    },
    {
      "type": "Feature",
      "properties": {
        "osm_id": "908477449",
        "address": "Bellville 7530 Cape Town",
        "building": "greenhouse",
        "building:levels": "1",
        "footprint": {
          "type": "Polygon",
          "coordinates": [
            [
              [
                281622.9847292005,
                6243115.953683987
              ],
              [
                281623.2909004337,
                6243091.813362896
              ],
              [
                281635.57713515544,
                6243091.730090354
              ],
              [
                281635.1331317384,
                6243116.233441092
              ],
              [
                281622.9847292005,
                6243115.953683987
              ]
            ]
          ]
        },
        "plus_code": "CPXFX6XW+XWX",
        "ground_height": 62.23,
        "building_height": 4.1,
        "roof_height": 66.33
      },
      "geometry": {
        "type": "Polygon",
        "coordinates": [
          [
            [
              281622.9847292005,
              6243115.953683987
            ],
            [
              281623.2909004337,
              6243091.813362896
            ],
            [
              281635.57713515544,
              6243091.730090354
            ],
            [
              281635.1331317384,
              6243116.233441092
            ],
            [
              281622.9847292005,
              6243115.953683987
            ]
          ]
        ]
      }
    },
    {
      "type": "Feature",
      "properties": {
        "osm_id": "916897603",
        "address": null,
        "building": "yes",
        "building:levels": "1",
        "footprint": {
          "type": "Polygon",
          "coordinates": [
            [
              [
                281961.7932451878,
                6242863.334132943
              ],
              [
                281959.83161593694,
                6242875.429266363
              ],
              [
                281938.31985096657,
                6242872.049322009
              ],
              [
                281937.78464484296,
                6242875.210788388
              ],
              [
                281930.22865312116,
                6242873.949497985
              ],
              [
                281930.7746373535,
                6242870.721697032
              ],
              [
                281933.95374048164,
                6242871.249792591
              ],
              [
                281936.0532515567,
                6242858.79162826
              ],
              [
                281931.9711944552,
                6242858.109601254
              ],
              [
                281932.4107037167,
                6242853.880611061
              ],
              [
                281940.76641089644,
                6242855.360040482
              ],
              [
                281940.0226450169,
                6242859.948238427
              ],
              [
                281961.7932451878,
                6242863.334132943
              ]
            ]
          ]
        },
        "plus_code": "CJX9XWXH+XVW",
        "ground_height": 62.31,
        "building_height": 4.1,
        "roof_height": 66.41
      },
      "geometry": {
        "type": "Polygon",
        "coordinates": [
          [
            [
              281961.7932451878,
              6242863.334132943
            ],
            [
              281959.83161593694,
              6242875.429266363
            ],
            [
              281938.31985096657,
              6242872.049322009
            ],
            [
              281937.78464484296,
              6242875.210788388
            ],
            [
              281930.22865312116,
              6242873.949497985
            ],
            [
              281930.7746373535,
              6242870.721697032
            ],
            [
              281933.95374048164,
              6242871.249792591
            ],
            [
              281936.0532515567,
              6242858.79162826
            ],
            [
              281931.9711944552,
              6242858.109601254
            ],
            [
              281932.4107037167,
              6242853.880611061
            ],
            [
              281940.76641089644,
              6242855.360040482
            ],
            [
              281940.0226450169,
              6242859.948238427
            ],
            [
              281961.7932451878,
              6242863.334132943
            ]
          ]
        ]
      }
    },
    {
      "type": "Feature",
      "properties": {
        "osm_id": "916906401",
        "address": null,
        "building": "roof",
        "building:levels": "1",
        "footprint": {
          "type": "Polygon",
          "coordinates": [
            [
              [
                282034.57297788956,
                6242880.598873669
              ],
              [
                282034.39019331627,
                6242882.514471336
              ],
              [
                282033.5820554651,
                6242884.271431337
              ],
              [
                282032.2263493495,
                6242885.705085031
              ],
              [
                282030.4758409867,
                6242886.6080989195
              ],
              [
                282028.526972658,
                6242886.885114633
              ],
              [
                282026.5836472041,
                6242886.518625166
              ],
              [
                282024.87673793256,
                6242885.525035015
              ],
              [
                282023.58808774746,
                6242884.041689874
              ],
              [
                282022.87078402675,
                6242882.2496628985
              ],
              [
                282022.7672275002,
                6242880.316385578
              ],
              [
                282023.3095537643,
                6242878.4534417605
              ],
              [
                282024.4097120282,
                6242876.869652243
              ],
              [
                282025.98067159206,
                6242875.729472764
              ],
              [
                282027.8257356017,
                6242875.139352463
              ],
              [
                282029.48959948996,
                6242875.188698599
              ],
              [
                282031.5924505427,
                6242875.858476661
              ],
              [
                282033.0998571805,
                6242877.080518855
              ],
              [
                282034.1353203595,
                6242878.71340205
              ],
              [
                282034.57297788956,
                6242880.598873669
              ]
            ]
          ]
        },
        "plus_code": "CRXCXMX6+X5R",
        "ground_height": 62.52,
        "bottom_roof_height": 65.32,
        "roof_height": 66.62
      },
      "geometry": {
        "type": "Polygon",
        "coordinates": [
          [
            [
              282034.57297788956,
              6242880.598873669
            ],
            [
              282034.39019331627,
              6242882.514471336
            ],
            [
              282033.5820554651,
              6242884.271431337
            ],
            [
              282032.2263493495,
              6242885.705085031
            ],
            [
              282030.4758409867,
              6242886.6080989195
            ],
            [
              282028.526972658,
              6242886.885114633
            ],
            [
              282026.5836472041,
              6242886.518625166
            ],
            [
              282024.87673793256,
              6242885.525035015
            ],
            [
              282023.58808774746,
              6242884.041689874
            ],
            [
              282022.87078402675,
              6242882.2496628985
            ],
            [
              282022.7672275002,
              6242880.316385578
            ],
            [
              282023.3095537643,
              6242878.4534417605
            ],
            [
              282024.4097120282,
              6242876.869652243
            ],
            [
              282025.98067159206,
              6242875.729472764
            ],
            [
              282027.8257356017,
              6242875.139352463
            ],
            [
              282029.48959948996,
              6242875.188698599
            ],
            [
              282031.5924505427,
              6242875.858476661
            ],
            [
              282033.0998571805,
              6242877.080518855
            ],
            [
              282034.1353203595,
              6242878.71340205
            ],
            [
              282034.57297788956,
              6242880.598873669
            ]
          ]
        ]
      }
    },
    {
      "type": "Feature",
      "properties": {
        "osm_id": "916907709",
        "address": null,
        "building": "roof",
        "building:levels": "1",
        "footprint": {
          "type": "Polygon",
          "coordinates": [
            [
              [
                282024.88172141963,
                6242865.994240629
              ],
              [
                282025.58547211904,
                6242861.937780352
              ],
              [
                282029.3711817424,
                6242862.635148289
              ],
              [
                282030.0780562913,
                6242858.845090199
              ],
              [
                282038.1749142476,
                6242860.318482097
              ],
              [
                282037.3808244028,
                6242864.683585247
              ],
              [
                282033.59536855837,
                6242863.975129332
              ],
              [
                282032.9413497498,
                6242867.477877831
              ],
              [
                282024.88172141963,
                6242865.994240629
              ]
            ]
          ]
        },
        "plus_code": "CRXHXFXQ+XXV",
        "ground_height": 62.48,
        "bottom_roof_height": 65.28,
        "roof_height": 66.58
      },
      "geometry": {
        "type": "Polygon",
        "coordinates": [
          [
            [
              282024.88172141963,
              6242865.994240629
            ],
            [
              282025.58547211904,
              6242861.937780352
            ],
            [
              282029.3711817424,
              6242862.635148289
            ],
            [
              282030.0780562913,
              6242858.845090199
            ],
            [
              282038.1749142476,
              6242860.318482097
            ],
            [
              282037.3808244028,
              6242864.683585247
            ],
            [
              282033.59536855837,
              6242863.975129332
            ],
            [
              282032.9413497498,
              6242867.477877831
            ],
            [
              282024.88172141963,
              6242865.994240629
            ]
          ]
        ]
      }
    },
    {
      "type": "Feature",
      "properties": {
        "osm_id": "916907710",
        "address": null,
        "building": "roof",
        "building:levels": "1",
        "footprint": {
          "type": "Polygon",
          "coordinates": [
            [
              [
                282019.58955819876,
                6242897.832250198
              ],
              [
                282020.2602223854,
                6242894.00806882
              ],
              [
                282027.7346270053,
                6242895.600323232
              ],
              [
                282027.3397794201,
                6242897.888347562
              ],
              [
                282031.80709352996,
                6242898.712353207
              ],
              [
                282030.99177091825,
                6242903.598531907
              ],
              [
                282022.68453279784,
                6242902.02042635
              ],
              [
                282023.3472917655,
                6242898.5400734395
              ],
              [
                282019.58955819876,
                6242897.832250198
              ]
            ]
          ]
        },
        "plus_code": "CRX9X7X8+X4V",
        "ground_height": 62.75,
        "bottom_roof_height": 65.55,
        "roof_height": 66.85
      },
      "geometry": {
        "type": "Polygon",
        "coordinates": [
          [
            [
              282019.58955819876,
              6242897.832250198
            ],
            [
              282020.2602223854,
              6242894.00806882
            ],
            [
              282027.7346270053,
              6242895.600323232
            ],
            [
              282027.3397794201,
              6242897.888347562
            ],
            [
              282031.80709352996,
              6242898.712353207
            ],
            [
              282030.99177091825,
              6242903.598531907
            ],
            [
              282022.68453279784,
              6242902.02042635
            ],
            [
              282023.3472917655,
              6242898.5400734395
            ],
            [
              282019.58955819876,
              6242897.832250198
            ]
          ]
        ]
      }
    },
    {
      "type": "Feature",
      "properties": {
        "osm_id": "916907712",
        "address": null,
        "building": "roof",
        "building:levels": "1",
        "footprint": {
          "type": "Polygon",
          "coordinates": [
            [
              [
                282128.39890803373,
                6242912.661903381
              ],
              [
                282136.2102418096,
                6242914.084258179
              ],
              [
                282140.09129167045,
                6242917.879860385
              ],
              [
                282144.3827393153,
                6242920.319947028
              ],
              [
                282145.2759506244,
                6242920.495828334
              ],
              [
                282145.40178426314,
                6242919.0449998155
              ],
              [
                282151.8214402473,
                6242920.246716088
              ],
              [
                282151.67016553134,
                6242921.5970862545
              ],
              [
                282153.8335292036,
                6242921.646788748
              ],
              [
                282158.57530764467,
                6242920.590532679
              ],
              [
                282162.0323756251,
                6242918.683574875
              ],
              [
                282171.30037306435,
                6242920.316918385
              ],
              [
                282170.8006236082,
                6242923.146293836
              ],
              [
                282163.01395694236,
                6242921.857700241
              ],
              [
                282156.56873942644,
                6242924.1842807215
              ],
              [
                282153.14453963196,
                6242924.660466574
              ],
              [
                282151.0985591656,
                6242924.73552888
              ],
              [
                282145.13809954445,
                6242923.6775277415
              ],
              [
                282140.61591878487,
                6242922.020034132
              ],
              [
                282134.721251915,
                6242916.890903253
              ],
              [
                282127.813900786,
                6242915.57809531
              ],
              [
                282128.39890803373,
                6242912.661903381
              ]
            ]
          ]
        },
        "plus_code": "C5XXXCX4+X9R",
        "ground_height": 63.61,
        "bottom_roof_height": 66.41,
        "roof_height": 67.71
      },
      "geometry": {
        "type": "Polygon",
        "coordinates": [
          [
            [
              282128.39890803373,
              6242912.661903381
            ],
            [
              282136.2102418096,
              6242914.084258179
            ],
            [
              282140.09129167045,
              6242917.879860385
            ],
            [
              282144.3827393153,
              6242920.319947028
            ],
            [
              282145.2759506244,
              6242920.495828334
            ],
            [
              282145.40178426314,
              6242919.0449998155
            ],
            [
              282151.8214402473,
              6242920.246716088
            ],
            [
              282151.67016553134,
              6242921.5970862545
            ],
            [
              282153.8335292036,
              6242921.646788748
            ],
            [
              282158.57530764467,
              6242920.590532679
            ],
            [
              282162.0323756251,
              6242918.683574875
            ],
            [
              282171.30037306435,
              6242920.316918385
            ],
            [
              282170.8006236082,
              6242923.146293836
            ],
            [
              282163.01395694236,
              6242921.857700241
            ],
            [
              282156.56873942644,
              6242924.1842807215
            ],
            [
              282153.14453963196,
              6242924.660466574
            ],
            [
              282151.0985591656,
              6242924.73552888
            ],
            [
              282145.13809954445,
              6242923.6775277415
            ],
            [
              282140.61591878487,
              6242922.020034132
            ],
            [
              282134.721251915,
              6242916.890903253
            ],
            [
              282127.813900786,
              6242915.57809531
            ],
            [
              282128.39890803373,
              6242912.661903381
            ]
          ]
        ]
      }
    },
    {
      "type": "Feature",
      "properties": {
        "osm_id": "916908655",
        "address": null,
        "building": "roof",
        "building:levels": "1",
        "footprint": {
          "type": "Polygon",
          "coordinates": [
            [
              [
                282133.4922823098,
                6242884.226101764
              ],
              [
                282134.1101189625,
                6242881.088721966
              ],
              [
                282140.87563941,
                6242882.131938134
              ],
              [
                282141.94665532286,
                6242881.413040433
              ],
              [
                282148.0688515671,
                6242879.456351308
              ],
              [
                282152.53212617757,
                6242879.248177342
              ],
              [
                282158.7760983576,
                6242880.445854578
              ],
              [
                282162.70835810254,
                6242882.012108453
              ],
              [
                282166.4343133505,
                6242884.505777048
              ],
              [
                282168.79046552733,
                6242887.034557914
              ],
              [
                282168.34574941976,
                6242890.286887208
              ],
              [
                282166.99359756,
                6242889.956202246
              ],
              [
                282162.3792397988,
                6242885.466841072
              ],
              [
                282159.68174592615,
                6242884.10650854
              ],
              [
                282158.01118452,
                6242883.946060531
              ],
              [
                282157.91818437446,
                6242885.175701537
              ],
              [
                282151.56454191636,
                6242883.920018805
              ],
              [
                282151.8994445773,
                6242882.629352944
              ],
              [
                282147.4228460139,
                6242883.014774152
              ],
              [
                282144.23400754284,
                6242884.117800736
              ],
              [
                282141.349563455,
                6242885.660606898
              ],
              [
                282133.4922823098,
                6242884.226101764
              ]
            ]
          ]
        },
        "plus_code": "C5XXXVXC+X7R",
        "ground_height": 63.63,
        "bottom_roof_height": 66.43,
        "roof_height": 67.73
      },
      "geometry": {
        "type": "Polygon",
        "coordinates": [
          [
            [
              282133.4922823098,
              6242884.226101764
            ],
            [
              282134.1101189625,
              6242881.088721966
            ],
            [
              282140.87563941,
              6242882.131938134
            ],
            [
              282141.94665532286,
              6242881.413040433
            ],
            [
              282148.0688515671,
              6242879.456351308
            ],
            [
              282152.53212617757,
              6242879.248177342
            ],
            [
              282158.7760983576,
              6242880.445854578
            ],
            [
              282162.70835810254,
              6242882.012108453
            ],
            [
              282166.4343133505,
              6242884.505777048
            ],
            [
              282168.79046552733,
              6242887.034557914
            ],
            [
              282168.34574941976,
              6242890.286887208
            ],
            [
              282166.99359756,
              6242889.956202246
            ],
            [
              282162.3792397988,
              6242885.466841072
            ],
            [
              282159.68174592615,
              6242884.10650854
            ],
            [
              282158.01118452,
              6242883.946060531
            ],
            [
              282157.91818437446,
              6242885.175701537
            ],
            [
              282151.56454191636,
              6242883.920018805
            ],
            [
              282151.8994445773,
              6242882.629352944
            ],
            [
              282147.4228460139,
              6242883.014774152
            ],
            [
              282144.23400754284,
              6242884.117800736
            ],
            [
              282141.349563455,
              6242885.660606898
            ],
            [
              282133.4922823098,
              6242884.226101764
            ]
          ]
        ]
      }
    },
    {
      "type": "Feature",
      "properties": {
        "osm_id": "916914039",
        "address": "IT Centre Bellville 7530 Cape Town",
        "building": "university",
        "building:levels": "3",
        "footprint": {
          "type": "Polygon",
          "coordinates": [
            [
              [
                282118.9806632338,
                6242966.277515973
              ],
              [
                282078.0606773237,
                6242959.333642671
              ],
              [
                282087.74330055877,
                6242905.091594562
              ],
              [
                282103.0320362272,
                6242907.57358529
              ],
              [
                282103.1274764942,
                6242907.043117703
              ],
              [
                282112.7367618419,
                6242908.717654005
              ],
              [
                282112.6308026512,
                6242909.30336543
              ],
              [
                282128.1828155846,
                6242912.002209395
              ],
              [
                282118.9806632338,
                6242966.277515973
              ]
            ]
          ]
        },
        "plus_code": "C4X5X6XH+X4V",
        "ground_height": 63.43,
        "building_height": 9.7,
        "roof_height": 73.13
      },
      "geometry": {
        "type": "Polygon",
        "coordinates": [
          [
            [
              282118.9806632338,
              6242966.277515973
            ],
            [
              282078.0606773237,
              6242959.333642671
            ],
            [
              282087.74330055877,
              6242905.091594562
            ],
            [
              282103.0320362272,
              6242907.57358529
            ],
            [
              282103.1274764942,
              6242907.043117703
            ],
            [
              282112.7367618419,
              6242908.717654005
            ],
            [
              282112.6308026512,
              6242909.30336543
            ],
            [
              282128.1828155846,
              6242912.002209395
            ],
            [
              282118.9806632338,
              6242966.277515973
            ]
          ]
        ]
      }
    },
    {
      "type": "Feature",
      "properties": {
        "osm_id": "916914040",
        "address": null,
        "building": "roof",
        "building:levels": "1",
        "footprint": {
          "type": "Polygon",
          "coordinates": [
            [
              [
                281974.4059980296,
                6242890.068574648
              ],
              [
                281965.1162444883,
                6242888.578796594
              ],
              [
                281965.73094981734,
                6242884.775524905
              ],
              [
                281969.15916690615,
                6242885.33153069
              ],
              [
                281969.6658622518,
                6242882.202699078
              ],
              [
                281966.08073439146,
                6242881.631988175
              ],
              [
                281959.01217591995,
                6242880.492900785
              ],
              [
                281959.83161593694,
                6242875.429266363
              ],
              [
                281961.7932451878,
                6242863.334132943
              ],
              [
                281962.48337876075,
                6242859.066517071
              ],
              [
                281969.81001876004,
                6242860.244828835
              ],
              [
                281972.8881885981,
                6242860.737299243
              ],
              [
                281973.45953388955,
                6242857.210458021
              ],
              [
                281970.15100306424,
                6242856.679399367
              ],
              [
                281970.863703392,
                6242852.234748262
              ],
              [
                281982.7246396707,
                6242854.138750675
              ],
              [
                281981.9270182096,
                6242859.058625443
              ],
              [
                281977.1531075083,
                6242858.294127515
              ],
              [
                281976.1499878029,
                6242864.507638935
              ],
              [
                281965.21973324823,
                6242862.758195501
              ],
              [
                281962.954867934,
                6242876.777254006
              ],
              [
                281974.0787759124,
                6242878.553345898
              ],
              [
                281972.8804227462,
                6242886.016341537
              ],
              [
                281974.9837191595,
                6242886.264452232
              ],
              [
                281974.4059980296,
                6242890.068574648
              ]
            ]
          ]
        },
        "plus_code": "CMX4X9XP+XCW",
        "ground_height": 62.31,
        "bottom_roof_height": 65.11,
        "roof_height": 66.41
      },
      "geometry": {
        "type": "Polygon",
        "coordinates": [
          [
            [
              281974.4059980296,
              6242890.068574648
            ],
            [
              281965.1162444883,
              6242888.578796594
            ],
            [
              281965.73094981734,
              6242884.775524905
            ],
            [
              281969.15916690615,
              6242885.33153069
            ],
            [
              281969.6658622518,
              6242882.202699078
            ],
            [
              281966.08073439146,
              6242881.631988175
            ],
            [
              281959.01217591995,
              6242880.492900785
            ],
            [
              281959.83161593694,
              6242875.429266363
            ],
            [
              281961.7932451878,
              6242863.334132943
            ],
            [
              281962.48337876075,
              6242859.066517071
            ],
            [
              281969.81001876004,
              6242860.244828835
            ],
            [
              281972.8881885981,
              6242860.737299243
            ],
            [
              281973.45953388955,
              6242857.210458021
            ],
            [
              281970.15100306424,
              6242856.679399367
            ],
            [
              281970.863703392,
              6242852.234748262
            ],
            [
              281982.7246396707,
              6242854.138750675
            ],
            [
              281981.9270182096,
              6242859.058625443
            ],
            [
              281977.1531075083,
              6242858.294127515
            ],
            [
              281976.1499878029,
              6242864.507638935
            ],
            [
              281965.21973324823,
              6242862.758195501
            ],
            [
              281962.954867934,
              6242876.777254006
            ],
            [
              281974.0787759124,
              6242878.553345898
            ],
            [
              281972.8804227462,
              6242886.016341537
            ],
            [
              281974.9837191595,
              6242886.264452232
            ],
            [
              281974.4059980296,
              6242890.068574648
            ]
          ]
        ]
      }
    },
    {
      "type": "Feature",
      "properties": {
        "osm_id": "916916471",
        "address": "Minor Sport Hall Bellville 7530 Cape Town",
        "building": "university",
        "building:levels": "2",
        "footprint": {
          "type": "Polygon",
          "coordinates": [
            [
              [
                281966.4516893375,
                6242914.576746501
              ],
              [
                281968.49422418827,
                6242902.583346887
              ],
              [
                281972.186221294,
                6242903.334067378
              ],
              [
                281974.4059980296,
                6242890.068574648
              ],
              [
                281974.9837191595,
                6242886.264452232
              ],
              [
                281991.60530014895,
                6242889.110186812
              ],
              [
                281989.14727920457,
                6242902.680923156
              ],
              [
                282001.9628905832,
                6242904.906468276
              ],
              [
                282004.38518771983,
                6242891.279423126
              ],
              [
                282020.0760848386,
                6242893.970544391
              ],
              [
                282012.43645375234,
                6242936.984858297
              ],
              [
                281968.65440151875,
                6242929.408748448
              ],
              [
                281971.13623719604,
                6242915.206027582
              ],
              [
                281966.4516893375,
                6242914.576746501
              ]
            ]
          ]
        },
        "plus_code": "CPXJX7XG+X2W",
        "ground_height": 62.51,
        "building_height": 6.9,
        "roof_height": 69.41
      },
      "geometry": {
        "type": "Polygon",
        "coordinates": [
          [
            [
              281966.4516893375,
              6242914.576746501
            ],
            [
              281968.49422418827,
              6242902.583346887
            ],
            [
              281972.186221294,
              6242903.334067378
            ],
            [
              281974.4059980296,
              6242890.068574648
            ],
            [
              281974.9837191595,
              6242886.264452232
            ],
            [
              281991.60530014895,
              6242889.110186812
            ],
            [
              281989.14727920457,
              6242902.680923156
            ],
            [
              282001.9628905832,
              6242904.906468276
            ],
            [
              282004.38518771983,
              6242891.279423126
            ],
            [
              282020.0760848386,
              6242893.970544391
            ],
            [
              282012.43645375234,
              6242936.984858297
            ],
            [
              281968.65440151875,
              6242929.408748448
            ],
            [
              281971.13623719604,
              6242915.206027582
            ],
            [
              281966.4516893375,
              6242914.576746501
            ]
          ]
        ]
      }
    },
    {
      "type": "Feature",
      "properties": {
        "osm_id": "916917002",
        "address": "Electrical, Electronic and Computer Engineering (Block A) Bellville 7530 Cape Town",
        "building": "university",
        "building:levels": "3",
        "footprint": {
          "type": "Polygon",
          "coordinates": [
            [
              [
                282201.53265284526,
                6242836.817749305
              ],
              [
                282207.20027591346,
                6242837.735827357
              ],
              [
                282233.5764129837,
                6242842.36988238
              ],
              [
                282223.3542025961,
                6242900.006432256
              ],
              [
                282175.97038220166,
                6242891.782600833
              ],
              [
                282185.6247820617,
                6242833.911095078
              ],
              [
                282201.53265284526,
                6242836.817749305
              ]
            ]
          ]
        },
        "plus_code": "C9X6XJXV+X8V",
        "ground_height": 64.07,
        "building_height": 9.7,
        "roof_height": 73.77
      },
      "geometry": {
        "type": "Polygon",
        "coordinates": [
          [
            [
              282201.53265284526,
              6242836.817749305
            ],
            [
              282207.20027591346,
              6242837.735827357
            ],
            [
              282233.5764129837,
              6242842.36988238
            ],
            [
              282223.3542025961,
              6242900.006432256
            ],
            [
              282175.97038220166,
              6242891.782600833
            ],
            [
              282185.6247820617,
              6242833.911095078
            ],
            [
              282201.53265284526,
              6242836.817749305
            ]
          ]
        ]
      }
    },
    {
      "type": "Feature",
      "properties": {
        "osm_id": "916919898",
        "address": "Library Bellville 7530 Cape Town",
        "building": "university",
        "building:levels": "3",
        "footprint": {
          "type": "Polygon",
          "coordinates": [
            [
              [
                282063.73310433625,
                6242832.93015802
              ],
              [
                282068.4399960907,
                6242833.792946484
              ],
              [
                282088.1319492413,
                6242837.0641939975
              ],
              [
                282082.0370655276,
                6242872.4459449
              ],
              [
                282070.8894973718,
                6242870.49188284
              ],
              [
                282070.5898477989,
                6242872.260532349
              ],
              [
                282047.82168868656,
                6242868.408077271
              ],
              [
                282048.15315689624,
                6242866.462605862
              ],
              [
                282037.6756475867,
                6242864.734750838
              ],
              [
                282043.6461765178,
                6242829.538808404
              ],
              [
                282063.73310433625,
                6242832.93015802
              ]
            ]
          ]
        },
        "plus_code": "C2X4XVXP+X7R",
        "ground_height": 62.68,
        "building_height": 9.7,
        "roof_height": 72.38
      },
      "geometry": {
        "type": "Polygon",
        "coordinates": [
          [
            [
              282063.73310433625,
              6242832.93015802
            ],
            [
              282068.4399960907,
              6242833.792946484
            ],
            [
              282088.1319492413,
              6242837.0641939975
            ],
            [
              282082.0370655276,
              6242872.4459449
            ],
            [
              282070.8894973718,
              6242870.49188284
            ],
            [
              282070.5898477989,
              6242872.260532349
            ],
            [
              282047.82168868656,
              6242868.408077271
            ],
            [
              282048.15315689624,
              6242866.462605862
            ],
            [
              282037.6756475867,
              6242864.734750838
            ],
            [
              282043.6461765178,
              6242829.538808404
            ],
            [
              282063.73310433625,
              6242832.93015802
            ]
          ]
        ]
      }
    },
    {
      "type": "Feature",
      "properties": {
        "osm_id": "916919899",
        "address": null,
        "building": "roof",
        "building:levels": "1",
        "footprint": {
          "type": "Polygon",
          "coordinates": [
            [
              [
                282082.3046636035,
                6242872.474289168
              ],
              [
                282082.99397794163,
                6242868.239941032
              ],
              [
                282092.17303497007,
                6242869.715962971
              ],
              [
                282091.49347961624,
                6242873.92834154
              ],
              [
                282082.3046636035,
                6242872.474289168
              ]
            ]
          ]
        },
        "plus_code": "C3X9X6XQ+XWX",
        "ground_height": 62.9,
        "bottom_roof_height": 65.7,
        "roof_height": 67.0
      },
      "geometry": {
        "type": "Polygon",
        "coordinates": [
          [
            [
              282082.3046636035,
              6242872.474289168
            ],
            [
              282082.99397794163,
              6242868.239941032
            ],
            [
              282092.17303497007,
              6242869.715962971
            ],
            [
              282091.49347961624,
              6242873.92834154
            ],
            [
              282082.3046636035,
              6242872.474289168
            ]
          ]
        ]
      }
    },
    {
      "type": "Feature",
      "properties": {
        "osm_id": "917165376",
        "address": null,
        "building": "roof",
        "building:levels": "1",
        "footprint": {
          "type": "Polygon",
          "coordinates": [
            [
              [
                282023.99480853346,
                6242894.515611859
              ],
              [
                282025.4692001367,
                6242887.114443961
              ],
              [
                282029.25339018076,
                6242887.878358884
              ],
              [
                282027.7332858181,
                6242895.256282093
              ],
              [
                282023.99480853346,
                6242894.515611859
              ]
            ]
          ]
        },
        "plus_code": "CRX8XJX7+X4R",
        "ground_height": 62.75,
        "bottom_roof_height": 65.55,
        "roof_height": 66.85
      },
      "geometry": {
        "type": "Polygon",
        "coordinates": [
          [
            [
              282023.99480853346,
              6242894.515611859
            ],
            [
              282025.4692001367,
              6242887.114443961
            ],
            [
              282029.25339018076,
              6242887.878358884
            ],
            [
              282027.7332858181,
              6242895.256282093
            ],
            [
              282023.99480853346,
              6242894.515611859
            ]
          ]
        ]
      }
    },
    {
      "type": "Feature",
      "properties": {
        "osm_id": "917165377",
        "address": null,
        "building": "roof",
        "building:levels": "1",
        "footprint": {
          "type": "Polygon",
          "coordinates": [
            [
              [
                282032.97221104964,
                6242867.744917825
              ],
              [
                282031.7327789718,
                6242874.985031061
              ],
              [
                282027.63247573364,
                6242874.2915296275
              ],
              [
                282028.8726758377,
                6242867.018143028
              ],
              [
                282032.97221104964,
                6242867.744917825
              ]
            ]
          ]
        },
        "plus_code": "CRXGX8X2+XFX",
        "ground_height": 62.52,
        "bottom_roof_height": 65.32,
        "roof_height": 66.62
      },
      "geometry": {
        "type": "Polygon",
        "coordinates": [
          [
            [
              282032.97221104964,
              6242867.744917825
            ],
            [
              282031.7327789718,
              6242874.985031061
            ],
            [
              282027.63247573364,
              6242874.2915296275
            ],
            [
              282028.8726758377,
              6242867.018143028
            ],
            [
              282032.97221104964,
              6242867.744917825
            ]
          ]
        ]
      }
    },
    {
      "type": "Feature",
      "properties": {
        "osm_id": "917375162",
        "address": "Bellville Cape Town",
        "building": "guardhouse",
        "building:levels": "1",
        "footprint": {
          "type": "Polygon",
          "coordinates": [
            [
              [
                282380.1503400804,
                6242630.007851673
              ],
              [
                282375.8134175725,
                6242621.896212546
              ],
              [
                282380.55138697335,
                6242619.386052961
              ],
              [
                282384.8790671673,
                6242627.4974776115
              ],
              [
                282380.1503400804,
                6242630.007851673
              ]
            ]
          ]
        },
        "plus_code": "CRX2X8XX+X4W",
        "ground_height": 60.58,
        "building_height": 4.1,
        "roof_height": 64.68
      },
      "geometry": {
        "type": "Polygon",
        "coordinates": [
          [
            [
              282380.1503400804,
              6242630.007851673
            ],
            [
              282375.8134175725,
              6242621.896212546
            ],
            [
              282380.55138697335,
              6242619.386052961
            ],
            [
              282384.8790671673,
              6242627.4974776115
            ],
            [
              282380.1503400804,
              6242630.007851673
            ]
          ]
        ]
      }
    },
    {
      "type": "Feature",
      "properties": {
        "osm_id": "917465150",
        "address": null,
        "building": "roof",
        "building:levels": "1",
        "footprint": {
          "type": "Polygon",
          "coordinates": [
            [
              [
                281991.1839877683,
                6242892.951197207
              ],
              [
                281991.8631434813,
                6242889.16050355
              ],
              [
                282004.0076676939,
                6242891.204161087
              ],
              [
                282003.3259668818,
                6242895.105767827
              ],
              [
                281991.1839877683,
                6242892.951197207
              ]
            ]
          ]
        },
        "plus_code": "CPXVXHXX+X4R",
        "ground_height": 62.51,
        "bottom_roof_height": 65.31,
        "roof_height": 66.61
      },
      "geometry": {
        "type": "Polygon",
        "coordinates": [
          [
            [
              281991.1839877683,
              6242892.951197207
            ],
            [
              281991.8631434813,
              6242889.16050355
            ],
            [
              282004.0076676939,
              6242891.204161087
            ],
            [
              282003.3259668818,
              6242895.105767827
            ],
            [
              281991.1839877683,
              6242892.951197207
            ]
          ]
        ]
      }
    },
    {
      "type": "Feature",
      "properties": {
        "osm_id": "917468397",
        "address": null,
        "building": "roof",
        "building:levels": "1",
        "footprint": {
          "type": "Polygon",
          "coordinates": [
            [
              [
                281663.6924197306,
                6242805.938177803
              ],
              [
                281618.02744955884,
                6242798.2171535175
              ],
              [
                281618.8504403255,
                6242793.408851002
              ],
              [
                281664.5153873766,
                6242801.129872519
              ],
              [
                281663.6924197306,
                6242805.938177803
              ]
            ]
          ]
        },
        "plus_code": "CQX3X7XC+XHV",
        "ground_height": 61.33,
        "bottom_roof_height": 64.13,
        "roof_height": 65.43
      },
      "geometry": {
        "type": "Polygon",
        "coordinates": [
          [
            [
              281663.6924197306,
              6242805.938177803
            ],
            [
              281618.02744955884,
              6242798.2171535175
            ],
            [
              281618.8504403255,
              6242793.408851002
            ],
            [
              281664.5153873766,
              6242801.129872519
            ],
            [
              281663.6924197306,
              6242805.938177803
            ]
          ]
        ]
      }
    },
    {
      "type": "Feature",
      "properties": {
        "osm_id": "917468398",
        "address": null,
        "building": "roof",
        "building:levels": "1",
        "footprint": {
          "type": "Polygon",
          "coordinates": [
            [
              [
                281613.3287452551,
                6242826.317872071
              ],
              [
                281614.0559678195,
                6242821.651626948
              ],
              [
                281659.4552926371,
                6242829.666167602
              ],
              [
                281658.8037902947,
                6242833.856981168
              ],
              [
                281613.3287452551,
                6242826.317872071
              ]
            ]
          ]
        },
        "plus_code": "CPXRXMXX+XQW",
        "ground_height": 61.42,
        "bottom_roof_height": 64.22,
        "roof_height": 65.52
      },
      "geometry": {
        "type": "Polygon",
        "coordinates": [
          [
            [
              281613.3287452551,
              6242826.317872071
            ],
            [
              281614.0559678195,
              6242821.651626948
            ],
            [
              281659.4552926371,
              6242829.666167602
            ],
            [
              281658.8037902947,
              6242833.856981168
            ],
            [
              281613.3287452551,
              6242826.317872071
            ]
          ]
        ]
      }
    },
    {
      "type": "Feature",
      "properties": {
        "osm_id": "917468399",
        "address": null,
        "building": "roof",
        "building:levels": "1",
        "footprint": {
          "type": "Polygon",
          "coordinates": [
            [
              [
                281652.9022888029,
                6242818.9951780345
              ],
              [
                281657.32485279604,
                6242819.751751565
              ],
              [
                281656.03773195966,
                6242827.845218677
              ],
              [
                281651.4277085437,
                6242827.195299378
              ],
              [
                281652.9022888029,
                6242818.9951780345
              ]
            ]
          ]
        },
        "plus_code": "CQXPXCX7+XXX",
        "ground_height": 61.35,
        "bottom_roof_height": 64.15,
        "roof_height": 65.45
      },
      "geometry": {
        "type": "Polygon",
        "coordinates": [
          [
            [
              281652.9022888029,
              6242818.9951780345
            ],
            [
              281657.32485279604,
              6242819.751751565
            ],
            [
              281656.03773195966,
              6242827.845218677
            ],
            [
              281651.4277085437,
              6242827.195299378
            ],
            [
              281652.9022888029,
              6242818.9951780345
            ]
          ]
        ]
      }
    },
    {
      "type": "Feature",
      "properties": {
        "osm_id": "917480702",
        "address": null,
        "building": "yes",
        "building:levels": "1",
        "footprint": {
          "type": "Polygon",
          "coordinates": [
            [
              [
                282105.5119891581,
                6242545.68745845
              ],
              [
                282104.50361450366,
                6242552.133896448
              ],
              [
                282098.6510193028,
                6242551.222589291
              ],
              [
                282099.66864271846,
                6242544.776364185
              ],
              [
                282105.5119891581,
                6242545.68745845
              ]
            ]
          ]
        },
        "plus_code": "C4X4X3XM+X9X",
        "ground_height": 61.37,
        "building_height": 4.1,
        "roof_height": 65.47
      },
      "geometry": {
        "type": "Polygon",
        "coordinates": [
          [
            [
              282105.5119891581,
              6242545.68745845
            ],
            [
              282104.50361450366,
              6242552.133896448
            ],
            [
              282098.6510193028,
              6242551.222589291
            ],
            [
              282099.66864271846,
              6242544.776364185
            ],
            [
              282105.5119891581,
              6242545.68745845
            ]
          ]
        ]
      }
    },
    {
      "type": "Feature",
      "properties": {
        "osm_id": "917480703",
        "address": null,
        "building": "yes",
        "building:levels": "1",
        "footprint": {
          "type": "Polygon",
          "coordinates": [
            [
              [
                282072.93397356116,
                6242546.925059249
              ],
              [
                282066.5569801535,
                6242545.890706944
              ],
              [
                282067.6128792367,
                6242539.389877932
              ],
              [
                282073.9901232161,
                6242540.413138503
              ],
              [
                282072.93397356116,
                6242546.925059249
              ]
            ]
          ]
        },
        "plus_code": "C2XGX7XF+XHR",
        "ground_height": 61.16,
        "building_height": 4.1,
        "roof_height": 65.26
      },
      "geometry": {
        "type": "Polygon",
        "coordinates": [
          [
            [
              282072.93397356116,
              6242546.925059249
            ],
            [
              282066.5569801535,
              6242545.890706944
            ],
            [
              282067.6128792367,
              6242539.389877932
            ],
            [
              282073.9901232161,
              6242540.413138503
            ],
            [
              282072.93397356116,
              6242546.925059249
            ]
          ]
        ]
      }
    },
    {
      "type": "Feature",
      "properties": {
        "osm_id": "917493173",
        "address": null,
        "building": "roof",
        "building:levels": "1",
        "footprint": {
          "type": "Polygon",
          "coordinates": [
            [
              [
                281746.1384866013,
                6242760.074250313
              ],
              [
                281746.72891529603,
                6242756.525661378
              ],
              [
                281771.88996828464,
                6242760.888924779
              ],
              [
                281772.4502096073,
                6242758.249604927
              ],
              [
                281776.15546900965,
                6242758.823158172
              ],
              [
                281775.7203191784,
                6242761.654008451
              ],
              [
                281818.3507199352,
                6242768.993731374
              ],
              [
                281822.52807725745,
                6242745.031284654
              ],
              [
                281825.706623876,
                6242745.581601522
              ],
              [
                281821.6227455593,
                6242769.501811556
              ],
              [
                281822.39754004695,
                6242769.597319989
              ],
              [
                281821.79712896445,
                6242773.1789732
              ],
              [
                281775.38544305996,
                6242765.3527427865
              ],
              [
                281774.6986905507,
                6242768.666075995
              ],
              [
                281770.8478045821,
                6242767.989296538
              ],
              [
                281771.3162520729,
                6242764.515579151
              ],
              [
                281746.1384866013,
                6242760.074250313
              ]
            ]
          ]
        },
        "plus_code": "C4XPXWX7+XFW",
        "ground_height": 61.04,
        "bottom_roof_height": 63.84,
        "roof_height": 65.14
      },
      "geometry": {
        "type": "Polygon",
        "coordinates": [
          [
            [
              281746.1384866013,
              6242760.074250313
            ],
            [
              281746.72891529603,
              6242756.525661378
            ],
            [
              281771.88996828464,
              6242760.888924779
            ],
            [
              281772.4502096073,
              6242758.249604927
            ],
            [
              281776.15546900965,
              6242758.823158172
            ],
            [
              281775.7203191784,
              6242761.654008451
            ],
            [
              281818.3507199352,
              6242768.993731374
            ],
            [
              281822.52807725745,
              6242745.031284654
            ],
            [
              281825.706623876,
              6242745.581601522
            ],
            [
              281821.6227455593,
              6242769.501811556
            ],
            [
              281822.39754004695,
              6242769.597319989
            ],
            [
              281821.79712896445,
              6242773.1789732
            ],
            [
              281775.38544305996,
              6242765.3527427865
            ],
            [
              281774.6986905507,
              6242768.666075995
            ],
            [
              281770.8478045821,
              6242767.989296538
            ],
            [
              281771.3162520729,
              6242764.515579151
            ],
            [
              281746.1384866013,
              6242760.074250313
            ]
          ]
        ]
      }
    },
    {
      "type": "Feature",
      "properties": {
        "osm_id": "917493176",
        "address": null,
        "building": "roof",
        "building:levels": "1",
        "footprint": {
          "type": "Polygon",
          "coordinates": [
            [
              [
                281825.2140476245,
                6242736.437331557
              ],
              [
                281827.46424567146,
                6242722.662089406
              ],
              [
                281830.34510208643,
                6242722.883738602
              ],
              [
                281828.19921246753,
                6242736.94990659
              ],
              [
                281825.2140476245,
                6242736.437331557
              ]
            ]
          ]
        },
        "plus_code": "C8X9XRX8+XFR",
        "ground_height": 61.07,
        "bottom_roof_height": 63.87,
        "roof_height": 65.17
      },
      "geometry": {
        "type": "Polygon",
        "coordinates": [
          [
            [
              281825.2140476245,
              6242736.437331557
            ],
            [
              281827.46424567146,
              6242722.662089406
            ],
            [
              281830.34510208643,
              6242722.883738602
            ],
            [
              281828.19921246753,
              6242736.94990659
            ],
            [
              281825.2140476245,
              6242736.437331557
            ]
          ]
        ]
      }
    },
    {
      "type": "Feature",
      "properties": {
        "osm_id": "921758338",
        "address": null,
        "building": "yes",
        "building:levels": "1",
        "footprint": {
          "type": "Polygon",
          "coordinates": [
            [
              [
                281733.26739582705,
                6243022.269530537
              ],
              [
                281743.6200478425,
                6243022.596599832
              ],
              [
                281743.4533261363,
                6243027.830607238
              ],
              [
                281733.1096583609,
                6243027.5148421135
              ],
              [
                281733.26739582705,
                6243022.269530537
              ]
            ]
          ]
        },
        "plus_code": "C3XWX9X7+X3V",
        "ground_height": 61.89,
        "building_height": 4.1,
        "roof_height": 65.99
      },
      "geometry": {
        "type": "Polygon",
        "coordinates": [
          [
            [
              281733.26739582705,
              6243022.269530537
            ],
            [
              281743.6200478425,
              6243022.596599832
            ],
            [
              281743.4533261363,
              6243027.830607238
            ],
            [
              281733.1096583609,
              6243027.5148421135
            ],
            [
              281733.26739582705,
              6243022.269530537
            ]
          ]
        ]
      }
    },
    {
      "type": "Feature",
      "properties": {
        "osm_id": "921775955",
        "address": null,
        "building": "yes",
        "building:levels": "1",
        "footprint": {
          "type": "Polygon",
          "coordinates": [
            [
              [
                281886.679037986,
                6243257.229847267
              ],
              [
                281860.8422941406,
                6243258.45549226
              ],
              [
                281858.9426074517,
                6243189.032629123
              ],
              [
                281868.150387487,
                6243183.240896596
              ],
              [
                281872.9832657157,
                6243190.698354036
              ],
              [
                281863.63042250654,
                6243196.764182491
              ],
              [
                281866.2617849915,
                6243252.476741253
              ],
              [
                281886.41260350007,
                6243251.519803492
              ],
              [
                281886.679037986,
                6243257.229847267
              ]
            ]
          ]
        },
        "plus_code": "CCX4XCX7+X9V",
        "ground_height": 62.58,
        "building_height": 4.1,
        "roof_height": 66.68
      },
      "geometry": {
        "type": "Polygon",
        "coordinates": [
          [
            [
              281886.679037986,
              6243257.229847267
            ],
            [
              281860.8422941406,
              6243258.45549226
            ],
            [
              281858.9426074517,
              6243189.032629123
            ],
            [
              281868.150387487,
              6243183.240896596
            ],
            [
              281872.9832657157,
              6243190.698354036
            ],
            [
              281863.63042250654,
              6243196.764182491
            ],
            [
              281866.2617849915,
              6243252.476741253
            ],
            [
              281886.41260350007,
              6243251.519803492
            ],
            [
              281886.679037986,
              6243257.229847267
            ]
          ]
        ]
      }
    },
    {
      "type": "Feature",
      "properties": {
        "osm_id": "968448456",
        "address": null,
        "building": "service",
        "building:levels": "1",
        "footprint": {
          "type": "Polygon",
          "coordinates": [
            [
              [
                282208.20300101826,
                6243133.984568307
              ],
              [
                282210.51724242046,
                6243119.411759127
              ],
              [
                282215.57739240245,
                6243120.204896554
              ],
              [
                282213.26315877796,
                6243134.777706569
              ],
              [
                282208.20300101826,
                6243133.984568307
              ]
            ]
          ]
        },
        "plus_code": "C9XHXVXR+X3W",
        "ground_height": 62.6,
        "building_height": 4.1,
        "roof_height": 66.7
      },
      "geometry": {
        "type": "Polygon",
        "coordinates": [
          [
            [
              282208.20300101826,
              6243133.984568307
            ],
            [
              282210.51724242046,
              6243119.411759127
            ],
            [
              282215.57739240245,
              6243120.204896554
            ],
            [
              282213.26315877796,
              6243134.777706569
            ],
            [
              282208.20300101826,
              6243133.984568307
            ]
          ]
        ]
      }
    },
    {
      "type": "Feature",
      "properties": {
        "osm_id": "1055352559",
        "address": null,
        "building": "bridge",
        "building:levels": "2",
        "footprint": {
          "type": "Polygon",
          "coordinates": [
            [
              [
                282069.7179382432,
                6242797.912088437
              ],
              [
                282074.2519612461,
                6242798.648833886
              ],
              [
                282068.4399960907,
                6242833.792946484
              ],
              [
                282063.73310433625,
                6242832.93015802
              ],
              [
                282069.7179382432,
                6242797.912088437
              ]
            ]
          ]
        },
        "plus_code": "C2XFX2XQ+XXW",
        "ground_height": 62.81,
        "bottom_bridge_height": 66.11,
        "building_height": 5.6,
        "roof_height": 68.41
      },
      "geometry": {
        "type": "Polygon",
        "coordinates": [
          [
            [
              282069.7179382432,
              6242797.912088437
            ],
            [
              282074.2519612461,
              6242798.648833886
            ],
            [
              282068.4399960907,
              6242833.792946484
            ],
            [
              282063.73310433625,
              6242832.93015802
            ],
            [
              282069.7179382432,
              6242797.912088437
            ]
          ]
        ]
      }
    },
    {
      "type": "Feature",
      "properties": {
        "osm_id": "1055352560",
        "address": null,
        "building": "bridge",
        "building:levels": "3",
        "footprint": {
          "type": "Polygon",
          "coordinates": [
            [
              [
                282203.9126109282,
                6242822.202060352
              ],
              [
                282209.5802252634,
                6242823.120137433
              ],
              [
                282207.20027591346,
                6242837.735827357
              ],
              [
                282201.53265284526,
                6242836.817749305
              ],
              [
                282203.9126109282,
                6242822.202060352
              ]
            ]
          ]
        },
        "plus_code": "C9X7XHX4+XHW",
        "ground_height": 63.43,
        "bottom_bridge_height": 66.73,
        "building_height": 8.4,
        "roof_height": 71.83
      },
      "geometry": {
        "type": "Polygon",
        "coordinates": [
          [
            [
              282203.9126109282,
              6242822.202060352
            ],
            [
              282209.5802252634,
              6242823.120137433
            ],
            [
              282207.20027591346,
              6242837.735827357
            ],
            [
              282201.53265284526,
              6242836.817749305
            ],
            [
              282203.9126109282,
              6242822.202060352
            ]
          ]
        ]
      }
    },
    {
      "type": "Feature",
      "properties": {
        "osm_id": "1057984565",
        "address": null,
        "building": "garage",
        "building:levels": "1",
        "footprint": {
          "type": "Polygon",
          "coordinates": [
            [
              [
                282105.06059653574,
                6243153.409816746
              ],
              [
                282104.42844447074,
                6243148.312821493
              ],
              [
                282104.2550485939,
                6243146.5998844905
              ],
              [
                282115.7844996493,
                6243145.2335282145
              ],
              [
                282116.5993009426,
                6243152.043671519
              ],
              [
                282105.06059653574,
                6243153.409816746
              ]
            ]
          ]
        },
        "plus_code": "C4XGXGX9+X5W",
        "ground_height": 62.11,
        "building_height": 4.1,
        "roof_height": 66.21
      },
      "geometry": {
        "type": "Polygon",
        "coordinates": [
          [
            [
              282105.06059653574,
              6243153.409816746
            ],
            [
              282104.42844447074,
              6243148.312821493
            ],
            [
              282104.2550485939,
              6243146.5998844905
            ],
            [
              282115.7844996493,
              6243145.2335282145
            ],
            [
              282116.5993009426,
              6243152.043671519
            ],
            [
              282105.06059653574,
              6243153.409816746
            ]
          ]
        ]
      }
    },
    {
      "type": "Feature",
      "properties": {
        "osm_id": "1057984566",
        "address": null,
        "building": "roof",
        "building:levels": "1",
        "footprint": {
          "type": "Polygon",
          "coordinates": [
            [
              [
                282105.06059653574,
                6243153.409816746
              ],
              [
                282093.65030356764,
                6243154.823287368
              ],
              [
                282093.1665486429,
                6243150.917090285
              ],
              [
                282098.3615414946,
                6243150.27076564
              ],
              [
                282098.2131496244,
                6243149.079966526
              ],
              [
                282104.42844447074,
                6243148.312821493
              ],
              [
                282105.06059653574,
                6243153.409816746
              ]
            ]
          ]
        },
        "plus_code": "C3XXX4X7+X9W",
        "ground_height": 62.11,
        "bottom_roof_height": 64.91,
        "roof_height": 66.21
      },
      "geometry": {
        "type": "Polygon",
        "coordinates": [
          [
            [
              282105.06059653574,
              6243153.409816746
            ],
            [
              282093.65030356764,
              6243154.823287368
            ],
            [
              282093.1665486429,
              6243150.917090285
            ],
            [
              282098.3615414946,
              6243150.27076564
            ],
            [
              282098.2131496244,
              6243149.079966526
            ],
            [
              282104.42844447074,
              6243148.312821493
            ],
            [
              282105.06059653574,
              6243153.409816746
            ]
          ]
        ]
      }
    },
    {
      "type": "Feature",
      "properties": {
        "osm_id": "1057984567",
        "address": null,
        "building": "garage",
        "building:levels": "1",
        "footprint": {
          "type": "Polygon",
          "coordinates": [
            [
              [
                282053.3679107574,
                6243066.574465933
              ],
              [
                282046.35134605906,
                6243070.008655805
              ],
              [
                282042.2941128814,
                6243061.803418837
              ],
              [
                282049.31991877896,
                6243058.369444655
              ],
              [
                282053.3679107574,
                6243066.574465933
              ]
            ]
          ]
        },
        "plus_code": "CVX9XRXJ+XWW",
        "ground_height": 62.35,
        "building_height": 4.1,
        "roof_height": 66.45
      },
      "geometry": {
        "type": "Polygon",
        "coordinates": [
          [
            [
              282053.3679107574,
              6243066.574465933
            ],
            [
              282046.35134605906,
              6243070.008655805
            ],
            [
              282042.2941128814,
              6243061.803418837
            ],
            [
              282049.31991877896,
              6243058.369444655
            ],
            [
              282053.3679107574,
              6243066.574465933
            ]
          ]
        ]
      }
    },
    {
      "type": "Feature",
      "properties": {
        "osm_id": "1057984568",
        "address": null,
        "building": "roof",
        "building:levels": "1",
        "footprint": {
          "type": "Polygon",
          "coordinates": [
            [
              [
                282103.6934541632,
                6243132.393794684
              ],
              [
                282097.43232473824,
                6243113.418150431
              ],
              [
                282105.2241182928,
                6243110.867308974
              ],
              [
                282111.48526072403,
                6243129.842947453
              ],
              [
                282103.6934541632,
                6243132.393794684
              ]
            ]
          ]
        },
        "plus_code": "C4X6XFX5+XGV",
        "ground_height": 61.99,
        "bottom_roof_height": 64.79,
        "roof_height": 66.09
      },
      "geometry": {
        "type": "Polygon",
        "coordinates": [
          [
            [
              282103.6934541632,
              6243132.393794684
            ],
            [
              282097.43232473824,
              6243113.418150431
            ],
            [
              282105.2241182928,
              6243110.867308974
            ],
            [
              282111.48526072403,
              6243129.842947453
            ],
            [
              282103.6934541632,
              6243132.393794684
            ]
          ]
        ]
      }
    },
    {
      "type": "Feature",
      "properties": {
        "osm_id": "1057984569",
        "address": null,
        "building": "roof",
        "building:levels": "1",
        "footprint": {
          "type": "Polygon",
          "coordinates": [
            [
              [
                282094.4049526413,
                6243113.126642111
              ],
              [
                282090.86296207685,
                6243104.234153656
              ],
              [
                282099.04011012206,
                6243101.015250093
              ],
              [
                282102.58210662147,
                6243109.907735208
              ],
              [
                282094.4049526413,
                6243113.126642111
              ]
            ]
          ]
        },
        "plus_code": "C3XRXPXF+X2V",
        "ground_height": 62.23,
        "bottom_roof_height": 65.03,
        "roof_height": 66.33
      },
      "geometry": {
        "type": "Polygon",
        "coordinates": [
          [
            [
              282094.4049526413,
              6243113.126642111
            ],
            [
              282090.86296207685,
              6243104.234153656
            ],
            [
              282099.04011012206,
              6243101.015250093
            ],
            [
              282102.58210662147,
              6243109.907735208
            ],
            [
              282094.4049526413,
              6243113.126642111
            ]
          ]
        ]
      }
    },
    {
      "type": "Feature",
      "properties": {
        "osm_id": "1058650680",
        "address": null,
        "building": "roof",
        "building:levels": "1",
        "footprint": {
          "type": "Polygon",
          "coordinates": [
            [
              [
                282139.4109508711,
                6242849.661468544
              ],
              [
                282139.89087284997,
                6242846.487628395
              ],
              [
                282146.58783064823,
                6242847.69572345
              ],
              [
                282146.0339503087,
                6242850.867864512
              ],
              [
                282139.4109508711,
                6242849.661468544
              ]
            ]
          ]
        },
        "plus_code": "C6X4XXXQ+X5R",
        "ground_height": 63.45,
        "bottom_roof_height": 66.25,
        "roof_height": 67.55
      },
      "geometry": {
        "type": "Polygon",
        "coordinates": [
          [
            [
              282139.4109508711,
              6242849.661468544
            ],
            [
              282139.89087284997,
              6242846.487628395
            ],
            [
              282146.58783064823,
              6242847.69572345
            ],
            [
              282146.0339503087,
              6242850.867864512
            ],
            [
              282139.4109508711,
              6242849.661468544
            ]
          ]
        ]
      }
    },
    {
      "type": "Feature",
      "properties": {
        "osm_id": "1058909027",
        "address": null,
        "building": "roof",
        "building:levels": "1",
        "footprint": {
          "type": "Polygon",
          "coordinates": [
            [
              [
                282075.70658792567,
                6242910.430097623
              ],
              [
                282076.24837602256,
                6242906.98025351
              ],
              [
                282086.98658457684,
                6242908.6363735385
              ],
              [
                282086.45481021365,
                6242912.053156802
              ],
              [
                282075.70658792567,
                6242910.430097623
              ]
            ]
          ]
        },
        "plus_code": "C3X3X8XW+XVX",
        "ground_height": 63.13,
        "bottom_roof_height": 65.93,
        "roof_height": 67.23
      },
      "geometry": {
        "type": "Polygon",
        "coordinates": [
          [
            [
              282075.70658792567,
              6242910.430097623
            ],
            [
              282076.24837602256,
              6242906.98025351
            ],
            [
              282086.98658457684,
              6242908.6363735385
            ],
            [
              282086.45481021365,
              6242912.053156802
            ],
            [
              282075.70658792567,
              6242910.430097623
            ]
          ]
        ]
      }
    },
    {
      "type": "Feature",
      "properties": {
        "osm_id": "1058911316",
        "address": null,
        "building": "roof",
        "building:levels": "1",
        "footprint": {
          "type": "Polygon",
          "coordinates": [
            [
              [
                281996.2140685724,
                6242861.251433117
              ],
              [
                281996.9709420962,
                6242856.896573458
              ],
              [
                282009.0142389933,
                6242858.915706076
              ],
              [
                282008.25482107786,
                6242863.381478879
              ],
              [
                281996.2140685724,
                6242861.251433117
              ]
            ]
          ]
        },
        "plus_code": "CQX4XJX8+XGW",
        "ground_height": 62.25,
        "bottom_roof_height": 65.05,
        "roof_height": 66.35
      },
      "geometry": {
        "type": "Polygon",
        "coordinates": [
          [
            [
              281996.2140685724,
              6242861.251433117
            ],
            [
              281996.9709420962,
              6242856.896573458
            ],
            [
              282009.0142389933,
              6242858.915706076
            ],
            [
              282008.25482107786,
              6242863.381478879
            ],
            [
              281996.2140685724,
              6242861.251433117
            ]
          ]
        ]
      }
    },
    {
      "type": "Feature",
      "properties": {
        "osm_id": "1076825392",
        "address": null,
        "building": "roof",
        "building:levels": "1",
        "footprint": {
          "type": "Polygon",
          "coordinates": [
            [
              [
                281653.7901830259,
                6242813.777774237
              ],
              [
                281655.22573676973,
                6242805.66553107
              ],
              [
                281659.54736515414,
                6242806.386488268
              ],
              [
                281658.21299999463,
                6242814.523256222
              ],
              [
                281653.7901830259,
                6242813.777774237
              ]
            ]
          ]
        },
        "plus_code": "CQXRXMXV+X3X",
        "ground_height": 61.26,
        "bottom_roof_height": 64.06,
        "roof_height": 65.36
      },
      "geometry": {
        "type": "Polygon",
        "coordinates": [
          [
            [
              281653.7901830259,
              6242813.777774237
            ],
            [
              281655.22573676973,
              6242805.66553107
            ],
            [
              281659.54736515414,
              6242806.386488268
            ],
            [
              281658.21299999463,
              6242814.523256222
            ],
            [
              281653.7901830259,
              6242813.777774237
            ]
          ]
        ]
      }
    },
    {
      "type": "Feature",
      "properties": {
        "osm_id": "1076825393",
        "address": null,
        "building": "guardhouse",
        "building:levels": "1",
        "footprint": {
          "type": "Polygon",
          "coordinates": [
            [
              [
                281652.9022888029,
                6242818.9951780345
              ],
              [
                281653.7901830259,
                6242813.777774237
              ],
              [
                281658.21299999463,
                6242814.523256222
              ],
              [
                281657.32485279604,
                6242819.751751565
              ],
              [
                281652.9022888029,
                6242818.9951780345
              ]
            ]
          ]
        },
        "plus_code": "CQXQXHX5+X5X",
        "ground_height": 61.35,
        "building_height": 4.1,
        "roof_height": 65.45
      },
      "geometry": {
        "type": "Polygon",
        "coordinates": [
          [
            [
              281652.9022888029,
              6242818.9951780345
            ],
            [
              281653.7901830259,
              6242813.777774237
            ],
            [
              281658.21299999463,
              6242814.523256222
            ],
            [
              281657.32485279604,
              6242819.751751565
            ],
            [
              281652.9022888029,
              6242818.9951780345
            ]
          ]
        ]
      }
    },
    {
      "type": "Feature",
      "properties": {
        "osm_id": "1135080430",
        "address": null,
        "building": "bandstand",
        "building:levels": "1",
        "footprint": {
          "type": "Polygon",
          "coordinates": [
            [
              [
                281928.5353028138,
                6243063.016472479
              ],
              [
                281925.9393532825,
                6243062.468499705
              ],
              [
                281924.4363933444,
                6243060.247804169
              ],
              [
                281925.0001721728,
                6243057.453200227
              ],
              [
                281927.6379515489,
                6243056.182208903
              ],
              [
                281930.3045458314,
                6243056.876068415
              ],
              [
                281931.4612867635,
                6243058.866858781
              ],
              [
                281930.82463071286,
                6243062.014894599
              ],
              [
                281928.5353028138,
                6243063.016472479
              ]
            ]
          ]
        },
        "plus_code": "CHX9XWXX+XFV",
        "ground_height": 62.95,
        "building_height": 4.1,
        "roof_height": 67.05
      },
      "geometry": {
        "type": "Polygon",
        "coordinates": [
          [
            [
              281928.5353028138,
              6243063.016472479
            ],
            [
              281925.9393532825,
              6243062.468499705
            ],
            [
              281924.4363933444,
              6243060.247804169
            ],
            [
              281925.0001721728,
              6243057.453200227
            ],
            [
              281927.6379515489,
              6243056.182208903
            ],
            [
              281930.3045458314,
              6243056.876068415
            ],
            [
              281931.4612867635,
              6243058.866858781
            ],
            [
              281930.82463071286,
              6243062.014894599
            ],
            [
              281928.5353028138,
              6243063.016472479
            ]
          ]
        ]
      }
    }
  ]
}